model,cost,arch,time_in_gp,pivot_type,protocol,train_seed,eval_seed,delay_h,yield_kg,yield_gated,delta_vs_recipe,delta_gated,recipe_yield_kg,final_P,max_viscosity,visc_exceed,max_Wt,wt_overflow,violation,paa_frac_out_of_band,pivot_h
SP +time,ConcCost,single,+time,-,5 expl,4,700000,0.0,3928.82405166702,3928.82405166702,461.49514940219524,461.49514940219524,3467.3289022648246,29.14983658170652,85.88408265044282,False,110147.70123795104,False,0,0.0113043478260869,55.0
SP -time,ConcCost,single,-time,-,5 expl,4,700000,0.0,3400.9905370909755,3400.9905370909755,-66.33836517384907,-66.33836517384907,3467.3289022648246,26.566742064872617,86.46311585451994,False,104119.577183142,False,0,0.0113043478260869,55.0
SP +time,ConcCost,single,+time,-,5 expl,4,700001,0.0,4076.720828274182,4076.720828274182,502.8216175873313,502.8216175873313,3573.899210686851,29.81680333131186,76.06177127596811,False,113255.84119613437,False,0,0.0191304347826086,60.0
SP -time,ConcCost,single,-time,-,5 expl,4,700001,0.0,3842.837385666146,3842.837385666146,268.9381749792951,268.9381749792951,3573.899210686851,28.66119195292454,74.29173305283679,False,109861.69137091322,False,0,0.0191304347826086,55.0
SP +time,ConcCost,single,+time,-,5 expl,4,700002,0.0,3456.767520363879,3456.767520363879,-239.850702922673,-239.850702922673,3696.618223286552,25.831975672435952,98.2651879549562,False,105049.01906199096,False,0,0.0,55.0
SP -time,ConcCost,single,-time,-,5 expl,4,700002,0.0,3664.5658461661633,3664.5658461661633,-32.05237712038888,-32.05237712038888,3696.618223286552,29.55263996851603,94.50995856951135,False,99094.33500097862,False,0,0.0,55.0
SP +time,ConcCost,single,+time,-,5 expl,4,700003,0.0,4086.0617633424745,4086.0617633424745,559.4731631930526,559.4731631930526,3526.588600149422,29.430061965174698,79.83623716275693,False,114081.8289023311,False,0,0.0208695652173913,65.0
SP -time,ConcCost,single,-time,-,5 expl,4,700003,0.0,3822.215920639996,3822.215920639996,295.6273204905742,295.6273204905742,3526.588600149422,28.18605151537437,77.69609106727215,False,109996.13531015994,False,0,0.02,60.0
SP +time,ConcCost,single,+time,-,5 expl,4,700004,0.0,3602.2350470146557,3602.2350470146557,387.72844025735776,387.72844025735776,3214.506606757298,26.231671749720533,84.49545427241164,False,111466.80521781108,False,0,0.0243478260869565,55.0
SP -time,ConcCost,single,-time,-,5 expl,4,700004,0.0,3104.4672264207416,3104.4672264207416,-110.0393803365564,-110.0393803365564,3214.506606757298,23.872680371193947,85.27449390303615,False,104978.6701082376,False,0,0.0234782608695652,55.0
SP +time,ConcCost,single,+time,-,5 expl,4,700005,0.0,4798.278597520074,4798.278597520074,676.2837267805744,676.2837267805744,4121.9948707395,36.10150143771636,90.23530632835008,False,109470.04120520526,False,0,0.0,55.0
SP -time,ConcCost,single,-time,-,5 expl,4,700005,0.0,4265.553021622783,4265.553021622783,143.5581508832829,143.5581508832829,4121.9948707395,33.41375420468065,89.48824141339003,False,104245.29482768134,False,0,0.0,55.0
SP +time,ConcCost,single,+time,-,5 expl,4,700006,0.0,4598.994822606385,4598.994822606385,613.2366138672965,613.2366138672965,3985.758208739089,33.55547710227922,88.47428274025339,False,110128.8444704144,False,0,0.0,55.0
SP -time,ConcCost,single,-time,-,5 expl,4,700006,0.0,4023.714878048895,4023.714878048895,37.95666930980633,37.95666930980633,3985.758208739089,30.63290766060196,89.22010344084742,False,105474.0375499926,False,0,0.0,55.0
SP +time,ConcCost,single,+time,-,5 expl,4,700007,0.0,3769.417430333322,3769.417430333322,414.2181234915379,414.2181234915379,3355.199306841784,27.535232701570784,85.33620356820616,False,110622.93966338474,False,0,0.0,55.0
SP -time,ConcCost,single,-time,-,5 expl,4,700007,0.0,3261.032546540442,3261.032546540442,-94.16676030134204,-94.16676030134204,3355.199306841784,25.0902078739934,86.17748220909384,False,104647.55722740128,False,0,0.0,55.0
SP +time,ConcCost,single,+time,-,5 expl,4,700008,0.0,3786.563109493653,3786.563109493653,482.7351141197337,482.7351141197337,3303.8279953739193,26.85023405567104,78.4301471191229,False,114012.69950092114,False,0,0.0243478260869565,65.0
SP -time,ConcCost,single,-time,-,5 expl,4,700008,0.0,3571.079963041236,3571.079963041236,267.2519676673169,267.2519676673169,3303.8279953739193,25.909335870362185,76.44359239441184,False,110100.76108982756,False,0,0.0234782608695652,60.0
SP +time,ConcCost,single,+time,-,5 expl,4,700009,0.0,3911.0170078152487,3911.0170078152487,522.2267043965026,522.2267043965026,3388.790303418746,27.683308194067717,80.08500476684536,False,115108.9921966972,False,0,0.0104347826086956,65.0
SP -time,ConcCost,single,-time,-,5 expl,4,700009,0.0,3669.4337437167023,3669.4337437167023,280.6434402979562,280.6434402979562,3388.790303418746,26.56015751303291,77.78627108556812,False,111237.5830508038,False,0,0.0095652173913043,60.0
SP +time,ConcCost,single,+time,-,5 expl,4,700000,20.0,3800.793371283424,3800.793371283424,552.4829300909964,552.4829300909964,3248.310441192428,29.005282359343067,82.56262514049654,False,107603.41530546977,False,0,0.0121739130434782,65.0
SP -time,ConcCost,single,-time,-,5 expl,4,700000,20.0,3606.4982312580314,3606.4982312580314,358.1877900656036,358.1877900656036,3248.310441192428,28.13846740574947,80.54033705218102,False,103988.6857426162,False,0,0.0113043478260869,65.0
SP +time,ConcCost,single,+time,-,5 expl,4,700001,20.0,3946.9711835628223,3946.9711835628223,546.1168903857088,546.1168903857088,3400.8542931771135,29.827339452892595,74.5902351789147,False,110896.9346630244,False,0,0.0191304347826086,75.0
SP -time,ConcCost,single,-time,-,5 expl,4,700001,20.0,3740.939837371053,3740.939837371053,340.0855441939393,340.0855441939393,3400.8542931771135,28.82131284271485,72.53431902390517,False,107585.21145830592,False,0,0.0191304347826086,75.0
SP +time,ConcCost,single,+time,-,5 expl,4,700002,20.0,3329.0143037705657,3329.0143037705657,-257.87595836805576,-257.87595836805576,3586.8902621386214,24.782817972990177,93.78357222296752,False,103127.4456550541,False,0,0.0,70.0
SP -time,ConcCost,single,-time,-,5 expl,4,700002,20.0,3965.4907706737295,3965.4907706737295,378.600508535108,378.600508535108,3586.8902621386214,31.726905944468765,87.39063106715544,False,99100.92118522109,False,0,0.0,70.0
SP +time,ConcCost,single,+time,-,5 expl,4,700003,20.0,3936.6457599303617,3936.6457599303617,603.153604433172,603.153604433172,3333.4921554971897,29.34010590568848,77.16224288515568,False,111117.85132921312,False,0,0.0217391304347826,75.0
SP -time,ConcCost,single,-time,-,5 expl,4,700003,20.0,3706.5017626901968,3706.5017626901968,373.009607193007,373.009607193007,3333.4921554971897,28.26032366918128,75.35417191386169,False,107515.41797913217,False,0,0.0208695652173913,75.0
SP +time,ConcCost,single,+time,-,5 expl,4,700004,20.0,3491.954037602178,3491.954037602178,471.0688850898109,471.0688850898109,3020.885152512367,26.09902346580999,80.49356532056746,False,109020.05723965852,False,0,0.0243478260869565,65.0
SP -time,ConcCost,single,-time,-,5 expl,4,700004,20.0,3309.239415995856,3309.239415995856,288.3542634834889,288.3542634834889,3020.885152512367,25.33021871620831,78.78378171478732,False,105083.86715238023,False,0,0.0243478260869565,65.0
SP +time,ConcCost,single,+time,-,5 expl,4,700005,20.0,4131.263608020414,4131.263608020414,252.9155665254666,252.9155665254666,3878.348041494947,30.89481886872032,86.0013756686307,False,106834.072485172,False,0,0.0,70.0
SP -time,ConcCost,single,-time,-,5 expl,4,700005,20.0,4410.693105404023,4410.693105404023,532.3450639090761,532.3450639090761,3878.348041494947,34.925548466220185,84.2948254500391,False,103022.27329160176,False,0,0.0,70.0
SP +time,ConcCost,single,+time,-,5 expl,4,700006,20.0,4418.081772094819,4418.081772094819,694.2372244988983,694.2372244988983,3723.8445475959206,33.11126637335235,84.39257868213858,False,107695.85483342044,False,0,0.0,65.0
SP -time,ConcCost,single,-time,-,5 expl,4,700006,20.0,4258.781252497318,4258.781252497318,534.9367049013972,534.9367049013972,3723.8445475959206,32.49875608741712,83.53485908414437,False,104647.64970793037,False,0,0.0,65.0
SP +time,ConcCost,single,+time,-,5 expl,4,700007,20.0,3640.456171810548,3640.456171810548,517.3368550554142,517.3368550554142,3123.1193167551337,27.289958631651864,80.73382475711016,False,108188.38421066431,False,0,0.0,70.0
SP -time,ConcCost,single,-time,-,5 expl,4,700007,20.0,3475.0027189261473,3475.0027189261473,351.8834021710136,351.8834021710136,3123.1193167551337,26.641717518480498,79.72806037336274,False,104531.96314274326,False,0,0.0,65.0
SP +time,ConcCost,single,+time,-,5 expl,4,700008,20.0,3616.481953466463,3616.481953466463,509.2808037824361,509.2808037824361,3107.201149684027,26.533127503493507,76.04977301043667,False,111187.57315130948,False,0,0.0243478260869565,75.0
SP -time,ConcCost,single,-time,-,5 expl,4,700008,20.0,3425.012629998333,3425.012629998333,317.8114803143062,317.8114803143062,3107.201149684027,25.67008336704936,74.45588316353214,False,107692.8651546216,False,0,0.0243478260869565,75.0
SP +time,ConcCost,single,+time,-,5 expl,4,700009,20.0,3742.33342053521,3742.33342053521,551.7150829192096,551.7150829192096,3190.618337616,27.396131878499112,77.4738832971816,False,112164.2331976282,False,0,0.0104347826086956,75.0
SP -time,ConcCost,single,-time,-,5 expl,4,700009,20.0,3541.1625143262972,3541.1625143262972,350.54417671029705,350.54417671029705,3190.618337616,26.514728181702328,75.93001465181787,False,108477.06266392228,False,0,0.0104347826086956,75.0
SP +time,ConcCost,single,+time,-,5 expl,4,700000,40.0,3515.106252571347,3515.106252571347,497.924640465259,497.924640465259,3017.181612106088,28.15448758965356,76.32230786264302,False,103150.69090276762,False,0,0.0121739130434782,90.0
SP -time,ConcCost,single,-time,-,5 expl,4,700000,40.0,3470.0855292674546,3470.0855292674546,452.90391716136673,452.90391716136673,3017.181612106088,27.945677348628912,76.47923123937433,False,101919.11239113715,False,0,0.0113043478260869,85.0
SP +time,ConcCost,single,+time,-,5 expl,4,700001,40.0,3748.8753391373857,3748.8753391373857,531.5363180976115,531.5363180976115,3217.3390210397743,29.65317626265208,69.88788657397828,False,106841.47346593945,False,0,0.0191304347826086,95.0
SP -time,ConcCost,single,-time,-,5 expl,4,700001,40.0,3690.880527069985,3690.880527069985,473.5415060302107,473.5415060302107,3217.3390210397743,29.311685412097873,69.19683896195643,False,105587.72389333836,False,0,0.0191304347826086,95.0
SP +time,ConcCost,single,+time,-,5 expl,4,700002,40.0,3076.0244084761907,3076.0244084761907,-269.01924257753217,-269.01924257753217,3345.043651053723,23.126765052834244,90.82312930648266,False,99768.74885101394,False,0,0.0,90.0
SP -time,ConcCost,single,-time,-,5 expl,4,700002,40.0,3407.2939892262175,3407.2939892262175,62.250338172494594,62.250338172494594,3345.043651053723,26.99478160219668,86.09932337933238,False,97611.12859439677,False,0,0.0,85.0
SP +time,ConcCost,single,+time,-,5 expl,4,700003,40.0,3652.2415201165745,3652.2415201165745,512.9915898800255,512.9915898800255,3139.249930236549,28.555089297680716,74.22257364824726,False,106478.60838341196,False,0,0.0217391304347826,95.0
SP -time,ConcCost,single,-time,-,5 expl,4,700003,40.0,3597.022567905752,3597.022567905752,457.77263766920305,457.77263766920305,3139.249930236549,28.25642479436413,72.98358428632305,False,105149.04024421,False,0,0.0208695652173913,90.0
SP +time,ConcCost,single,+time,-,5 expl,4,700004,40.0,3222.6167771746605,3222.6167771746605,425.26118660155544,425.26118660155544,2797.355590573105,25.302513367372725,73.5707846150383,False,104240.88466516952,False,0,0.0243478260869565,90.0
SP -time,ConcCost,single,-time,-,5 expl,4,700004,40.0,3170.7448841603095,3170.7448841603095,373.3892935872045,373.3892935872045,2797.355590573105,25.062790755549024,74.60380256011834,False,102886.51267332252,False,0,0.0243478260869565,85.0
SP +time,ConcCost,single,+time,-,5 expl,4,700005,40.0,3658.7165026036328,3658.7165026036328,46.50480182201454,46.50480182201454,3612.211700781618,28.36681803950873,83.16386328269779,False,102579.79691547576,False,0,0.0,90.0
SP -time,ConcCost,single,-time,-,5 expl,4,700005,40.0,4179.169100861908,4179.169100861908,566.95740008029,566.95740008029,3612.211700781618,33.96516929226644,82.35140697459093,False,101328.17543963264,False,0,0.0,85.0
SP +time,ConcCost,single,+time,-,5 expl,4,700006,40.0,4084.7846987515254,4084.7846987515254,631.8656140597905,631.8656140597905,3452.919084691735,31.93120752382681,77.87227754511066,False,103505.83461777904,False,0,0.0,90.0
SP -time,ConcCost,single,-time,-,5 expl,4,700006,40.0,4068.745253730413,4068.745253730413,615.826169038678,615.826169038678,3452.919084691735,31.889599587898132,78.01278240192882,False,102710.4938839936,False,0,0.0,85.0
SP +time,ConcCost,single,+time,-,5 expl,4,700007,40.0,3410.2073175940636,3410.2073175940636,497.9733275559306,497.9733275559306,2912.233990038133,26.709006028719937,74.12221684199432,False,103840.24615025244,False,0,0.0,90.0
SP -time,ConcCost,single,-time,-,5 expl,4,700007,40.0,3361.5372409505835,3361.5372409505835,449.3032509124505,449.3032509124505,2912.233990038133,26.46211721427083,75.05485453616451,False,102728.24867951187,False,0,0.0,85.0
SP +time,ConcCost,single,+time,-,5 expl,4,700008,40.0,3381.6571835752593,3381.6571835752593,456.2946180938411,456.2946180938411,2925.362565481418,26.08225524248949,70.23436745432336,False,106098.2294786409,False,0,0.0243478260869565,95.0
SP -time,ConcCost,single,-time,-,5 expl,4,700008,40.0,3336.712335015178,3336.712335015178,411.3497695337596,411.3497695337596,2925.362565481418,25.782767019388416,71.22500309639621,False,105280.75145056756,False,0,0.0243478260869565,90.0
SP +time,ConcCost,single,+time,-,5 expl,4,700009,40.0,3484.2216471548627,3484.2216471548627,491.348144833868,491.348144833868,2992.8735023209947,26.74122400751464,72.5131327863257,False,107338.1948018074,False,0,0.0104347826086956,95.0
SP -time,ConcCost,single,-time,-,5 expl,4,700009,40.0,3431.748616409631,3431.748616409631,438.8751140886361,438.8751140886361,2992.8735023209947,26.487826102673907,72.69800339223502,False,105945.91954216688,False,0,0.0104347826086956,90.0
SP +time,ConcCost,single,+time,-,5 expl,4,700000,60.0,3226.0583822752565,3226.0583822752565,429.62825178507364,429.62825178507364,2796.430130490183,26.89476103866874,74.41821518058764,False,100114.71747170188,False,0,0.0121739130434782,100.0
SP -time,ConcCost,single,-time,-,5 expl,4,700000,60.0,3244.4125183335545,3244.4125183335545,447.9823878433717,447.9823878433717,2796.430130490183,27.028951426250547,75.48519561509163,False,99912.4222216255,False,0,0.0113043478260869,95.0
SP +time,ConcCost,single,+time,-,5 expl,4,700001,60.0,3508.69204255249,3508.69204255249,473.70165302987834,473.70165302987834,3034.9903895226116,28.615191393788045,69.23286554335684,False,104426.05160315549,False,0,0.0191304347826086,115.0
SP -time,ConcCost,single,-time,-,5 expl,4,700001,60.0,3532.245027774503,3532.245027774503,497.25463825189127,497.25463825189127,3034.9903895226116,28.79333592266252,69.329923987388,False,104008.3250889568,False,0,0.0191304347826086,110.0
SP +time,ConcCost,single,+time,-,5 expl,4,700002,60.0,2778.8800846443833,2778.8800846443833,-293.4995370643069,-293.4995370643069,3072.37962170869,21.527710583443735,88.4338240027176,False,96422.1156572113,False,0,0.0,95.0
SP -time,ConcCost,single,-time,-,5 expl,4,700002,60.0,3081.502407286994,3081.502407286994,9.122785578304047,9.122785578304047,3072.37962170869,25.20853497364191,85.7011324407224,False,95571.7456821498,False,0,0.0,90.0
SP +time,ConcCost,single,+time,-,5 expl,4,700003,60.0,3349.7134238390877,3349.7134238390877,470.7418349121872,470.7418349121872,2878.9715889269005,27.227909541296928,73.52144094765286,False,103202.445300224,False,0,0.0217391304347826,110.0
SP -time,ConcCost,single,-time,-,5 expl,4,700003,60.0,3342.9456454353194,3342.9456454353194,463.9740565084189,463.9740565084189,2878.9715889269005,27.226241243921905,73.71131938523529,False,102454.59270990096,False,0,0.0208695652173913,100.0
SP +time,ConcCost,single,+time,-,5 expl,4,700004,60.0,2916.7070077834924,2916.7070077834924,340.76195446928705,340.76195446928705,2575.9450533142053,23.79733741189549,68.8405863934971,False,100975.82387966572,False,0,0.0243478260869565,100.0
SP -time,ConcCost,single,-time,-,5 expl,4,700004,60.0,2943.6105042788276,2943.6105042788276,367.6654509646223,367.6654509646223,2575.9450533142053,24.003520548585033,70.48507423088829,False,100868.0445888875,False,0,0.0243478260869565,95.0
SP +time,ConcCost,single,+time,-,5 expl,4,700005,60.0,3503.8665095657866,3503.8665095657866,169.43825038033538,169.43825038033538,3334.428259185451,28.605459883183364,81.7771730124338,False,99811.97637391309,False,0,0.0,95.0
SP -time,ConcCost,single,-time,-,5 expl,4,700005,60.0,3797.5256384947234,3797.5256384947234,463.0973793092721,463.0973793092721,3334.428259185451,31.893184472652024,82.64056524494501,False,99323.47381490188,False,0,0.0,95.0
SP +time,ConcCost,single,+time,-,5 expl,4,700006,60.0,3726.784101461361,3726.784101461361,538.5989862202468,538.5989862202468,3188.185115241114,30.34684223062372,75.37431942397829,False,100026.03395840531,False,0,0.0,100.0
SP -time,ConcCost,single,-time,-,5 expl,4,700006,60.0,3765.90519828672,3765.90519828672,577.7200830456059,577.7200830456059,3188.185115241114,30.477815674300896,77.16307667850663,False,100609.67969547184,False,0,0.0,95.0
SP +time,ConcCost,single,+time,-,5 expl,4,700007,60.0,3124.411150025335,3124.411150025335,426.4220350977257,426.4220350977257,2697.989114927609,25.448124276501723,71.82808726403009,False,100799.40018639024,False,0,0.0,100.0
SP -time,ConcCost,single,-time,-,5 expl,4,700007,60.0,3138.432959306843,3138.432959306843,440.4438443792337,440.4438443792337,2697.989114927609,25.49507833581049,72.8827265927574,False,100820.0480317199,False,0,0.0,95.0
SP +time,ConcCost,single,+time,-,5 expl,4,700008,60.0,3127.8779846787615,3127.8779846787615,409.40290267080536,409.40290267080536,2718.475082007956,25.077008176339763,68.12479454407764,False,102606.3507402986,False,0,0.0243478260869565,110.0
SP -time,ConcCost,single,-time,-,5 expl,4,700008,60.0,3154.6985688396144,3154.6985688396144,436.2234868316582,436.2234868316582,2718.475082007956,25.18744220154175,68.99952939343937,False,102827.73850674172,False,0,0.0243478260869565,100.0
SP +time,ConcCost,single,+time,-,5 expl,4,700009,60.0,3218.646980016656,3218.646980016656,436.3919837499261,436.3919837499261,2782.25499626673,25.644539470962616,71.335964922548,False,104021.06244883806,False,0,0.0104347826086956,100.0
SP -time,ConcCost,single,-time,-,5 expl,4,700009,60.0,3221.722942290804,3221.722942290804,439.4679460240741,439.4679460240741,2782.25499626673,25.66049734610003,71.96145716000362,False,103653.99605536462,False,0,0.0104347826086956,100.0
SP +time,ConcCost,single,+time,-,5 expl,4,700000,80.0,2806.6572600714385,2806.6572600714385,289.447090013713,289.447090013713,2517.2101700577255,24.54061684836729,70.64074767425437,False,95606.74610595703,False,0,0.0121739130434782,125.0
SP -time,ConcCost,single,-time,-,5 expl,4,700000,80.0,2881.11406403054,2881.11406403054,363.90389397281433,363.90389397281433,2517.2101700577255,24.943585926857384,73.38642951079125,False,96836.4174276914,False,0,0.0113043478260869,120.0
SP +time,ConcCost,single,+time,-,5 expl,4,700001,80.0,3072.3240683769664,3072.3240683769664,335.3782709418265,335.3782709418265,2736.94579743514,26.502150342688317,65.53136941892495,False,98727.12116962676,False,0,0.0191304347826086,130.0
SP -time,ConcCost,single,-time,-,5 expl,4,700001,80.0,3146.836322467696,3146.836322467696,409.89052503255607,409.89052503255607,2736.94579743514,26.708399541420217,68.08117746110106,False,100490.99016306564,False,0,0.0191304347826086,125.0
SP +time,ConcCost,single,+time,-,5 expl,4,700002,80.0,2933.6790888828887,2933.6790888828887,182.20213039095415,182.20213039095415,2751.4769584919345,25.2009442693668,80.40123961253687,False,93507.63677144091,False,0,0.0,115.0
SP -time,ConcCost,single,-time,-,5 expl,4,700002,80.0,2767.5452969079374,2767.5452969079374,16.068338416002916,16.068338416002916,2751.4769584919345,23.430919313972016,83.55578665683873,False,93239.76278294642,False,0,0.0,110.0
SP +time,ConcCost,single,+time,-,5 expl,4,700003,80.0,2948.220340997823,2948.220340997823,332.0730304360018,332.0730304360018,2616.147310561821,25.17987590517948,68.88077333307926,False,98057.50224773987,False,0,0.0217391304347826,125.0
SP -time,ConcCost,single,-time,-,5 expl,4,700003,80.0,2982.497647014028,2982.497647014028,366.3503364522071,366.3503364522071,2616.147310561821,25.22641113244668,71.48327812671005,False,99059.8248256486,False,0,0.0208695652173913,120.0
SP +time,ConcCost,single,+time,-,5 expl,4,700004,80.0,2507.2800280128945,2507.2800280128945,188.39014443892165,188.39014443892165,2318.889883573973,21.53290506034648,64.29920146457795,False,95304.8139351529,False,0,0.0243478260869565,125.0
SP -time,ConcCost,single,-time,-,5 expl,4,700004,80.0,2629.576101834238,2629.576101834238,310.6862182602654,310.6862182602654,2318.889883573973,22.346370953029098,67.58208389426548,False,97543.14585450018,False,0,0.0243478260869565,120.0
SP +time,ConcCost,single,+time,-,5 expl,4,700005,80.0,3388.060190833903,3388.060190833903,405.9345699148121,405.9345699148121,2982.125620919091,29.66700272559823,77.02738420706302,False,96149.17962290856,False,0,0.0,120.0
SP -time,ConcCost,single,-time,-,5 expl,4,700005,80.0,3322.002187192995,3322.002187192995,339.8765662739038,339.8765662739038,2982.125620919091,29.0159621440595,79.84322239146839,False,95991.16792081734,False,0,0.0,115.0
SP +time,ConcCost,single,+time,-,5 expl,4,700006,80.0,3246.5288024254264,3246.5288024254264,384.9437107835415,384.9437107835415,2861.585091641885,27.909872779833123,71.12273891354359,False,94950.31938414204,False,0,0.0,120.0
SP -time,ConcCost,single,-time,-,5 expl,4,700006,80.0,3335.8988161047782,3335.8988161047782,474.31372446289333,474.31372446289333,2861.585091641885,28.211734786964325,74.75122238428051,False,97060.91630385458,False,0,0.0,115.0
SP +time,ConcCost,single,+time,-,5 expl,4,700007,80.0,2758.867270701657,2758.867270701657,304.62670621752886,304.62670621752886,2454.2405644841283,23.679815819607953,67.5649493644228,False,95508.77711328038,False,0,0.0,125.0
SP -time,ConcCost,single,-time,-,5 expl,4,700007,80.0,2831.500976891746,2831.500976891746,377.2604124076179,377.2604124076179,2454.2405644841283,23.905557863421123,70.80987049609853,False,97602.13758354362,False,0,0.0,120.0
SP +time,ConcCost,single,+time,-,5 expl,4,700008,80.0,2698.200488623716,2698.200488623716,230.9282316706749,230.9282316706749,2467.272256953041,22.86257870902093,63.2734222763985,False,96236.47615879167,False,0,0.0243478260869565,130.0
SP -time,ConcCost,single,-time,-,5 expl,4,700008,80.0,2828.987837526036,2828.987837526036,361.7155805729949,361.7155805729949,2467.272256953041,23.565437992379167,66.87024796810154,False,99093.27436337314,False,0,0.0243478260869565,125.0
SP +time,ConcCost,single,+time,-,5 expl,4,700009,80.0,2780.0803670053333,2780.0803670053333,284.9426075179722,284.9426075179722,2495.137759487361,23.34186690891827,66.70920428991785,False,98376.11435588363,False,0,0.0104347826086956,125.0
SP -time,ConcCost,single,-time,-,5 expl,4,700009,80.0,2843.584565232457,2843.584565232457,348.44680574509584,348.44680574509584,2495.137759487361,23.571545393823023,69.62517734622374,False,100056.86878967215,False,0,0.0104347826086956,120.0
MP fixed +time,ConcCost,multi,+time,fixed 100h,5 expl,4,700000,0.0,3926.238407757445,3926.238407757445,458.9095054926206,458.9095054926206,3467.3289022648246,29.404760512681,85.43533232199796,False,107961.94670099633,False,0,0.0113043478260869,60.0
MP fixed -time,ConcCost,multi,-time,fixed 100h,5 expl,4,700000,0.0,3848.843848379835,3848.843848379835,381.5149461150104,381.5149461150104,3467.3289022648246,29.119668669133635,84.10766647825085,False,106313.71338319172,False,0,0.0113043478260869,60.0
MP fixed +time,ConcCost,multi,+time,fixed 100h,5 expl,4,700001,0.0,4061.4201002542823,4061.4201002542823,487.52088956743137,487.52088956743137,3573.899210686851,29.96449994287929,76.5552483845664,False,111695.7900647722,False,0,0.0191304347826086,65.0
MP fixed -time,ConcCost,multi,-time,fixed 100h,5 expl,4,700001,0.0,4096.404419017291,4096.404419017291,522.5052083304399,522.5052083304399,3573.899210686851,30.212028958374685,75.62999730517099,False,112096.65748106544,False,0,0.0191304347826086,65.0
MP fixed +time,ConcCost,multi,+time,fixed 100h,5 expl,4,700002,0.0,3429.1204995411495,3429.1204995411495,-267.4977237454027,-267.4977237454027,3696.618223286552,25.691514784597576,98.3195631605831,False,103376.94326703512,False,0,0.0,60.0
MP fixed -time,ConcCost,multi,-time,fixed 100h,5 expl,4,700002,0.0,3523.4076668858843,3523.4076668858843,-173.21055640066788,-173.21055640066788,3696.618223286552,26.61046082523666,95.53591986810645,False,101903.30229300055,False,0,0.0,60.0
MP fixed +time,ConcCost,multi,+time,fixed 100h,5 expl,4,700003,0.0,4037.2221419720263,4037.2221419720263,510.63354182260446,510.63354182260446,3526.588600149422,29.431359662111223,81.31024192788891,False,112085.17313201088,False,0,0.02,65.0
MP fixed -time,ConcCost,multi,-time,fixed 100h,5 expl,4,700003,0.0,3991.084884483649,3991.084884483649,464.4962843342273,464.4962843342273,3526.588600149422,29.28336702717473,79.86178927835054,False,111319.39585552637,False,0,0.0208695652173913,70.0
MP fixed +time,ConcCost,multi,+time,fixed 100h,5 expl,4,700004,0.0,3636.029330270934,3636.029330270934,421.52272351363627,421.52272351363627,3214.506606757298,26.629820189475303,83.33517963755304,False,109553.92474959248,False,0,0.0234782608695652,60.0
MP fixed -time,ConcCost,multi,-time,fixed 100h,5 expl,4,700004,0.0,3606.022816250822,3606.022816250822,391.516209493524,391.516209493524,3214.506606757298,26.615124243551,82.27318822764661,False,108556.91165526756,False,0,0.0243478260869565,60.0
MP fixed +time,ConcCost,multi,+time,fixed 100h,5 expl,4,700005,0.0,4710.199472262771,4710.199472262771,588.2046015232718,588.2046015232718,4121.9948707395,35.79890768624464,89.96663040267435,False,107058.4265180782,False,0,0.0,60.0
MP fixed -time,ConcCost,multi,-time,fixed 100h,5 expl,4,700005,0.0,4506.408860331543,4506.408860331543,384.41398959204344,384.41398959204344,4121.9948707395,34.954681749033846,87.77835740282165,False,103482.79211816016,False,0,0.0,60.0
MP fixed +time,ConcCost,multi,+time,fixed 100h,5 expl,4,700006,0.0,4533.959673462901,4533.959673462901,548.2014647238125,548.2014647238125,3985.758208739089,33.48457235352233,87.6007408132933,False,107475.4775453635,False,0,0.0,60.0
MP fixed -time,ConcCost,multi,-time,fixed 100h,5 expl,4,700006,0.0,4374.019239740519,4374.019239740519,388.2610310014302,388.2610310014302,3985.758208739089,32.876632211967504,85.86548053322751,False,104486.24221721374,False,0,0.0,60.0
MP fixed +time,ConcCost,multi,+time,fixed 100h,5 expl,4,700007,0.0,3760.4505152502816,3760.4505152502816,405.2512084084974,405.2512084084974,3355.199306841784,27.64668014302765,84.32019604010567,False,108519.84408035302,False,0,0.0,60.0
MP fixed -time,ConcCost,multi,-time,fixed 100h,5 expl,4,700007,0.0,3712.12377739032,3712.12377739032,356.92447054853574,356.92447054853574,3355.199306841784,27.519149381596645,83.11114960215959,False,107129.73230592716,False,0,0.0,60.0
MP fixed +time,ConcCost,multi,+time,fixed 100h,5 expl,4,700008,0.0,3754.5943427952543,3754.5943427952543,450.766347421335,450.766347421335,3303.8279953739193,26.90103718716979,79.24824949344104,False,112350.1438275201,False,0,0.0234782608695652,70.0
MP fixed -time,ConcCost,multi,-time,fixed 100h,5 expl,4,700008,0.0,3755.140753607772,3755.140753607772,451.3127582338525,451.3127582338525,3303.8279953739193,26.98646794172589,77.9033459929565,False,112203.1344676336,False,0,0.0243478260869565,70.0
MP fixed +time,ConcCost,multi,+time,fixed 100h,5 expl,4,700009,0.0,3863.233768885385,3863.233768885385,474.4434654666388,474.4434654666388,3388.790303418746,27.659055014232223,81.09970077703031,False,113152.2083833387,False,0,0.0095652173913043,65.0
MP fixed -time,ConcCost,multi,-time,fixed 100h,5 expl,4,700009,0.0,3832.3429081257736,3832.3429081257736,443.5526047070275,443.5526047070275,3388.790303418746,27.551636657712475,79.72394449079712,False,112734.93361925065,False,0,0.0104347826086956,70.0
MP fixed +time,ConcCost,multi,+time,fixed 100h,5 expl,4,700000,20.0,3805.0408156321446,3805.0408156321446,556.7303744397168,556.7303744397168,3248.310441192428,29.124024545290425,83.96419201482126,False,106725.1285523215,False,0,0.0113043478260869,65.0
MP fixed -time,ConcCost,multi,-time,fixed 100h,5 expl,4,700000,20.0,3621.6534999632786,3621.6534999632786,373.3430587708508,373.3430587708508,3248.310441192428,28.479500666409063,80.27608917543881,False,103084.46619786572,False,0,0.0121739130434782,75.0
MP fixed +time,ConcCost,multi,+time,fixed 100h,5 expl,4,700001,20.0,3988.565283972752,3988.565283972752,587.7109907956383,587.7109907956383,3400.8542931771135,30.08156232161305,76.05583496789697,False,110567.4142817706,False,0,0.0191304347826086,75.0
MP fixed -time,ConcCost,multi,-time,fixed 100h,5 expl,4,700001,20.0,3942.214532199992,3942.214532199992,541.3602390228784,541.3602390228784,3400.8542931771135,30.074003104593576,73.13866541799068,False,109614.11550237284,False,0,0.02,80.0
MP fixed +time,ConcCost,multi,+time,fixed 100h,5 expl,4,700002,20.0,3211.466610113811,0.0,-375.4236520248105,-3586.8902621386214,3586.8902621386214,24.616312844499816,100.23084998674832,True,101226.41225871837,False,1,0.0,80.0
MP fixed -time,ConcCost,multi,-time,fixed 100h,5 expl,4,700002,20.0,3664.765809869224,3664.765809869224,77.87554773060265,77.87554773060265,3586.8902621386214,29.62130170037832,87.72193561804337,False,97412.73037209253,False,0,0.0,75.0
MP fixed +time,ConcCost,multi,+time,fixed 100h,5 expl,4,700003,20.0,3925.912785074676,3925.912785074676,592.4206295774861,592.4206295774861,3333.4921554971897,29.264913368150783,78.81782870519169,False,110509.22028748764,False,0,0.0208695652173913,75.0
MP fixed -time,ConcCost,multi,-time,fixed 100h,5 expl,4,700003,20.0,3776.047366073187,3776.047366073187,442.5552105759971,442.5552105759971,3333.4921554971897,28.74449614642667,75.82267343517206,False,108131.62643735208,False,0,0.0217391304347826,85.0
MP fixed +time,ConcCost,multi,+time,fixed 100h,5 expl,4,700004,20.0,3501.979977518052,3501.979977518052,481.0948250056849,481.0948250056849,3020.885152512367,26.2874828743013,81.97180850672275,False,108090.15908846565,False,0,0.0243478260869565,65.0
MP fixed -time,ConcCost,multi,-time,fixed 100h,5 expl,4,700004,20.0,3388.841178856478,3388.841178856478,367.95602634411125,367.95602634411125,3020.885152512367,25.969859831187705,78.68172862006706,False,105454.9295564524,False,0,0.0243478260869565,70.0
MP fixed +time,ConcCost,multi,+time,fixed 100h,5 expl,4,700005,20.0,4178.9633662042,4178.9633662042,300.6153247092525,300.6153247092525,3878.348041494947,31.91944272656712,87.65629737423497,False,105404.8317008159,False,0,0.0,70.0
MP fixed -time,ConcCost,multi,-time,fixed 100h,5 expl,4,700005,20.0,4219.5536710702,4219.5536710702,341.2056295752527,341.2056295752527,3878.348041494947,33.96769926243054,83.08150471183986,False,100367.24922456116,False,0,0.0,75.0
MP fixed +time,ConcCost,multi,+time,fixed 100h,5 expl,4,700006,20.0,4275.8635847709065,4275.8635847709065,552.0190371749859,552.0190371749859,3723.8445475959206,32.611781396046574,81.85042594540171,False,104996.57655327892,False,0,0.0,80.0
MP fixed -time,ConcCost,multi,-time,fixed 100h,5 expl,4,700006,20.0,4078.30123614102,4078.30123614102,354.4566885450995,354.4566885450995,3723.8445475959206,31.863814707238593,81.89510092405844,False,101129.27812938158,False,0,0.0,75.0
MP fixed +time,ConcCost,multi,+time,fixed 100h,5 expl,4,700007,20.0,3576.9240986067925,3576.9240986067925,453.80478185165884,453.80478185165884,3123.1193167551337,27.230381096591675,79.18035058177522,False,105771.69390581951,False,0,0.0,80.0
MP fixed -time,ConcCost,multi,-time,fixed 100h,5 expl,4,700007,20.0,3478.203901006765,3478.203901006765,355.08458425163144,355.08458425163144,3123.1193167551337,26.75446473941196,79.30667987815062,False,104145.34633993558,False,0,0.0,70.0
MP fixed +time,ConcCost,multi,+time,fixed 100h,5 expl,4,700008,20.0,3626.527824720398,3626.527824720398,519.326675036371,519.326675036371,3107.201149684027,26.687537824545135,76.9093002449675,False,110439.46294323586,False,0,0.0243478260869565,80.0
MP fixed -time,ConcCost,multi,-time,fixed 100h,5 expl,4,700008,20.0,3559.966224570065,3559.966224570065,452.7650748860383,452.7650748860383,3107.201149684027,26.518809556089856,74.38949450797121,False,109221.90267032916,False,0,0.0243478260869565,85.0
MP fixed +time,ConcCost,multi,+time,fixed 100h,5 expl,4,700009,20.0,3723.946414194073,3723.946414194073,533.3280765780728,533.3280765780728,3190.618337616,27.420113642415085,78.1776211939664,False,110924.2932982846,False,0,0.0104347826086956,80.0
MP fixed -time,ConcCost,multi,-time,fixed 100h,5 expl,4,700009,20.0,3637.7596512499736,3637.7596512499736,447.14131363397337,447.14131363397337,3190.618337616,27.153601568872496,75.95099645339094,False,109310.07790193522,False,0,0.0104347826086956,80.0
MP fixed +time,ConcCost,multi,+time,fixed 100h,5 expl,4,700000,40.0,3517.9878252753206,3517.9878252753206,500.8062131692327,500.8062131692327,3017.181612106088,28.221316973480462,78.09591069584565,False,103019.39936913004,False,0,0.0113043478260869,90.0
MP fixed -time,ConcCost,multi,-time,fixed 100h,5 expl,4,700000,40.0,3353.922908517539,3353.922908517539,336.741296411451,336.741296411451,3017.181612106088,27.557223110614288,74.98052923789885,False,99446.96927311285,False,0,0.0121739130434782,90.0
MP fixed +time,ConcCost,multi,+time,fixed 100h,5 expl,4,700001,40.0,3750.981216224327,3750.981216224327,533.6421951845527,533.6421951845527,3217.3390210397743,29.53023001587571,72.35846826658631,False,107200.08000820728,False,0,0.0191304347826086,100.0
MP fixed -time,ConcCost,multi,-time,fixed 100h,5 expl,4,700001,40.0,3687.8100427759705,3687.8100427759705,470.47102173619623,470.47102173619623,3217.3390210397743,29.284807203288224,70.4309101040022,False,106200.4717464386,False,0,0.02,100.0
MP fixed +time,ConcCost,multi,+time,fixed 100h,5 expl,4,700002,40.0,3065.615945327886,3065.615945327886,-279.42770572583686,-279.42770572583686,3345.043651053723,23.82398270858375,94.0339461952561,False,100139.96999906367,False,0,0.0,90.0
MP fixed -time,ConcCost,multi,-time,fixed 100h,5 expl,4,700002,40.0,3540.8627271014548,3540.8627271014548,195.81907604773187,195.81907604773187,3345.043651053723,29.614164502725416,84.07806559855197,False,94332.26926915535,False,0,0.0,90.0
MP fixed +time,ConcCost,multi,+time,fixed 100h,5 expl,4,700003,40.0,3607.091018113374,3607.091018113374,467.841087876825,467.841087876825,3139.249930236549,28.09532555098477,77.15644201645242,False,106697.41028035972,False,0,0.0208695652173913,95.0
MP fixed -time,ConcCost,multi,-time,fixed 100h,5 expl,4,700003,40.0,3500.069330060909,3500.069330060909,360.81939982436006,360.81939982436006,3139.249930236549,27.75831991272056,74.74656181353987,False,104313.5295754772,False,0,0.0217391304347826,95.0
MP fixed +time,ConcCost,multi,+time,fixed 100h,5 expl,4,700004,40.0,3271.48979762262,3271.48979762262,474.13420704951477,474.13420704951477,2797.355590573105,25.72407949801605,74.80013989322632,False,103991.66720873772,False,0,0.0243478260869565,90.0
MP fixed -time,ConcCost,multi,-time,fixed 100h,5 expl,4,700004,40.0,3139.1492154996104,3139.1492154996104,341.79362492650534,341.79362492650534,2797.355590573105,25.067609135383528,73.03941222257922,False,102058.63251056004,False,0,0.0243478260869565,90.0
MP fixed +time,ConcCost,multi,+time,fixed 100h,5 expl,4,700005,40.0,3616.765940114468,3616.765940114468,4.554239332849647,4.554239332849647,3612.211700781618,28.150564755372724,84.87397392231563,False,102715.42606643392,False,0,0.0,90.0
MP fixed -time,ConcCost,multi,-time,fixed 100h,5 expl,4,700005,40.0,3883.177113974161,3883.177113974161,270.96541319254266,270.96541319254266,3612.211700781618,32.57153563699242,80.39015373105298,False,96862.1073536822,False,0,0.0,90.0
MP fixed +time,ConcCost,multi,+time,fixed 100h,5 expl,4,700006,40.0,4013.2994798900218,4013.2994798900218,560.3803951982868,560.3803951982868,3452.919084691735,31.40721162396701,79.28320531553223,False,103203.96721898648,False,0,0.0,90.0
MP fixed -time,ConcCost,multi,-time,fixed 100h,5 expl,4,700006,40.0,3748.912795980964,3748.912795980964,295.99371128922894,295.99371128922894,3452.919084691735,30.558403573218108,75.11004826277357,False,97248.98896982422,False,0,0.0,90.0
MP fixed +time,ConcCost,multi,+time,fixed 100h,5 expl,4,700007,40.0,3416.1788566106634,3416.1788566106634,503.9448665725304,503.9448665725304,2912.233990038133,26.696664289485625,75.56276335123611,False,103729.17618628484,False,0,0.0,90.0
MP fixed -time,ConcCost,multi,-time,fixed 100h,5 expl,4,700007,40.0,3239.039780341948,3239.039780341948,326.8057903038148,326.8057903038148,2912.233990038133,25.986763136214968,73.06990907533034,False,100276.66934574296,False,0,0.0,90.0
MP fixed +time,ConcCost,multi,+time,fixed 100h,5 expl,4,700008,40.0,3406.251005478851,3406.251005478851,480.88843999743267,480.88843999743267,2925.362565481418,26.16864899770944,71.85180219919566,False,106511.80043794667,False,0,0.0243478260869565,95.0
MP fixed -time,ConcCost,multi,-time,fixed 100h,5 expl,4,700008,40.0,3315.497698852397,3315.497698852397,390.135133370979,390.135133370979,2925.362565481418,25.86442920863337,69.26807903902343,False,104497.43172081358,False,0,0.0243478260869565,100.0
MP fixed +time,ConcCost,multi,+time,fixed 100h,5 expl,4,700009,40.0,3462.0797218502116,3462.0797218502116,469.2062195292169,469.2062195292169,2992.8735023209947,26.54460613748051,74.96458516000723,False,107366.29773709578,False,0,0.0104347826086956,95.0
MP fixed -time,ConcCost,multi,-time,fixed 100h,5 expl,4,700009,40.0,3372.6112369414896,3372.6112369414896,379.73773462049485,379.73773462049485,2992.8735023209947,26.32208585546106,72.09887841065796,False,104871.59126237186,False,0,0.0104347826086956,95.0
MP fixed +time,ConcCost,multi,+time,fixed 100h,5 expl,4,700000,60.0,3240.2780405603553,3240.2780405603553,443.8479100701725,443.8479100701725,2796.430130490183,27.015622524081635,76.77163304281798,False,100074.6036478907,False,0,0.0113043478260869,100.0
MP fixed -time,ConcCost,multi,-time,fixed 100h,5 expl,4,700000,60.0,3036.5688392837105,3036.5688392837105,240.1387087935277,240.1387087935277,2796.430130490183,26.197338309751817,71.91431389118893,False,94976.96728416564,False,0,0.0121739130434782,110.0
MP fixed +time,ConcCost,multi,+time,fixed 100h,5 expl,4,700001,60.0,3484.2925214871025,3484.2925214871025,449.30213196449085,449.30213196449085,3034.9903895226116,28.292159789124188,72.14237991501874,False,104830.9319821056,False,0,0.0191304347826086,120.0
MP fixed -time,ConcCost,multi,-time,fixed 100h,5 expl,4,700001,60.0,3359.1785350747145,3359.1785350747145,324.1881455521029,324.1881455521029,3034.9903895226116,27.84957104903886,68.86663760809769,False,101840.44534880405,False,0,0.02,120.0
MP fixed +time,ConcCost,multi,+time,fixed 100h,5 expl,4,700002,60.0,2819.19686414404,2819.19686414404,-253.18275756465027,-253.18275756465027,3072.37962170869,22.33759841578752,92.1047135709792,False,96880.6660394614,False,0,0.0,100.0
MP fixed -time,ConcCost,multi,-time,fixed 100h,5 expl,4,700002,60.0,3235.6049468904293,3235.6049468904293,163.2253251817392,163.2253251817392,3072.37962170869,28.044308910564116,80.97033918939685,False,91430.24100755756,False,0,0.0,100.0
MP fixed +time,ConcCost,multi,+time,fixed 100h,5 expl,4,700003,60.0,3129.5808037641627,3129.5808037641627,250.60921483726224,250.60921483726224,2878.9715889269005,25.37178310468309,77.27357022336503,False,103201.68645543727,False,0,0.0208695652173913,115.0
MP fixed -time,ConcCost,multi,-time,fixed 100h,5 expl,4,700003,60.0,3134.275933301272,3134.275933301272,255.30434437437134,255.30434437437134,2878.9715889269005,26.180984027400648,72.55818649367177,False,99151.16527543776,False,0,0.0217391304347826,115.0
MP fixed +time,ConcCost,multi,+time,fixed 100h,5 expl,4,700004,60.0,2988.884568807221,2988.884568807221,412.93951549301573,412.93951549301573,2575.9450533142053,24.44946611406242,71.4265682163786,False,101022.91655970416,False,0,0.0243478260869565,110.0
MP fixed -time,ConcCost,multi,-time,fixed 100h,5 expl,4,700004,60.0,2825.4313161234495,2825.4313161234495,249.48626280924418,249.48626280924418,2575.9450533142053,23.637969545373593,67.11391765283801,False,97475.48557382564,False,0,0.0243478260869565,115.0
MP fixed +time,ConcCost,multi,+time,fixed 100h,5 expl,4,700005,60.0,3269.26144654767,3269.26144654767,-65.16681263778128,-65.16681263778128,3334.428259185451,26.398992601599204,84.13669634409399,False,99739.1874207612,False,0,0.0,100.0
MP fixed -time,ConcCost,multi,-time,fixed 100h,5 expl,4,700005,60.0,3544.5680942473764,3544.5680942473764,210.13983506192517,210.13983506192517,3334.428259185451,30.87765444716377,77.81894556936304,False,93739.98869059444,False,0,0.0,110.0
MP fixed +time,ConcCost,multi,+time,fixed 100h,5 expl,4,700006,60.0,3706.2105082137928,3706.2105082137928,518.0253929726787,518.0253929726787,3188.185115241114,30.091923284623014,77.2827826362243,False,100114.63833011736,False,0,0.0,110.0
MP fixed -time,ConcCost,multi,-time,fixed 100h,5 expl,4,700006,60.0,3411.6428231481473,3411.6428231481473,223.45770790703318,223.45770790703318,3188.185115241114,29.069847297228943,71.6375373446367,False,93167.99248999191,False,0,0.0,110.0
MP fixed +time,ConcCost,multi,+time,fixed 100h,5 expl,4,700007,60.0,3129.6593278884643,3129.6593278884643,431.6702129608552,431.6702129608552,2697.989114927609,25.395999696832288,74.06432113127738,False,100916.17880747656,False,0,0.0,110.0
MP fixed -time,ConcCost,multi,-time,fixed 100h,5 expl,4,700007,60.0,2931.7837642177974,2931.7837642177974,233.79464929018832,233.79464929018832,2697.989114927609,24.64377471876346,69.35182124524363,False,95860.71163960733,False,0,0.0,115.0
MP fixed +time,ConcCost,multi,+time,fixed 100h,5 expl,4,700008,60.0,3123.2113883364973,3123.2113883364973,404.7363063285411,404.7363063285411,2718.475082007956,24.997296802690673,71.30374491521115,False,103158.54774077212,False,0,0.0243478260869565,115.0
MP fixed -time,ConcCost,multi,-time,fixed 100h,5 expl,4,700008,60.0,2999.780672349526,2999.780672349526,281.30559034156977,281.30559034156977,2718.475082007956,24.63215482640692,66.62065182707025,False,99193.95071381878,False,0,0.0243478260869565,120.0
MP fixed +time,ConcCost,multi,+time,fixed 100h,5 expl,4,700009,60.0,3201.727080481084,3201.727080481084,419.47208421435425,419.47208421435425,2782.25499626673,25.446579237685828,74.17105304271126,False,104284.69100085594,False,0,0.0104347826086956,110.0
MP fixed -time,ConcCost,multi,-time,fixed 100h,5 expl,4,700009,60.0,3063.2100422029744,3063.2100422029744,280.95504593624446,280.95504593624446,2782.25499626673,25.0288500819447,69.66971732519728,False,100181.88620595026,False,0,0.0104347826086956,115.0
MP fixed +time,ConcCost,multi,+time,fixed 100h,5 expl,4,700000,80.0,2805.753432007339,2805.753432007339,288.5432619496137,288.5432619496137,2517.2101700577255,24.434295210804475,73.06690018911208,False,95997.83975873064,False,0,0.0113043478260869,125.0
MP fixed -time,ConcCost,multi,-time,fixed 100h,5 expl,4,700000,80.0,2631.5389536130433,2631.5389536130433,114.32878355531784,114.32878355531784,2517.2101700577255,23.86130217334942,68.35455755931565,False,90459.66934887388,False,0,0.0121739130434782,130.0
MP fixed +time,ConcCost,multi,+time,fixed 100h,5 expl,4,700001,80.0,3024.5125671585834,3024.5125671585834,287.5667697234435,287.5667697234435,2736.94579743514,25.671376066631883,68.91670039928236,False,100597.9819759673,False,0,0.0191304347826086,130.0
MP fixed -time,ConcCost,multi,-time,fixed 100h,5 expl,4,700001,80.0,2867.9184909568853,2867.9184909568853,130.97269352174544,130.97269352174544,2736.94579743514,25.272143879671138,64.66431794737748,False,95335.86720585651,False,0,0.02,145.0
MP fixed +time,ConcCost,multi,+time,fixed 100h,5 expl,4,700002,80.0,2405.338676785278,2405.338676785278,-346.13828170665647,-346.13828170665647,2751.4769584919345,19.420366621506133,87.16056940654379,False,92220.69295301662,False,0,0.0,120.0
MP fixed -time,ConcCost,multi,-time,fixed 100h,5 expl,4,700002,80.0,2846.203231747492,2846.203231747492,94.72627325555732,94.72627325555732,2751.4769584919345,25.693730166179563,77.0396558542492,False,88209.88254854237,False,0,0.0,120.0
MP fixed +time,ConcCost,multi,+time,fixed 100h,5 expl,4,700003,80.0,2814.8155081424593,2814.8155081424593,198.6681975806382,198.6681975806382,2616.147310561821,23.981108718788622,72.5406117124994,False,98757.31465466016,False,0,0.0208695652173913,130.0
MP fixed -time,ConcCost,multi,-time,fixed 100h,5 expl,4,700003,80.0,2726.669138221788,2726.669138221788,110.52182765996713,110.52182765996713,2616.147310561821,24.117695668525943,67.10503864701789,False,93167.89768693554,False,0,0.0217391304347826,140.0
MP fixed +time,ConcCost,multi,+time,fixed 100h,5 expl,4,700004,80.0,2624.85179101387,2624.85179101387,305.961907439897,305.961907439897,2318.889883573973,22.486427029459783,67.74104168240206,False,96941.66146099336,False,0,0.0243478260869565,130.0
MP fixed -time,ConcCost,multi,-time,fixed 100h,5 expl,4,700004,80.0,2467.1773087442,2467.1773087442,148.28742517022738,148.28742517022738,2318.889883573973,21.820734586845,63.013339618171216,False,92153.3212822596,False,0,0.0243478260869565,140.0
MP fixed +time,ConcCost,multi,+time,fixed 100h,5 expl,4,700005,80.0,2853.7994092407603,2853.7994092407603,-128.32621167833076,-128.32621167833076,2982.125620919091,24.170169505702432,81.84983541249017,False,95395.01567424864,False,0,0.0,120.0
MP fixed -time,ConcCost,multi,-time,fixed 100h,5 expl,4,700005,80.0,3083.6688189852016,3083.6688189852016,101.54319806611056,101.54319806611056,2982.125620919091,28.255120779947458,73.80168821213059,False,89469.18597770033,False,0,0.0,125.0
MP fixed +time,ConcCost,multi,+time,fixed 100h,5 expl,4,700006,80.0,3246.2295996878806,3246.2295996878806,384.64450804599574,384.64450804599574,2861.585091641885,27.712481610881333,73.50803212777517,False,95352.11110398076,False,0,0.0,125.0
MP fixed -time,ConcCost,multi,-time,fixed 100h,5 expl,4,700006,80.0,3004.463838665341,3004.463838665341,142.87874702345607,142.87874702345607,2861.585091641885,26.768100132627733,68.52467435359554,False,89550.75931003738,False,0,0.0,125.0
MP fixed +time,ConcCost,multi,+time,fixed 100h,5 expl,4,700007,80.0,2777.9777447148317,2777.9777447148317,323.7371802307034,323.7371802307034,2454.2405644841283,23.566685948806605,70.25374909525996,False,96632.87695488577,False,0,0.0,125.0
MP fixed -time,ConcCost,multi,-time,fixed 100h,5 expl,4,700007,80.0,2599.151027757389,2599.151027757389,144.91046327326058,144.91046327326058,2454.2405644841283,22.948786024450204,65.59360277805008,False,91183.83148572706,False,0,0.0,130.0
MP fixed +time,ConcCost,multi,+time,fixed 100h,5 expl,4,700008,80.0,2757.209928159249,2757.209928159249,289.93767120620805,289.93767120620805,2467.272256953041,23.22361846557308,67.31820408217762,False,97985.93838888397,False,0,0.0243478260869565,130.0
MP fixed -time,ConcCost,multi,-time,fixed 100h,5 expl,4,700008,80.0,2627.202817542836,2627.202817542836,159.93056058979482,159.93056058979482,2467.272256953041,22.823065407297896,62.073178261913064,False,93331.2922931151,False,0,0.0243478260869565,140.0
MP fixed +time,ConcCost,multi,+time,fixed 100h,5 expl,4,700009,80.0,2794.088526590807,2794.088526590807,298.95076710344574,298.95076710344574,2495.137759487361,23.304952321052724,69.84047665980943,False,99426.946747139,False,0,0.0104347826086956,125.0
MP fixed -time,ConcCost,multi,-time,fixed 100h,5 expl,4,700009,80.0,2632.898287315871,2632.898287315871,137.76052782851002,137.76052782851002,2495.137759487361,22.78348969134388,64.78423871183873,False,94150.90473380843,False,0,0.0104347826086956,130.0
MP 10expl,ConcCost,multi,-time,fixed 100h,10 expl,4,700000,0.0,3748.561231533802,3748.561231533802,281.23232926897754,281.23232926897754,3467.3289022648246,28.419019918528384,85.78682445878339,False,106367.57043186552,False,0,0.0113043478260869,55.0
MP 10expl,ConcCost,multi,-time,fixed 100h,10 expl,4,700001,0.0,4006.9140289130296,4006.9140289130296,433.0148182261787,433.0148182261787,3573.899210686851,29.48101506304936,75.17371057671714,False,112462.80561147338,False,0,0.0191304347826086,60.0
MP 10expl,ConcCost,multi,-time,fixed 100h,10 expl,4,700002,0.0,3581.0756059410005,3581.0756059410005,-115.54261734555166,-115.54261734555166,3696.618223286552,28.038912120778026,98.53135294361108,False,101330.69700374018,False,0,0.0,55.0
MP 10expl,ConcCost,multi,-time,fixed 100h,10 expl,4,700003,0.0,3981.5644888223414,3981.5644888223414,454.9758886729196,454.9758886729196,3526.588600149422,29.033464672711865,79.61951611972718,False,112254.15157408602,False,0,0.02,65.0
MP 10expl,ConcCost,multi,-time,fixed 100h,10 expl,4,700004,0.0,3492.4490085068155,3492.4490085068155,277.94240174951756,277.94240174951756,3214.506606757298,25.792511322095816,84.50883358027501,False,109090.13830898824,False,0,0.0234782608695652,55.0
MP 10expl,ConcCost,multi,-time,fixed 100h,10 expl,4,700005,0.0,4445.705130011803,4445.705130011803,323.7102592723031,323.7102592723031,4121.9948707395,34.48036205887073,88.68109932032704,False,103602.5051130262,False,0,0.0,55.0
MP 10expl,ConcCost,multi,-time,fixed 100h,10 expl,4,700006,0.0,4373.527221124629,4373.527221124629,387.76901238554046,387.76901238554046,3985.758208739089,32.70014375487708,86.36343117743063,False,105290.99315018092,False,0,0.0,55.0
MP 10expl,ConcCost,multi,-time,fixed 100h,10 expl,4,700007,0.0,3608.485088518818,3608.485088518818,253.2857816770338,253.2857816770338,3355.199306841784,26.845119403708907,85.1228078006337,False,107333.1691361319,False,0,0.0,55.0
MP 10expl,ConcCost,multi,-time,fixed 100h,10 expl,4,700008,0.0,3731.399989649561,3731.399989649561,427.5719942756418,427.5719942756418,3303.8279953739193,26.654098121398984,77.68350183532179,False,112986.52092176408,False,0,0.0234782608695652,65.0
MP 10expl,ConcCost,multi,-time,fixed 100h,10 expl,4,700009,0.0,3823.056876422135,3823.056876422135,434.26657300338866,434.26657300338866,3388.790303418746,27.303470464076128,79.36033870676448,False,113806.60572619944,False,0,0.0095652173913043,60.0
MP 10expl,ConcCost,multi,-time,fixed 100h,10 expl,4,700000,20.0,3617.7398585857854,3617.7398585857854,369.42941739335765,369.42941739335765,3248.310441192428,28.1989273395709,81.788443633661,False,104173.32273792388,False,0,0.0113043478260869,70.0
MP 10expl,ConcCost,multi,-time,fixed 100h,10 expl,4,700001,20.0,3880.442476524224,3880.442476524224,479.5881833471103,479.5881833471103,3400.8542931771135,29.57188547680012,73.87258239112624,False,109763.49122463843,False,0,0.0191304347826086,75.0
MP 10expl,ConcCost,multi,-time,fixed 100h,10 expl,4,700002,20.0,3629.676479447868,3629.676479447868,42.786217309246695,42.786217309246695,3586.8902621386214,29.250757157512325,89.17355472434714,False,97784.78563190709,False,0,0.0,70.0
MP 10expl,ConcCost,multi,-time,fixed 100h,10 expl,4,700003,20.0,3819.859726864971,3819.859726864971,486.36757136778124,486.36757136778124,3333.4921554971897,28.863332473602625,76.8358752130113,False,109232.99385636422,False,0,0.0208695652173913,80.0
MP 10expl,ConcCost,multi,-time,fixed 100h,10 expl,4,700004,20.0,3403.3865193766023,3403.3865193766023,382.5013668642355,382.5013668642355,3020.885152512367,25.759928505210596,80.09077303155526,False,107115.56031843186,False,0,0.0243478260869565,65.0
MP 10expl,ConcCost,multi,-time,fixed 100h,10 expl,4,700005,20.0,4232.164036189597,4232.164036189597,353.8159946946498,353.8159946946498,3878.348041494947,33.96302856425366,84.87160209800841,False,100755.26928376914,False,0,0.0,70.0
MP 10expl,ConcCost,multi,-time,fixed 100h,10 expl,4,700006,20.0,4122.010555768449,4122.010555768449,398.16600817252856,398.16600817252856,3723.8445475959206,31.90126076064732,83.73279430864234,False,102554.05209261194,False,0,0.0,65.0
MP 10expl,ConcCost,multi,-time,fixed 100h,10 expl,4,700007,20.0,3504.3975236786137,3504.3975236786137,381.27820692347996,381.27820692347996,3123.1193167551337,26.705052534048576,80.67283850590456,False,105552.69537753586,False,0,0.0,65.0
MP 10expl,ConcCost,multi,-time,fixed 100h,10 expl,4,700008,20.0,3552.696008863295,3552.696008863295,445.49485917926813,445.49485917926813,3107.201149684027,26.298706096406928,75.66327699813677,False,110037.66837888048,False,0,0.0243478260869565,80.0
MP 10expl,ConcCost,multi,-time,fixed 100h,10 expl,4,700009,20.0,3644.002381064428,3644.002381064428,453.38404344842775,453.38404344842775,3190.618337616,27.014819671894887,77.1387483621358,False,110425.55750086583,False,0,0.0104347826086956,80.0
MP 10expl,ConcCost,multi,-time,fixed 100h,10 expl,4,700000,40.0,3461.5394926426675,3461.5394926426675,444.3578805365796,444.3578805365796,3017.181612106088,27.98546204978104,75.83930479950257,False,101486.59649555352,False,0,0.0113043478260869,85.0
MP 10expl,ConcCost,multi,-time,fixed 100h,10 expl,4,700001,40.0,3718.80371977344,3718.80371977344,501.46469873366595,501.46469873366595,3217.3390210397743,29.451806594574514,69.63538597474893,False,106305.42718689745,False,0,0.0191304347826086,95.0
MP 10expl,ConcCost,multi,-time,fixed 100h,10 expl,4,700002,40.0,3528.486954652052,3528.486954652052,183.4433035983293,183.4433035983293,3345.043651053723,28.889667490657455,85.13258041611915,False,95730.14483130666,False,0,0.0,85.0
MP 10expl,ConcCost,multi,-time,fixed 100h,10 expl,4,700003,40.0,3622.383052293823,3622.383052293823,483.1331220572738,483.1331220572738,3139.249930236549,28.396139571252835,73.98561993615898,False,105727.8178082425,False,0,0.0208695652173913,90.0
MP 10expl,ConcCost,multi,-time,fixed 100h,10 expl,4,700004,40.0,3209.473823295968,3209.473823295968,412.118232722863,412.118232722863,2797.355590573105,25.278862909212595,73.98187709972687,False,103673.12796878324,False,0,0.0243478260869565,85.0
MP 10expl,ConcCost,multi,-time,fixed 100h,10 expl,4,700005,40.0,4011.5677281604903,4011.5677281604903,399.3560273788721,399.3560273788721,3612.211700781618,33.10365743594426,81.26240997882493,False,98890.26878886968,False,0,0.0,90.0
MP 10expl,ConcCost,multi,-time,fixed 100h,10 expl,4,700006,40.0,3938.182770789558,3938.182770789558,485.2636860978232,485.2636860978232,3452.919084691735,31.364314224289707,76.46632001394359,False,100435.24015522756,False,0,0.0,90.0
MP 10expl,ConcCost,multi,-time,fixed 100h,10 expl,4,700007,40.0,3355.851659438824,3355.851659438824,443.61766940069083,443.61766940069083,2912.233990038133,26.48287077599496,74.08381295736908,False,102534.98672909992,False,0,0.0,85.0
MP 10expl,ConcCost,multi,-time,fixed 100h,10 expl,4,700008,40.0,3371.8595914052994,3371.8595914052994,446.4970259238812,446.4970259238812,2925.362565481418,26.013630093219145,70.49561236197283,False,105817.33113783196,False,0,0.0243478260869565,95.0
MP 10expl,ConcCost,multi,-time,fixed 100h,10 expl,4,700009,40.0,3455.8160115179653,3455.8160115179653,462.9425091969706,462.9425091969706,2992.8735023209947,26.62775236614645,72.20048079747205,False,106508.1594529042,False,0,0.0104347826086956,90.0
MP 10expl,ConcCost,multi,-time,fixed 100h,10 expl,4,700000,60.0,3216.4708625896915,3216.4708625896915,420.04073209950866,420.04073209950866,2796.430130490183,26.930467156910247,74.76974783833575,False,99217.71343654724,False,0,0.0113043478260869,100.0
MP 10expl,ConcCost,multi,-time,fixed 100h,10 expl,4,700001,60.0,3504.055169647929,3504.055169647929,469.06478012531716,469.06478012531716,3034.9903895226116,28.600004135649257,69.43964853291777,False,103978.97554595624,False,0,0.0191304347826086,115.0
MP 10expl,ConcCost,multi,-time,fixed 100h,10 expl,4,700002,60.0,3138.9603757603572,3138.9603757603572,66.5807540516671,66.5807540516671,3072.37962170869,26.088347108273215,84.27025009428166,False,94270.95687518344,False,0,0.0,95.0
MP 10expl,ConcCost,multi,-time,fixed 100h,10 expl,4,700003,60.0,3338.775724172061,3338.775724172061,459.8041352451605,459.8041352451605,2878.9715889269005,27.15946499165434,73.9266075115552,False,102626.47080494468,False,0,0.0208695652173913,110.0
MP 10expl,ConcCost,multi,-time,fixed 100h,10 expl,4,700004,60.0,2947.8800807543507,2947.8800807543507,371.9350274401454,371.9350274401454,2575.9450533142053,24.033174085361964,69.5135192991549,False,101008.34791348514,False,0,0.0243478260869565,100.0
MP 10expl,ConcCost,multi,-time,fixed 100h,10 expl,4,700005,60.0,3686.108527540268,3686.108527540268,351.6802683548167,351.6802683548167,3334.428259185451,31.30145341519748,81.26244129872114,False,97181.50967897337,False,0,0.0,95.0
MP 10expl,ConcCost,multi,-time,fixed 100h,10 expl,4,700006,60.0,3657.898659225724,3657.898659225724,469.7135439846097,469.7135439846097,3188.185115241114,30.07363036551515,74.98089540030173,False,98330.75860325457,False,0,0.0,100.0
MP 10expl,ConcCost,multi,-time,fixed 100h,10 expl,4,700007,60.0,3115.3698441937613,3115.3698441937613,417.38072926615223,417.38072926615223,2697.989114927609,25.426829103364497,72.02773143945909,False,100227.84637181347,False,0,0.0,100.0
MP 10expl,ConcCost,multi,-time,fixed 100h,10 expl,4,700008,60.0,3148.7244149447556,3148.7244149447556,430.2493329367994,430.2493329367994,2718.475082007956,25.198878672316567,68.50360583231668,False,102607.48685245102,False,0,0.0243478260869565,110.0
MP 10expl,ConcCost,multi,-time,fixed 100h,10 expl,4,700009,60.0,3219.98582086423,3219.98582086423,437.73082459750003,437.73082459750003,2782.25499626673,25.658369899398657,71.60393372601044,False,103675.47008615092,False,0,0.0104347826086956,100.0
MP 10expl,ConcCost,multi,-time,fixed 100h,10 expl,4,700000,80.0,2781.838817703714,2781.838817703714,264.6286476459886,264.6286476459886,2517.2101700577255,24.27132126064676,71.84695886765113,False,95868.8890350608,False,0,0.0113043478260869,125.0
MP 10expl,ConcCost,multi,-time,fixed 100h,10 expl,4,700001,80.0,3060.0455658225883,3060.0455658225883,323.0997683874484,323.0997683874484,2736.94579743514,26.126417884144157,66.92897396931438,False,99905.15083135136,False,0,0.0191304347826086,130.0
MP 10expl,ConcCost,multi,-time,fixed 100h,10 expl,4,700002,80.0,2934.4554515102427,2934.4554515102427,182.9784930183082,182.9784930183082,2751.4769584919345,25.865601009068776,80.64440586977241,False,91211.65409384722,False,0,0.0,115.0
MP 10expl,ConcCost,multi,-time,fixed 100h,10 expl,4,700003,80.0,2917.323652465915,2917.323652465915,301.176341904094,301.176341904094,2616.147310561821,24.83857415407375,70.20163303542145,False,98479.93567813562,False,0,0.0208695652173913,125.0
MP 10expl,ConcCost,multi,-time,fixed 100h,10 expl,4,700004,80.0,2568.1954442334995,2568.1954442334995,249.3055606595267,249.3055606595267,2318.889883573973,22.02580700012355,66.182676191854,False,96542.34966787852,False,0,0.0243478260869565,125.0
MP 10expl,ConcCost,multi,-time,fixed 100h,10 expl,4,700005,80.0,3198.5770969797186,3198.5770969797186,216.45147606062756,216.45147606062756,2982.125620919091,28.46874141790378,77.84261806023865,False,93485.93684413448,False,0,0.0,120.0
MP 10expl,ConcCost,multi,-time,fixed 100h,10 expl,4,700006,80.0,3181.503118840288,3181.503118840288,319.91802719840325,319.91802719840325,2861.585091641885,27.430242646470155,72.27476625031633,False,94522.34543094084,False,0,0.0,120.0
MP 10expl,ConcCost,multi,-time,fixed 100h,10 expl,4,700007,80.0,2746.8653306479623,2746.8653306479623,292.624766163834,292.624766163834,2454.2405644841283,23.46378119858206,68.99001037814801,False,96183.78206697085,False,0,0.0,125.0
MP 10expl,ConcCost,multi,-time,fixed 100h,10 expl,4,700008,80.0,2749.6272941829648,2749.6272941829648,282.3550372299237,282.3550372299237,2467.272256953041,23.211333811092096,65.14945422964078,False,97505.8551407978,False,0,0.0243478260869565,130.0
MP 10expl,ConcCost,multi,-time,fixed 100h,10 expl,4,700009,80.0,2772.825295445401,2772.825295445401,277.6875359580399,277.6875359580399,2495.137759487361,23.21570516648365,68.03486434959291,False,98980.99753521336,False,0,0.0104347826086956,125.0
MP priors,ConcCost,multi,-time,fixed 100h,5 expl + recipe priors,4,700000,0.0,3643.2740740510026,3643.2740740510026,175.94517178617798,175.94517178617798,3467.3289022648246,27.84390890154891,80.6433372943644,False,106135.6943838309,False,0,0.0113043478260869,60.0
MP priors,ConcCost,multi,-time,fixed 100h,5 expl + recipe priors,4,700001,0.0,3831.984666008715,3831.984666008715,258.0854553218642,258.0854553218642,3573.899210686851,28.73338491740572,73.00355129168673,False,110741.40172071871,False,0,0.0191304347826086,70.0
MP priors,ConcCost,multi,-time,fixed 100h,5 expl + recipe priors,4,700002,0.0,3851.5913253354447,3851.5913253354447,154.97310204889254,154.97310204889254,3696.618223286552,29.31028213746052,88.7620713089833,False,103564.3886707212,False,0,0.0,60.0
MP priors,ConcCost,multi,-time,fixed 100h,5 expl + recipe priors,4,700003,0.0,3810.146092831503,3810.146092831503,283.5574926820814,283.5574926820814,3526.588600149422,28.303490813114617,78.35221055619238,False,111080.51963326593,False,0,0.0208695652173913,70.0
MP priors,ConcCost,multi,-time,fixed 100h,5 expl + recipe priors,4,700004,0.0,3384.716189664919,3384.716189664919,170.2095829076211,170.2095829076211,3214.506606757298,25.240852787205625,78.62986126159615,False,107689.35029196672,False,0,0.0234782608695652,60.0
MP priors,ConcCost,multi,-time,fixed 100h,5 expl + recipe priors,4,700005,0.0,4445.189849647104,4445.189849647104,323.1949789076043,323.1949789076043,4121.9948707395,34.54547984474331,85.28497790881275,False,105649.50360915366,False,0,0.0,60.0
MP priors,ConcCost,multi,-time,fixed 100h,5 expl + recipe priors,4,700006,0.0,4273.505039448453,4273.505039448453,287.74683070936453,287.74683070936453,3985.758208739089,32.22541790394044,82.86696466792664,False,105820.2080533829,False,0,0.0,60.0
MP priors,ConcCost,multi,-time,fixed 100h,5 expl + recipe priors,4,700007,0.0,3561.7136114109753,3561.7136114109753,206.51430456919115,206.51430456919115,3355.199306841784,26.709507578857583,79.52415937240465,False,106860.00605369297,False,0,0.0,60.0
MP priors,ConcCost,multi,-time,fixed 100h,5 expl + recipe priors,4,700008,0.0,3583.4461127639975,3583.4461127639975,279.61811739007817,279.61811739007817,3303.8279953739193,25.98923900743237,76.11176287750932,False,111742.72471887132,False,0,0.0234782608695652,70.0
MP priors,ConcCost,multi,-time,fixed 100h,5 expl + recipe priors,4,700009,0.0,3669.6073500956354,3669.6073500956354,280.8170466768893,280.8170466768893,3388.790303418746,26.68392577083432,77.53791032603417,False,112344.291693285,False,0,0.0104347826086956,70.0
MP priors,ConcCost,multi,-time,fixed 100h,5 expl + recipe priors,4,700000,20.0,3751.1959866181455,3751.1959866181455,502.88554542571774,502.88554542571774,3248.310441192428,28.768906849461924,82.31868440242067,False,107370.63074679718,False,0,0.0121739130434782,65.0
MP priors,ConcCost,multi,-time,fixed 100h,5 expl + recipe priors,4,700001,20.0,4025.350054285771,4025.350054285771,624.4957611086575,624.4957611086575,3400.8542931771135,30.23039444723101,75.21786586008265,False,112117.38139246934,False,0,0.0191304347826086,75.0
MP priors,ConcCost,multi,-time,fixed 100h,5 expl + recipe priors,4,700002,20.0,3208.914016028007,3208.914016028007,-377.9762461106143,-377.9762461106143,3586.8902621386214,23.87288599924732,94.18539976914867,False,103594.8988382537,False,0,0.0,70.0
MP priors,ConcCost,multi,-time,fixed 100h,5 expl + recipe priors,4,700003,20.0,3960.815866880602,3960.815866880602,627.323711383412,627.323711383412,3333.4921554971897,29.378387753855325,78.47324311663813,False,112399.48962257928,False,0,0.0208695652173913,75.0
MP priors,ConcCost,multi,-time,fixed 100h,5 expl + recipe priors,4,700004,20.0,3461.8573631101563,3461.8573631101563,440.9722105977894,440.9722105977894,3020.885152512367,26.014637273091697,80.41682365516746,False,108629.50629039912,False,0,0.0243478260869565,65.0
MP priors,ConcCost,multi,-time,fixed 100h,5 expl + recipe priors,4,700005,20.0,4175.475213907956,4175.475213907956,297.12717241300834,297.12717241300834,3878.348041494947,31.743211515833956,85.54806642153234,False,106666.43830434865,False,0,0.0,70.0
MP priors,ConcCost,multi,-time,fixed 100h,5 expl + recipe priors,4,700006,20.0,4367.686308581407,4367.686308581407,643.841760985486,643.841760985486,3723.8445475959206,32.85744635381345,83.37198259162905,False,107413.97302179562,False,0,0.0,70.0
MP priors,ConcCost,multi,-time,fixed 100h,5 expl + recipe priors,4,700007,20.0,3664.2705685844785,3664.2705685844785,541.1512518293448,541.1512518293448,3123.1193167551337,27.46910572604617,80.48794745077304,False,108342.45465064804,False,0,0.0,70.0
MP priors,ConcCost,multi,-time,fixed 100h,5 expl + recipe priors,4,700008,20.0,3686.285265961135,3686.285265961135,579.084116277108,579.084116277108,3107.201149684027,26.81840661263636,77.27774425895142,False,112903.66541856591,False,0,0.0243478260869565,75.0
MP priors,ConcCost,multi,-time,fixed 100h,5 expl + recipe priors,4,700009,20.0,3779.412509458867,3779.412509458867,588.794171842867,588.794171842867,3190.618337616,27.52269946429813,78.44452201843895,False,113446.6178774178,False,0,0.0104347826086956,75.0
MP priors,ConcCost,multi,-time,fixed 100h,5 expl + recipe priors,4,700000,40.0,3665.3196284538753,3665.3196284538753,648.1380163477875,648.1380163477875,3017.181612106088,28.739210176847777,79.86811701630073,False,106664.3486700806,False,0,0.0121739130434782,85.0
MP priors,ConcCost,multi,-time,fixed 100h,5 expl + recipe priors,4,700001,40.0,3735.420377640108,3735.420377640108,518.081356600334,518.081356600334,3217.3390210397743,28.499672315915316,73.89702638147243,False,110501.0995424059,False,0,0.0191304347826086,95.0
MP priors,ConcCost,multi,-time,fixed 100h,5 expl + recipe priors,4,700002,40.0,2745.9743731089025,2745.9743731089025,-599.0692779448204,-599.0692779448204,3345.043651053723,20.53006064501565,99.96932603433176,False,100251.9733037232,False,0,0.0,85.0
MP priors,ConcCost,multi,-time,fixed 100h,5 expl + recipe priors,4,700003,40.0,3236.930584017004,3236.930584017004,97.68065378045503,97.68065378045503,3139.249930236549,24.021825499039178,78.6677250976496,False,109298.8212440418,False,0,0.0208695652173913,95.0
MP priors,ConcCost,multi,-time,fixed 100h,5 expl + recipe priors,4,700004,40.0,3413.318409966864,3413.318409966864,615.9628193937588,615.9628193937588,2797.355590573105,26.26517417010736,76.70977474351803,False,107347.8531583696,False,0,0.0243478260869565,85.0
MP priors,ConcCost,multi,-time,fixed 100h,5 expl + recipe priors,4,700005,40.0,3097.1740359756086,3097.1740359756086,-515.0376648060096,-515.0376648060096,3612.211700781618,22.801958327870057,88.32254396018674,False,103826.78558361637,False,0,0.0,85.0
MP priors,ConcCost,multi,-time,fixed 100h,5 expl + recipe priors,4,700006,40.0,4047.2429756447086,4047.2429756447086,594.3238909529737,594.3238909529737,3452.919084691735,30.714846082589677,80.95825283083568,False,106364.7442333786,False,0,0.0,90.0
MP priors,ConcCost,multi,-time,fixed 100h,5 expl + recipe priors,4,700007,40.0,3588.81033696086,3588.81033696086,676.5763469227268,676.5763469227268,2912.233990038133,27.41371668750609,77.35941653857031,False,107271.5751344814,False,0,0.0,85.0
MP priors,ConcCost,multi,-time,fixed 100h,5 expl + recipe priors,4,700008,40.0,3548.268494168433,3548.268494168433,622.9059286870147,622.9059286870147,2925.362565481418,26.683909633006653,73.40964368777755,False,110295.7850628327,False,0,0.0243478260869565,95.0
MP priors,ConcCost,multi,-time,fixed 100h,5 expl + recipe priors,4,700009,40.0,3617.1304260598145,3617.1304260598145,624.2569237388198,624.2569237388198,2992.8735023209947,27.13990043382202,76.61880476144479,False,111246.37081906995,False,0,0.0104347826086956,90.0
MP priors,ConcCost,multi,-time,fixed 100h,5 expl + recipe priors,4,700000,60.0,3381.709763972398,3381.709763972398,585.2796334822151,585.2796334822151,2796.430130490183,27.653809215998656,77.31822740037697,False,102974.06495014804,False,0,0.0121739130434782,100.0
MP priors,ConcCost,multi,-time,fixed 100h,5 expl + recipe priors,4,700001,60.0,3275.80423337877,3275.80423337877,240.8138438561582,240.8138438561582,3034.9903895226116,25.65620640761594,72.6828883892899,False,107113.66386040355,False,0,0.0191304347826086,115.0
MP priors,ConcCost,multi,-time,fixed 100h,5 expl + recipe priors,4,700002,60.0,2730.2328482221947,2730.2328482221947,-342.1467734864955,-342.1467734864955,3072.37962170869,21.096214212449347,94.10783746020547,False,98565.48355669087,False,0,0.0,100.0
MP priors,ConcCost,multi,-time,fixed 100h,5 expl + recipe priors,4,700003,60.0,2445.623722006711,2445.623722006711,-433.3478669201895,-433.3478669201895,2878.9715889269005,18.360294164770696,80.08567409411363,False,103366.7799064853,False,0,0.0208695652173913,110.0
MP priors,ConcCost,multi,-time,fixed 100h,5 expl + recipe priors,4,700004,60.0,3102.498086149564,3102.498086149564,526.5530328353589,526.5530328353589,2575.9450533142053,24.89242859732788,72.1125749637016,False,103605.22958505088,False,0,0.0243478260869565,100.0
MP priors,ConcCost,multi,-time,fixed 100h,5 expl + recipe priors,4,700005,60.0,2967.8365763265624,2967.8365763265624,-366.5916828588888,-366.5916828588888,3334.428259185451,22.716347099759396,85.72660349242379,False,100644.6073005236,False,0,0.0,100.0
MP priors,ConcCost,multi,-time,fixed 100h,5 expl + recipe priors,4,700006,60.0,3875.7967504974126,3875.7967504974126,687.6116352562985,687.6116352562985,3188.185115241114,30.871435504926797,77.59018433262041,False,102962.39929922612,False,0,0.0,100.0
MP priors,ConcCost,multi,-time,fixed 100h,5 expl + recipe priors,4,700007,60.0,3277.2073969883786,3277.2073969883786,579.2182820607695,579.2182820607695,2697.989114927609,26.10692392044872,74.72101158748615,False,103580.96488111996,False,0,0.0,100.0
MP priors,ConcCost,multi,-time,fixed 100h,5 expl + recipe priors,4,700008,60.0,3251.6343960115755,3251.6343960115755,533.1593140036193,533.1593140036193,2718.475082007956,25.553422284184993,71.86289069333881,False,105983.49293212092,False,0,0.0243478260869565,115.0
MP priors,ConcCost,multi,-time,fixed 100h,5 expl + recipe priors,4,700009,60.0,3345.314507005256,3345.314507005256,563.0595107385261,563.0595107385261,2782.25499626673,26.103106474196185,74.59493881861977,False,107148.8187246608,False,0,0.0104347826086956,110.0
MP priors,ConcCost,multi,-time,fixed 100h,5 expl + recipe priors,4,700000,80.0,2922.1598040183585,2922.1598040183585,404.94963396063304,404.94963396063304,2517.2101700577255,24.97875928987209,73.81892290871981,False,98978.8565413698,False,0,0.0121739130434782,125.0
MP priors,ConcCost,multi,-time,fixed 100h,5 expl + recipe priors,4,700001,80.0,2736.1762161185416,2736.1762161185416,-0.7695813165983054,-0.7695813165983054,2736.94579743514,22.237538692066284,72.36844708056006,False,103166.38774218086,False,0,0.0191304347826086,130.0
MP priors,ConcCost,multi,-time,fixed 100h,5 expl + recipe priors,4,700002,80.0,2481.3613180251673,2481.3613180251673,-270.1156404667672,-270.1156404667672,2751.4769584919345,19.843393109483262,86.86589788686908,False,94041.44557103889,False,0,0.0,120.0
MP priors,ConcCost,multi,-time,fixed 100h,5 expl + recipe priors,4,700003,80.0,2473.37867921911,2473.37867921911,-142.76863134271116,-142.76863134271116,2616.147310561821,20.12371066922767,74.3781966432339,False,100469.09676179284,False,0,0.0208695652173913,130.0
MP priors,ConcCost,multi,-time,fixed 100h,5 expl + recipe priors,4,700004,80.0,2711.7794376273373,2711.7794376273373,392.88955405336446,392.88955405336446,2318.889883573973,22.836126817517183,68.63689946884335,False,99502.1591185614,False,0,0.0243478260869565,125.0
MP priors,ConcCost,multi,-time,fixed 100h,5 expl + recipe priors,4,700005,80.0,2501.3361099017775,2501.3361099017775,-480.78951101731354,-480.78951101731354,2982.125620919091,19.965182934162204,85.98438157023763,False,96035.60133543864,False,0,0.0,120.0
MP priors,ConcCost,multi,-time,fixed 100h,5 expl + recipe priors,4,700006,80.0,3377.68509408153,3377.68509408153,516.1000024396453,516.1000024396453,2861.585091641885,28.382878631363884,74.07484621119019,False,97991.70028821166,False,0,0.0,120.0
MP priors,ConcCost,multi,-time,fixed 100h,5 expl + recipe priors,4,700007,80.0,2892.2529762815884,2892.2529762815884,438.0124117974601,438.0124117974601,2454.2405644841283,24.142721954747547,71.05250810033735,False,99329.28443401796,False,0,0.0,125.0
MP priors,ConcCost,multi,-time,fixed 100h,5 expl + recipe priors,4,700008,80.0,2840.2164487354194,2840.2164487354194,372.9441917823783,372.9441917823783,2467.272256953041,23.567740646443717,68.20150818406191,False,100588.64821812938,False,0,0.0243478260869565,130.0
MP priors,ConcCost,multi,-time,fixed 100h,5 expl + recipe priors,4,700009,80.0,2894.7628067390447,2894.7628067390447,399.62504725168355,399.62504725168355,2495.137759487361,23.776954904543917,70.57110389679943,False,102052.46833231312,False,0,0.0104347826086956,125.0
MP probes,ConcCost,multi,-time,fixed 100h,1 expl + 4 probes,4,700000,0.0,3293.3920648087988,3293.3920648087988,-173.93683745602584,-173.93683745602584,3467.3289022648246,26.22188425732091,87.79673504978167,False,102503.86814051252,False,0,0.0113043478260869,50.0
MP probes,ConcCost,multi,-time,fixed 100h,1 expl + 4 probes,4,700001,0.0,3756.4918935902415,3756.4918935902415,182.5926829033906,182.5926829033906,3573.899210686851,28.3803505522062,74.52836113447407,False,109053.69865266564,False,0,0.0191304347826086,55.0
MP probes,ConcCost,multi,-time,fixed 100h,1 expl + 4 probes,4,700002,0.0,3553.1316098210664,3553.1316098210664,-143.4866134654858,-143.4866134654858,3696.618223286552,28.923085584339717,96.28157823125498,False,100174.52728656014,False,0,0.0,50.0
MP probes,ConcCost,multi,-time,fixed 100h,1 expl + 4 probes,4,700003,0.0,3704.928416354213,3704.928416354213,178.33981620479108,178.33981620479108,3526.588600149422,27.784857951891865,77.94403130785514,False,108174.7645155446,False,0,0.0208695652173913,60.0
MP probes,ConcCost,multi,-time,fixed 100h,1 expl + 4 probes,4,700004,0.0,3015.334900440107,3015.334900440107,-199.1717063171909,-199.1717063171909,3214.506606757298,23.627824231583855,87.20985783474477,False,102724.09181560409,False,0,0.0234782608695652,50.0
MP probes,ConcCost,multi,-time,fixed 100h,1 expl + 4 probes,4,700005,0.0,4035.496123689305,4035.496123689305,-86.49874705019465,-86.49874705019465,4121.9948707395,32.3183150979566,90.04798546342653,False,102973.3849950994,False,0,0.0,50.0
MP probes,ConcCost,multi,-time,fixed 100h,1 expl + 4 probes,4,700006,0.0,3822.002580701924,3822.002580701924,-163.75562803716457,-163.75562803716457,3985.758208739089,29.862308932798136,89.56922557352092,False,101931.9214887278,False,0,0.0,50.0
MP probes,ConcCost,multi,-time,fixed 100h,1 expl + 4 probes,4,700007,0.0,3133.747139268624,3133.747139268624,-221.4521675731603,-221.4521675731603,3355.199306841784,24.5692288324478,87.72692788652844,False,102128.79085065666,False,0,0.0,50.0
MP probes,ConcCost,multi,-time,fixed 100h,1 expl + 4 probes,4,700008,0.0,3464.88238881192,3464.88238881192,161.05439343800072,161.05439343800072,3303.8279953739193,25.54186883861668,76.65098554386834,False,107223.0595360115,False,0,0.0234782608695652,60.0
MP probes,ConcCost,multi,-time,fixed 100h,1 expl + 4 probes,4,700009,0.0,3557.1817761744405,3557.1817761744405,168.3914727556944,168.3914727556944,3388.790303418746,26.17919038141075,78.06868853429619,False,107898.7283873451,False,0,0.0104347826086956,60.0
MP probes,ConcCost,multi,-time,fixed 100h,1 expl + 4 probes,4,700000,20.0,3397.076708782344,3397.076708782344,148.76626758991642,148.76626758991642,3248.310441192428,27.255780488271455,80.79366241296486,False,99660.83087078882,False,0,0.0121739130434782,65.0
MP probes,ConcCost,multi,-time,fixed 100h,1 expl + 4 probes,4,700001,20.0,3549.537576604357,3549.537576604357,148.68328342724362,148.68328342724362,3400.8542931771135,27.94746155882689,72.54637667238124,False,104822.90972072796,False,0,0.0191304347826086,70.0
MP probes,ConcCost,multi,-time,fixed 100h,1 expl + 4 probes,4,700002,20.0,3768.187585013904,3768.187585013904,181.2973228752826,181.2973228752826,3586.8902621386214,30.62329558321307,87.9389205105481,False,97821.51894087554,False,0,0.0,65.0
MP probes,ConcCost,multi,-time,fixed 100h,1 expl + 4 probes,4,700003,20.0,3485.468609542638,3485.468609542638,151.97645404544846,151.97645404544846,3333.4921554971897,27.266846930965272,75.39634441962376,False,103663.78800376512,False,0,0.0208695652173913,75.0
MP probes,ConcCost,multi,-time,fixed 100h,1 expl + 4 probes,4,700004,20.0,3144.9807427771743,3144.9807427771743,124.09559026480747,124.09559026480747,3020.885152512367,24.698251261296058,78.76660925948993,False,100676.76156479237,False,0,0.0243478260869565,65.0
MP probes,ConcCost,multi,-time,fixed 100h,1 expl + 4 probes,4,700005,20.0,4100.029416578045,4100.029416578045,221.68137508309792,221.68137508309792,3878.348041494947,33.362516662046396,83.73760017852668,False,99383.64831400332,False,0,0.0,70.0
MP probes,ConcCost,multi,-time,fixed 100h,1 expl + 4 probes,4,700006,20.0,3943.8373445238353,3943.8373445238353,219.9927969279147,219.9927969279147,3723.8445475959206,31.041682272318592,83.44283440563852,False,99079.2940190596,False,0,0.0,65.0
MP probes,ConcCost,multi,-time,fixed 100h,1 expl + 4 probes,4,700007,20.0,3261.8490659049576,3261.8490659049576,138.72974914982387,138.72974914982387,3123.1193167551337,25.610127899743283,80.63352246225261,False,100083.0089181914,False,0,0.0,60.0
MP probes,ConcCost,multi,-time,fixed 100h,1 expl + 4 probes,4,700008,20.0,3232.6998925243815,3232.6998925243815,125.49874284035468,125.49874284035468,3107.201149684027,24.887168271423405,74.05173970901598,False,102987.42685790495,False,0,0.0243478260869565,75.0
MP probes,ConcCost,multi,-time,fixed 100h,1 expl + 4 probes,4,700009,20.0,3331.603795236372,3331.603795236372,140.98545762037202,140.98545762037202,3190.618337616,25.64751323305294,75.67629619750664,False,103501.64217753372,False,0,0.0104347826086956,75.0
MP probes,ConcCost,multi,-time,fixed 100h,1 expl + 4 probes,4,700000,40.0,3163.1498073279927,3163.1498073279927,145.9681952219048,145.9681952219048,3017.181612106088,26.462265866054334,77.45009328515658,False,95799.5143815468,False,0,0.0121739130434782,80.0
MP probes,ConcCost,multi,-time,fixed 100h,1 expl + 4 probes,4,700001,40.0,3376.5932128124505,3376.5932128124505,159.25419177267622,159.25419177267622,3217.3390210397743,27.67055197774501,69.49925314220441,False,100662.03583907946,False,0,0.0191304347826086,90.0
MP probes,ConcCost,multi,-time,fixed 100h,1 expl + 4 probes,4,700002,40.0,3539.672977938024,3539.672977938024,194.629326884301,194.629326884301,3345.043651053723,29.81934706428125,84.09586428994574,False,93640.19485534183,False,0,0.0,80.0
MP probes,ConcCost,multi,-time,fixed 100h,1 expl + 4 probes,4,700003,40.0,3290.4559911029473,3290.4559911029473,151.20606086639827,151.20606086639827,3139.249930236549,26.7757059290695,72.14317454750524,False,99354.6895341085,False,0,0.0208695652173913,90.0
MP probes,ConcCost,multi,-time,fixed 100h,1 expl + 4 probes,4,700004,40.0,2922.730114350534,2922.730114350534,125.3745237774292,125.3745237774292,2797.355590573105,23.88707735093115,76.07016960897711,False,97577.28256201358,False,0,0.0243478260869565,75.0
MP probes,ConcCost,multi,-time,fixed 100h,1 expl + 4 probes,4,700005,40.0,3844.0579664676234,3844.0579664676234,231.84626568600515,231.84626568600515,3612.211700781618,32.54237681674691,79.65146276437387,False,95012.05878165108,False,0,0.0,80.0
MP probes,ConcCost,multi,-time,fixed 100h,1 expl + 4 probes,4,700006,40.0,3677.486885185356,3677.486885185356,224.56780049362123,224.56780049362123,3452.919084691735,30.105110013872952,78.80247337637113,False,95783.17988671568,False,0,0.0,80.0
MP probes,ConcCost,multi,-time,fixed 100h,1 expl + 4 probes,4,700007,40.0,3046.1618150226036,3046.1618150226036,133.9278249844706,133.9278249844706,2912.233990038133,24.894820241984466,76.7079392443806,False,96632.6232604206,False,0,0.0,75.0
MP probes,ConcCost,multi,-time,fixed 100h,1 expl + 4 probes,4,700008,40.0,3070.8583717019565,3070.8583717019565,145.49580622053827,145.49580622053827,2925.362565481418,24.56995864473102,71.38902369422348,False,99429.9812187397,False,0,0.0243478260869565,90.0
MP probes,ConcCost,multi,-time,fixed 100h,1 expl + 4 probes,4,700009,40.0,3146.0691783018683,3146.0691783018683,153.1956759808736,153.1956759808736,2992.8735023209947,25.157912673721462,72.8144428813352,False,100043.5315262775,False,0,0.0104347826086956,90.0
MP probes,ConcCost,multi,-time,fixed 100h,1 expl + 4 probes,4,700000,60.0,2953.873480341059,2953.873480341059,157.44334985087607,157.44334985087607,2796.430130490183,25.713501327123552,71.2780434435698,False,92686.90910010344,False,0,0.0121739130434782,95.0
MP probes,ConcCost,multi,-time,fixed 100h,1 expl + 4 probes,4,700001,60.0,3208.4731733991603,3208.4731733991603,173.48278387654864,173.48278387654864,3034.9903895226116,27.186528974387315,64.56924618875681,False,97483.61148305038,False,0,0.0191304347826086,115.0
MP probes,ConcCost,multi,-time,fixed 100h,1 expl + 4 probes,4,700002,60.0,3266.258635614724,3266.258635614724,193.87901390603383,193.87901390603383,3072.37962170869,28.535263214698972,81.83125115243134,False,89957.70149221836,False,0,0.0,95.0
MP probes,ConcCost,multi,-time,fixed 100h,1 expl + 4 probes,4,700003,60.0,3045.763381790573,3045.763381790573,166.79179286367253,166.79179286367253,2878.9715889269005,25.8549035442672,69.65633904723997,False,95870.94532005976,False,0,0.0208695652173913,110.0
MP probes,ConcCost,multi,-time,fixed 100h,1 expl + 4 probes,4,700004,60.0,2715.440666864396,2715.440666864396,139.49561355019068,139.49561355019068,2575.9450533142053,23.064943261407368,69.33682591352878,False,94222.93485408534,False,0,0.0243478260869565,100.0
MP probes,ConcCost,multi,-time,fixed 100h,1 expl + 4 probes,4,700005,60.0,3548.928139835638,3548.928139835638,214.4998806501867,214.4998806501867,3334.428259185451,31.25566654557275,78.08618748560974,False,91791.5793917886,False,0,0.0,95.0
MP probes,ConcCost,multi,-time,fixed 100h,1 expl + 4 probes,4,700006,60.0,3427.3712509193615,3427.3712509193615,239.1861356782474,239.1861356782474,3188.185115241114,29.127222151461854,72.76136745010534,False,92646.75143619912,False,0,0.0,100.0
MP probes,ConcCost,multi,-time,fixed 100h,1 expl + 4 probes,4,700007,60.0,2850.530684556666,2850.530684556666,152.541569629057,152.541569629057,2697.989114927609,24.155412120809626,69.72465777111807,False,93596.00404090206,False,0,0.0,100.0
MP probes,ConcCost,multi,-time,fixed 100h,1 expl + 4 probes,4,700008,60.0,2871.134001063578,2871.134001063578,152.65891905562194,152.65891905562194,2718.475082007956,23.89602249764573,66.97146641923834,False,96076.31844637124,False,0,0.0243478260869565,110.0
MP probes,ConcCost,multi,-time,fixed 100h,1 expl + 4 probes,4,700009,60.0,2940.605381349751,2940.605381349751,158.35038508302114,158.35038508302114,2782.25499626673,24.436964899710663,68.06273137935918,False,96740.81375871685,False,0,0.0104347826086956,110.0
MP probes,ConcCost,multi,-time,fixed 100h,1 expl + 4 probes,4,700000,80.0,2688.6804408357298,2688.6804408357298,171.4702707780043,171.4702707780043,2517.2101700577255,24.32851623118572,68.47212470747351,False,89674.1888304436,False,0,0.0121739130434782,120.0
MP probes,ConcCost,multi,-time,fixed 100h,1 expl + 4 probes,4,700001,80.0,2932.243849047723,2932.243849047723,195.2980516125831,195.2980516125831,2736.94579743514,25.890519893767785,63.91247726359473,False,93941.76178689057,False,0,0.0191304347826086,125.0
MP probes,ConcCost,multi,-time,fixed 100h,1 expl + 4 probes,4,700002,80.0,2939.6841786606033,2939.6841786606033,188.20722016866875,188.20722016866875,2751.4769584919345,26.623063708477897,79.21111782696937,False,87217.24107767062,False,0,0.0,110.0
MP probes,ConcCost,multi,-time,fixed 100h,1 expl + 4 probes,4,700003,80.0,2807.0706546968595,2807.0706546968595,190.9233441350384,190.9233441350384,2616.147310561821,24.67937170432489,67.48590792558896,False,92654.9662657936,False,0,0.0208695652173913,125.0
MP probes,ConcCost,multi,-time,fixed 100h,1 expl + 4 probes,4,700004,80.0,2479.076785268793,2479.076785268793,160.18690169482034,160.18690169482034,2318.889883573973,21.862096225895556,63.96388255284459,False,91247.12365625265,False,0,0.0243478260869565,120.0
MP probes,ConcCost,multi,-time,fixed 100h,1 expl + 4 probes,4,700005,80.0,3140.5003560237883,3140.5003560237883,158.37473510469727,158.37473510469727,2982.125620919091,28.695029042618135,75.91213994825591,False,88994.15436158294,False,0,0.0,115.0
MP probes,ConcCost,multi,-time,fixed 100h,1 expl + 4 probes,4,700006,80.0,3045.697106823349,3045.697106823349,184.1120151814639,184.1120151814639,2861.585091641885,26.95923760646271,70.93250170217875,False,89572.50693289915,False,0,0.0,115.0
MP probes,ConcCost,multi,-time,fixed 100h,1 expl + 4 probes,4,700007,80.0,2612.8650202894955,2612.8650202894955,158.62445580536723,158.62445580536723,2454.2405644841283,23.000271537798863,66.19384198780585,False,90669.55786156426,False,0,0.0,120.0
MP probes,ConcCost,multi,-time,fixed 100h,1 expl + 4 probes,4,700008,80.0,2643.4900127092783,2643.4900127092783,176.21775575623724,176.21775575623724,2467.272256953041,22.874764382951778,62.52821664609373,False,92751.37439941237,False,0,0.0243478260869565,125.0
MP probes,ConcCost,multi,-time,fixed 100h,1 expl + 4 probes,4,700009,80.0,2665.761462356442,2665.761462356442,170.62370286908072,170.62370286908072,2495.137759487361,23.00578010168489,65.40835102347317,False,93498.68625098576,False,0,0.0104347826086956,120.0
MP Type2 biomass split,ConcCost,multi,-time,biomass split,5 expl,4,700000,0.0,3888.467721127781,3888.467721127781,421.1388188629562,421.1388188629562,3467.3289022648246,29.38830418602764,84.51551373013606,False,107414.67864153576,False,0,0.0113043478260869,70.0
MP Type2 biomass split,ConcCost,multi,-time,biomass split,5 expl,4,700001,0.0,4141.975157290517,4141.975157290517,568.0759466036661,568.0759466036661,3573.899210686851,30.72532229159132,75.94891386814709,False,112096.93950267964,False,0,0.0191304347826086,80.0
MP Type2 biomass split,ConcCost,multi,-time,biomass split,5 expl,4,700002,0.0,3304.604082484547,0.0,-392.0141408020054,-3696.618223286552,3696.618223286552,25.110690236442196,101.4128630004729,True,101995.92257609896,False,1,0.0,70.0
MP Type2 biomass split,ConcCost,multi,-time,biomass split,5 expl,4,700003,0.0,4006.392320780568,4006.392320780568,479.803720631146,479.803720631146,3526.588600149422,29.455518883279993,79.89559888489423,False,112096.9178163458,False,0,0.0208695652173913,80.0
MP Type2 biomass split,ConcCost,multi,-time,biomass split,5 expl,4,700004,0.0,3654.772694542943,3654.772694542943,440.26608778564514,440.26608778564514,3214.506606757298,26.907629855957264,82.38365966972317,False,109752.54312298128,False,0,0.0243478260869565,70.0
MP Type2 biomass split,ConcCost,multi,-time,biomass split,5 expl,4,700005,0.0,4263.81312574197,4263.81312574197,141.81825500247032,141.81825500247032,4121.9948707395,33.10157613459772,89.73620226466055,False,104422.14642526042,False,0,0.0,75.0
MP Type2 biomass split,ConcCost,multi,-time,biomass split,5 expl,4,700006,0.0,4424.589185925752,4424.589185925752,438.83097718666295,438.83097718666295,3985.758208739089,33.00925642360256,86.53857595533876,False,106259.08542545322,False,0,0.0,70.0
MP Type2 biomass split,ConcCost,multi,-time,biomass split,5 expl,4,700007,0.0,3762.870028114218,3762.870028114218,407.67072127243364,407.67072127243364,3355.199306841784,27.783586161646472,83.37801137511835,False,108500.34442518484,False,0,0.0,70.0
MP Type2 biomass split,ConcCost,multi,-time,biomass split,5 expl,4,700008,0.0,3778.03259333596,3778.03259333596,474.2045979620407,474.2045979620407,3303.8279953739193,27.20571769777457,78.14486653835246,False,112827.28277919708,False,0,0.0243478260869565,80.0
MP Type2 biomass split,ConcCost,multi,-time,biomass split,5 expl,4,700009,0.0,3861.9852941115287,3861.9852941115287,473.19499069278254,473.19499069278254,3388.790303418746,27.850755550910307,79.89430300802265,False,113245.6949760294,False,0,0.0104347826086956,80.0
MP Type2 biomass split,ConcCost,multi,-time,biomass split,5 expl,4,700000,20.0,3723.972474080512,3723.972474080512,475.662032888084,475.662032888084,3248.310441192428,28.77932902533033,83.1802868324721,False,106262.01223124232,False,0,0.0121739130434782,75.0
MP Type2 biomass split,ConcCost,multi,-time,biomass split,5 expl,4,700001,20.0,4016.35631590483,4016.35631590483,615.5020227277164,615.5020227277164,3400.8542931771135,30.391360328898266,75.34535701054378,False,111266.28222020464,False,0,0.02,80.0
MP Type2 biomass split,ConcCost,multi,-time,biomass split,5 expl,4,700002,20.0,3185.90110430355,3185.90110430355,-400.98915783507164,-400.98915783507164,3586.8902621386214,24.685320383136872,93.57169997668822,False,99922.8439780391,False,0,0.0,85.0
MP Type2 biomass split,ConcCost,multi,-time,biomass split,5 expl,4,700003,20.0,3861.7009593146904,3861.7009593146904,528.2088038175007,528.2088038175007,3333.4921554971897,29.056701365350357,77.63762897269888,False,110237.25368276892,False,0,0.0217391304347826,85.0
MP Type2 biomass split,ConcCost,multi,-time,biomass split,5 expl,4,700004,20.0,3481.2067543688836,3481.2067543688836,460.32160185651674,460.32160185651674,3020.885152512367,26.262734365864773,81.1523201574885,False,108394.43442091226,False,0,0.0243478260869565,75.0
MP Type2 biomass split,ConcCost,multi,-time,biomass split,5 expl,4,700005,20.0,4208.821542932696,4208.821542932696,330.4735014377484,330.4735014377484,3878.348041494947,33.17473376473639,86.71484986297563,False,103949.72418311697,False,0,0.0,75.0
MP Type2 biomass split,ConcCost,multi,-time,biomass split,5 expl,4,700006,20.0,4131.728885173903,4131.728885173903,407.8843375779825,407.8843375779825,3723.8445475959206,31.885289440952015,81.20002970730066,False,103919.15908947508,False,0,0.0,85.0
MP Type2 biomass split,ConcCost,multi,-time,biomass split,5 expl,4,700007,20.0,3535.529215757144,3535.529215757144,412.4098990020102,412.4098990020102,3123.1193167551337,27.13635522922642,77.70274992177954,False,105323.7815006054,False,0,0.0,85.0
MP Type2 biomass split,ConcCost,multi,-time,biomass split,5 expl,4,700008,20.0,3637.152976536139,3637.152976536139,529.9518268521119,529.9518268521119,3107.201149684027,26.81455734255921,76.41212702150119,False,111191.227976266,False,0,0.0243478260869565,85.0
MP Type2 biomass split,ConcCost,multi,-time,biomass split,5 expl,4,700009,20.0,3695.1984267733255,3695.1984267733255,504.58008915732535,504.58008915732535,3190.618337616,27.379693198883224,76.65481346082949,False,111007.25883789762,False,0,0.0104347826086956,85.0
MP Type2 biomass split,ConcCost,multi,-time,biomass split,5 expl,4,700000,40.0,3402.346723023981,3402.346723023981,385.16511091789334,385.16511091789334,3017.181612106088,27.743779588000855,77.43438900838397,False,101859.94440137656,False,0,0.0121739130434782,95.0
MP Type2 biomass split,ConcCost,multi,-time,biomass split,5 expl,4,700001,40.0,3704.631478904141,3704.631478904141,487.29245786436695,487.29245786436695,3217.3390210397743,29.334545064804793,72.03926689153695,False,107457.8470838015,False,0,0.02,110.0
MP Type2 biomass split,ConcCost,multi,-time,biomass split,5 expl,4,700002,40.0,3162.069111785231,3162.069111785231,-182.97453926849175,-182.97453926849175,3345.043651053723,25.05880734089024,90.59582658993725,False,98585.06954970796,False,0,0.0,95.0
MP Type2 biomass split,ConcCost,multi,-time,biomass split,5 expl,4,700003,40.0,3274.0865642268855,3274.0865642268855,134.8366339903364,134.8366339903364,3139.249930236549,25.61815177662663,76.67178167269626,False,105487.8693419119,False,0,0.0217391304347826,110.0
MP Type2 biomass split,ConcCost,multi,-time,biomass split,5 expl,4,700004,40.0,3213.3866015329786,3213.3866015329786,416.0310109598736,416.0310109598736,2797.355590573105,25.536822051259424,72.39130162160858,False,103503.70840306404,False,0,0.0243478260869565,95.0
MP Type2 biomass split,ConcCost,multi,-time,biomass split,5 expl,4,700005,40.0,3446.1093777945453,3446.1093777945453,-166.10232298707297,-166.10232298707297,3612.211700781618,27.40163441148964,83.86728604102531,False,100768.30001416628,False,0,0.0,95.0
MP Type2 biomass split,ConcCost,multi,-time,biomass split,5 expl,4,700006,40.0,3853.021441983068,3853.021441983068,400.1023572913332,400.1023572913332,3452.919084691735,30.69165343401554,78.33353300665226,False,101512.67552467024,False,0,0.0,100.0
MP Type2 biomass split,ConcCost,multi,-time,biomass split,5 expl,4,700007,40.0,3355.772375302884,3355.772375302884,443.538385264751,443.538385264751,2912.233990038133,26.524307963036165,74.7054253555498,False,102894.65232968764,False,0,0.0,95.0
MP Type2 biomass split,ConcCost,multi,-time,biomass split,5 expl,4,700008,40.0,3348.0981835036555,3348.0981835036555,422.7356180222373,422.7356180222373,2925.362565481418,25.984869829558967,70.95873436725134,False,106334.70741913184,False,0,0.0243478260869565,110.0
MP Type2 biomass split,ConcCost,multi,-time,biomass split,5 expl,4,700009,40.0,3390.319724155816,3390.319724155816,397.44622183482124,397.44622183482124,2992.8735023209947,26.262494886051215,74.30949534062427,False,107066.36186089132,False,0,0.0104347826086956,100.0
MP Type2 biomass split,ConcCost,multi,-time,biomass split,5 expl,4,700000,60.0,3189.025873327647,3189.025873327647,392.59574283746406,392.59574283746406,2796.430130490183,26.73178232518011,76.11478074773342,False,99759.76774229556,False,0,0.0121739130434782,115.0
MP Type2 biomass split,ConcCost,multi,-time,biomass split,5 expl,4,700001,60.0,3179.373423803169,3179.373423803169,144.38303428055724,144.38303428055724,3034.9903895226116,25.3564454608899,71.59807186902678,False,105435.8818022455,False,0,0.02,120.0
MP Type2 biomass split,ConcCost,multi,-time,biomass split,5 expl,4,700002,60.0,2880.5971852507864,2880.5971852507864,-191.7824364579037,-191.7824364579037,3072.37962170869,23.273102871116222,89.27205273703291,False,96000.32675784871,False,0,0.0,110.0
MP Type2 biomass split,ConcCost,multi,-time,biomass split,5 expl,4,700003,60.0,2792.084824531391,2792.084824531391,-86.88676439550954,-86.88676439550954,2878.9715889269005,22.27302471164584,76.6602057984515,False,102965.91705560929,False,0,0.0217391304347826,115.0
MP Type2 biomass split,ConcCost,multi,-time,biomass split,5 expl,4,700004,60.0,2975.642546472858,2975.642546472858,399.69749315865283,399.69749315865283,2575.9450533142053,24.355386249635803,70.71761115124143,False,101471.88748736613,False,0,0.0243478260869565,115.0
MP Type2 biomass split,ConcCost,multi,-time,biomass split,5 expl,4,700005,60.0,3272.345556204931,3272.345556204931,-62.082702980520025,-62.082702980520025,3334.428259185451,26.98514420915234,83.03741331105542,False,98490.73773283296,False,0,0.0,110.0
MP Type2 biomass split,ConcCost,multi,-time,biomass split,5 expl,4,700006,60.0,3615.686602950309,3615.686602950309,427.50148770919486,427.50148770919486,3188.185115241114,29.64802398809772,76.12761760807531,False,99117.15270617614,False,0,0.0,115.0
MP Type2 biomass split,ConcCost,multi,-time,biomass split,5 expl,4,700007,60.0,3104.9658204510997,3104.9658204510997,406.97670552349064,406.97670552349064,2697.989114927609,25.27109070369529,73.29021741287016,False,100961.435508233,False,0,0.0,115.0
MP Type2 biomass split,ConcCost,multi,-time,biomass split,5 expl,4,700008,60.0,3107.8191123193255,3107.8191123193255,389.34403031136935,389.34403031136935,2718.475082007956,24.947026350118342,70.79976336464456,False,103500.28740918028,False,0,0.0243478260869565,120.0
MP Type2 biomass split,ConcCost,multi,-time,biomass split,5 expl,4,700009,60.0,3176.2336956061304,3176.2336956061304,393.97869933940046,393.97869933940046,2782.25499626673,25.31080490363535,73.4275265003488,False,104533.13221625167,False,0,0.0104347826086956,115.0
MP Type2 biomass split,ConcCost,multi,-time,biomass split,5 expl,4,700000,80.0,2757.71225534691,2757.71225534691,240.50208528918438,240.50208528918438,2517.2101700577255,24.030347647963776,72.06618638073257,False,96452.49984954686,False,0,0.0121739130434782,130.0
MP Type2 biomass split,ConcCost,multi,-time,biomass split,5 expl,4,700001,80.0,2701.8234487271625,2701.8234487271625,-35.12234870797738,-35.12234870797738,2736.94579743514,22.418118189235056,70.56835238238668,False,101503.33751381988,False,0,0.02,140.0
MP Type2 biomass split,ConcCost,multi,-time,biomass split,5 expl,4,700002,80.0,2722.0565933282674,2722.0565933282674,-29.420365163667157,-29.420365163667157,2751.4769584919345,23.284996749816987,82.14578333394606,False,92623.272060858,False,0,0.0,120.0
MP Type2 biomass split,ConcCost,multi,-time,biomass split,5 expl,4,700003,80.0,2787.471948855147,2787.471948855147,171.32463829332573,171.32463829332573,2616.147310561821,23.820051882782924,71.54475785244948,False,99022.928777524,False,0,0.0217391304347826,130.0
MP Type2 biomass split,ConcCost,multi,-time,biomass split,5 expl,4,700004,80.0,2610.930664297793,2610.930664297793,292.04078072382026,292.04078072382026,2318.889883573973,22.40896953243558,67.1657683836601,False,97541.18171415685,False,0,0.0243478260869565,130.0
MP Type2 biomass split,ConcCost,multi,-time,biomass split,5 expl,4,700005,80.0,2783.4995106534207,2783.4995106534207,-198.62611026567038,-198.62611026567038,2982.125620919091,23.87664908460619,80.83238357105763,False,94474.50727051994,False,0,0.0,125.0
MP Type2 biomass split,ConcCost,multi,-time,biomass split,5 expl,4,700006,80.0,3183.311868161274,3183.311868161274,321.7267765193892,321.7267765193892,2861.585091641885,27.39076162006497,72.13415993616393,False,94791.87847746536,False,0,0.0,125.0
MP Type2 biomass split,ConcCost,multi,-time,biomass split,5 expl,4,700007,80.0,2756.8770219642047,2756.8770219642047,302.6364574800764,302.6364574800764,2454.2405644841283,23.442759398710184,69.26788586307285,False,96930.3494305675,False,0,0.0,130.0
MP Type2 biomass split,ConcCost,multi,-time,biomass split,5 expl,4,700008,80.0,2755.6030175561164,2755.6030175561164,288.3307606030753,288.3307606030753,2467.272256953041,23.220150742925608,66.50197269255163,False,98662.943285961,False,0,0.0243478260869565,140.0
MP Type2 biomass split,ConcCost,multi,-time,biomass split,5 expl,4,700009,80.0,2774.13233950658,2774.13233950658,278.99458001921903,278.99458001921903,2495.137759487361,23.18954245138108,68.98495877389962,False,99908.46302689936,False,0,0.0104347826086956,130.0
MP Type3 biomass split+blend,ConcCost,multi,-time,biomass split+blend,5 expl,4,700000,0.0,3499.6818286577727,3499.6818286577727,32.35292639294812,32.35292639294812,3467.3289022648246,27.357336788265982,83.49030643392186,False,101734.75685288712,False,0,0.0113043478260869,55.0
MP Type3 biomass split+blend,ConcCost,multi,-time,biomass split+blend,5 expl,4,700001,0.0,3716.482307939119,3716.482307939119,142.5830972522681,142.5830972522681,3573.899210686851,28.22582667445884,73.24318502503438,False,107086.34646309816,False,0,0.0191304347826086,60.0
MP Type3 biomass split+blend,ConcCost,multi,-time,biomass split+blend,5 expl,4,700002,0.0,3629.52338021737,3629.52338021737,-67.09484306918239,-67.09484306918239,3696.618223286552,29.48065934387484,93.12337989581523,False,99101.9033529974,False,0,0.0,55.0
MP Type3 biomass split+blend,ConcCost,multi,-time,biomass split+blend,5 expl,4,700003,0.0,3667.497880537297,3667.497880537297,140.90928038787524,140.90928038787524,3526.588600149422,27.60265799285047,76.66039138243029,False,106513.27072588734,False,0,0.02,65.0
MP Type3 biomass split+blend,ConcCost,multi,-time,biomass split+blend,5 expl,4,700004,0.0,3212.554379037966,3212.554379037966,-1.9522277193318587,-1.9522277193318587,3214.506606757298,24.64412278354884,82.48332002209168,False,103201.14847932584,False,0,0.0234782608695652,55.0
MP Type3 biomass split+blend,ConcCost,multi,-time,biomass split+blend,5 expl,4,700005,0.0,4278.139489064008,4278.139489064008,156.14461832450797,156.14461832450797,4121.9948707395,33.74282552311159,85.6074182570258,False,101960.09735979524,False,0,0.0,55.0
MP Type3 biomass split+blend,ConcCost,multi,-time,biomass split+blend,5 expl,4,700006,0.0,4111.310396837382,4111.310396837382,125.55218809829285,125.55218809829285,3985.758208739089,31.49220972562511,84.72916436866036,False,101808.57677928316,False,0,0.0,55.0
MP Type3 biomass split+blend,ConcCost,multi,-time,biomass split+blend,5 expl,4,700007,0.0,3339.9334138904223,3339.9334138904223,-15.26589295136182,-15.26589295136182,3355.199306841784,25.72692512421865,83.30584943060204,False,102160.42183992449,False,0,0.0,55.0
MP Type3 biomass split+blend,ConcCost,multi,-time,biomass split+blend,5 expl,4,700008,0.0,3431.349451406272,3431.349451406272,127.52145603235249,127.52145603235249,3303.8279953739193,25.385879270156057,75.28926394522178,False,106865.27007806812,False,0,0.0234782608695652,65.0
MP Type3 biomass split+blend,ConcCost,multi,-time,biomass split+blend,5 expl,4,700009,0.0,3517.289399520645,3517.289399520645,128.49909610189889,128.49909610189889,3388.790303418746,26.026832189133103,76.75498816364546,False,107544.94572572468,False,0,0.0095652173913043,65.0
MP Type3 biomass split+blend,ConcCost,multi,-time,biomass split+blend,5 expl,4,700000,20.0,3399.6983851860787,3399.6983851860787,151.38794399365088,151.38794399365088,3248.310441192428,27.33412141536052,79.1548914900967,False,99514.66550393427,False,0,0.0113043478260869,70.0
MP Type3 biomass split+blend,ConcCost,multi,-time,biomass split+blend,5 expl,4,700001,20.0,3557.9899706742226,3557.9899706742226,157.1356774971091,157.1356774971091,3400.8542931771135,28.104959800928633,70.7014938000447,False,103815.03007266633,False,0,0.0191304347826086,80.0
MP Type3 biomass split+blend,ConcCost,multi,-time,biomass split+blend,5 expl,4,700002,20.0,3765.1621754855014,3765.1621754855014,178.27191334687996,178.27191334687996,3586.8902621386214,30.87161085471853,85.70327228323754,False,95633.9929345886,False,0,0.0,70.0
MP Type3 biomass split+blend,ConcCost,multi,-time,biomass split+blend,5 expl,4,700003,20.0,3515.42584344435,3515.42584344435,181.93368794716025,181.93368794716025,3333.4921554971897,27.5495751863942,73.61777680494627,False,103229.87751419672,False,0,0.0208695652173913,80.0
MP Type3 biomass split+blend,ConcCost,multi,-time,biomass split+blend,5 expl,4,700004,20.0,3150.5777708648498,3150.5777708648498,129.6926183524829,129.6926183524829,3020.885152512367,24.73543448572829,77.49885067262166,False,101269.21540061668,False,0,0.0243478260869565,70.0
MP Type3 biomass split+blend,ConcCost,multi,-time,biomass split+blend,5 expl,4,700005,20.0,4109.443474850004,4109.443474850004,231.09543335505714,231.09543335505714,3878.348041494947,33.66543069515139,82.08163162192497,False,97975.02695350384,False,0,0.0,75.0
MP Type3 biomass split+blend,ConcCost,multi,-time,biomass split+blend,5 expl,4,700006,20.0,3957.000123869278,3957.000123869278,233.15557627335738,233.15557627335738,3723.8445475959206,31.26026840034779,81.13784807652691,False,99317.65861459143,False,0,0.0,70.0
MP Type3 biomass split+blend,ConcCost,multi,-time,biomass split+blend,5 expl,4,700007,20.0,3283.758424540799,3283.758424540799,160.63910778566515,160.63910778566515,3123.1193167551337,25.85416508423889,78.30167739899613,False,100341.35169684862,False,0,0.0,70.0
MP Type3 biomass split+blend,ConcCost,multi,-time,biomass split+blend,5 expl,4,700008,20.0,3253.78879246976,3253.78879246976,146.58764278573335,146.58764278573335,3107.201149684027,25.04936283166921,72.51384077848155,False,103638.5437072932,False,0,0.0243478260869565,80.0
MP Type3 biomass split+blend,ConcCost,multi,-time,biomass split+blend,5 expl,4,700009,20.0,3347.9801794417945,3347.9801794417945,157.36184182579427,157.36184182579427,3190.618337616,25.80611110309202,73.90529151397887,False,104056.70063703628,False,0,0.0104347826086956,80.0
MP Type3 biomass split+blend,ConcCost,multi,-time,biomass split+blend,5 expl,4,700000,40.0,3236.38469588272,3236.38469588272,219.20308377663196,219.20308377663196,3017.181612106088,26.854650239199223,76.25547733797237,False,97468.61811842029,False,0,0.0113043478260869,80.0
MP Type3 biomass split+blend,ConcCost,multi,-time,biomass split+blend,5 expl,4,700001,40.0,3459.4707296505057,3459.4707296505057,242.1317086107315,242.1317086107315,3217.3390210397743,28.161179176728623,67.69593203120418,False,101814.2978304542,False,0,0.0191304347826086,95.0
MP Type3 biomass split+blend,ConcCost,multi,-time,biomass split+blend,5 expl,4,700002,40.0,3599.646122374273,3599.646122374273,254.6024713205502,254.6024713205502,3345.043651053723,30.246783454889385,84.38198181572832,False,93784.8368664836,False,0,0.0,80.0
MP Type3 biomass split+blend,ConcCost,multi,-time,biomass split+blend,5 expl,4,700003,40.0,3376.580078885498,3376.580078885498,237.33014864894903,237.33014864894903,3139.249930236549,27.368359402467313,70.80163740608718,False,100521.23589269436,False,0,0.0208695652173913,95.0
MP Type3 biomass split+blend,ConcCost,multi,-time,biomass split+blend,5 expl,4,700004,40.0,2988.165124848588,2988.165124848588,190.8095342754832,190.8095342754832,2797.355590573105,24.21939283838361,74.67157499806638,False,99196.24648942376,False,0,0.0243478260869565,80.0
MP Type3 biomass split+blend,ConcCost,multi,-time,biomass split+blend,5 expl,4,700005,40.0,3920.703004238605,3920.703004238605,308.49130345698677,308.49130345698677,3612.211700781618,33.07616498368153,79.56741991065658,False,95964.56744325648,False,0,0.0,85.0
MP Type3 biomass split+blend,ConcCost,multi,-time,biomass split+blend,5 expl,4,700006,40.0,3760.897332401677,3760.897332401677,307.978247709942,307.978247709942,3452.919084691735,30.5939572679746,77.35852905089187,False,97299.3143553061,False,0,0.0,85.0
MP Type3 biomass split+blend,ConcCost,multi,-time,biomass split+blend,5 expl,4,700007,40.0,3134.791647101384,3134.791647101384,222.5576570632511,222.5576570632511,2912.233990038133,25.392561668647815,75.15355308247553,False,98502.40058245209,False,0,0.0,80.0
MP Type3 biomass split+blend,ConcCost,multi,-time,biomass split+blend,5 expl,4,700008,40.0,3143.056385001756,3143.056385001756,217.6938195203379,217.6938195203379,2925.362565481418,24.98079157622297,69.86677357317299,False,100989.81810434393,False,0,0.0243478260869565,95.0
MP Type3 biomass split+blend,ConcCost,multi,-time,biomass split+blend,5 expl,4,700009,40.0,3216.8302031527255,3216.8302031527255,223.9567008317308,223.9567008317308,2992.8735023209947,25.589398801070494,71.25499780075207,False,101450.01157221288,False,0,0.0104347826086956,90.0
MP Type3 biomass split+blend,ConcCost,multi,-time,biomass split+blend,5 expl,4,700000,60.0,3044.633444045142,3044.633444045142,248.2033135549591,248.2033135549591,2796.430130490183,26.18314421589365,71.65704031740543,False,94961.04551059307,False,0,0.0113043478260869,100.0
MP Type3 biomass split+blend,ConcCost,multi,-time,biomass split+blend,5 expl,4,700001,60.0,3298.8024860049727,3298.8024860049727,263.8120964823611,263.8120964823611,3034.9903895226116,27.79137559170623,65.7976496575046,False,99290.32544459606,False,0,0.0191304347826086,120.0
MP Type3 biomass split+blend,ConcCost,multi,-time,biomass split+blend,5 expl,4,700002,60.0,3346.3700461527437,3346.3700461527437,273.9904244440536,273.9904244440536,3072.37962170869,28.96153598862098,82.55062920789916,False,91832.21034316458,False,0,0.0,95.0
MP Type3 biomass split+blend,ConcCost,multi,-time,biomass split+blend,5 expl,4,700003,60.0,3109.4371500267953,3109.4371500267953,230.46556109989479,230.46556109989479,2878.9715889269005,26.262831585910742,70.49332210772197,False,97388.24500677548,False,0,0.0208695652173913,115.0
MP Type3 biomass split+blend,ConcCost,multi,-time,biomass split+blend,5 expl,4,700004,60.0,2788.1221609487857,2788.1221609487857,212.17710763458035,212.17710763458035,2575.9450533142053,23.33993946397555,68.81645096412848,False,96695.92079044251,False,0,0.0243478260869565,100.0
MP Type3 biomass split+blend,ConcCost,multi,-time,biomass split+blend,5 expl,4,700005,60.0,3641.583252667041,3641.583252667041,307.1549934815898,307.1549934815898,3334.428259185451,31.77758005258731,78.66616444551853,False,93717.13439148852,False,0,0.0,100.0
MP Type3 biomass split+blend,ConcCost,multi,-time,biomass split+blend,5 expl,4,700006,60.0,3520.2119972229107,3520.2119972229107,332.0268819817966,332.0268819817966,3188.185115241114,29.606578505443064,73.13527067504856,False,94742.22981145632,False,0,0.0,100.0
MP Type3 biomass split+blend,ConcCost,multi,-time,biomass split+blend,5 expl,4,700007,60.0,2950.900723887594,2950.900723887594,252.91160895998473,252.91160895998473,2697.989114927609,24.69361815346437,69.35972368007738,False,96121.76846707806,False,0,0.0,100.0
MP Type3 biomass split+blend,ConcCost,multi,-time,biomass split+blend,5 expl,4,700008,60.0,2947.068947640588,2947.068947640588,228.5938656326316,228.5938656326316,2718.475082007956,24.2988698370426,66.02838738320303,False,98065.85922622072,False,0,0.0243478260869565,115.0
MP Type3 biomass split+blend,ConcCost,multi,-time,biomass split+blend,5 expl,4,700009,60.0,3013.971251378828,3013.971251378828,231.71625511209822,231.71625511209822,2782.25499626673,24.813415925808624,68.21716815463343,False,98748.81109879084,False,0,0.0104347826086956,115.0
MP Type3 biomass split+blend,ConcCost,multi,-time,biomass split+blend,5 expl,4,700000,80.0,2759.74596539553,2759.74596539553,242.53579533780476,242.53579533780476,2517.2101700577255,24.66890218244575,69.17747298525259,False,91800.88820097422,False,0,0.0113043478260869,125.0
MP Type3 biomass split+blend,ConcCost,multi,-time,biomass split+blend,5 expl,4,700001,80.0,2951.0104368949483,2951.0104368949483,214.0646394598084,214.0646394598084,2736.94579743514,25.951688516195045,64.4836585383409,False,95515.99153609332,False,0,0.0191304347826086,140.0
MP Type3 biomass split+blend,ConcCost,multi,-time,biomass split+blend,5 expl,4,700002,80.0,3036.8160064207013,3036.8160064207013,285.33904792876683,285.33904792876683,2751.4769584919345,27.13971703578109,78.81621920109248,False,89344.78094591424,False,0,0.0,115.0
MP Type3 biomass split+blend,ConcCost,multi,-time,biomass split+blend,5 expl,4,700003,80.0,2815.6960487056313,2815.6960487056313,199.54873814381017,199.54873814381017,2616.147310561821,24.69981918683651,67.52408190459447,False,93924.11671527804,False,0,0.0208695652173913,130.0
MP Type3 biomass split+blend,ConcCost,multi,-time,biomass split+blend,5 expl,4,700004,80.0,2529.7505173364843,2529.7505173364843,210.8606337625115,210.8606337625115,2318.889883573973,22.01254613242048,63.81221419612076,False,93404.18219517714,False,0,0.0243478260869565,125.0
MP Type3 biomass split+blend,ConcCost,multi,-time,biomass split+blend,5 expl,4,700005,80.0,3267.4800586441784,3267.4800586441784,285.35443772508734,285.35443772508734,2982.125620919091,29.50488733899815,75.35548636422101,False,91054.73358571171,False,0,0.0,120.0
MP Type3 biomass split+blend,ConcCost,multi,-time,biomass split+blend,5 expl,4,700006,80.0,3182.386233792708,3182.386233792708,320.8011421508231,320.8011421508231,2861.585091641885,27.823970267597815,70.28711529142063,False,91607.1302348915,False,0,0.0,120.0
MP Type3 biomass split+blend,ConcCost,multi,-time,biomass split+blend,5 expl,4,700007,80.0,2703.390962724583,2703.390962724583,249.1503982404547,249.1503982404547,2454.2405644841283,23.5249145720864,66.73670873408864,False,92772.32650364446,False,0,0.0,120.0
MP Type3 biomass split+blend,ConcCost,multi,-time,biomass split+blend,5 expl,4,700008,80.0,2690.8757117969108,2690.8757117969108,223.6034548438697,223.6034548438697,2467.272256953041,23.08224979677516,62.62456499769947,False,94475.9011638371,False,0,0.0243478260869565,130.0
MP Type3 biomass split+blend,ConcCost,multi,-time,biomass split+blend,5 expl,4,700009,80.0,2703.4851726448906,2703.4851726448906,208.34741315752945,208.34741315752945,2495.137759487361,23.136955168706347,65.3632243907633,False,95215.1760020526,False,0,0.0104347826086956,125.0
MassCost SP +time,MassCost,single,+time,-,5 expl,4,700000,0.0,3632.9686972665486,3632.9686972665486,165.639795001724,165.639795001724,3467.3289022648246,28.176467942342832,80.71532645540864,False,104819.66349915744,False,0,0.0113043478260869,
MassCost SP +time,MassCost,single,+time,-,5 expl,4,700001,0.0,4115.888804898039,4115.888804898039,541.989594211188,541.989594211188,3573.899210686851,30.642754053477613,75.99600166312294,False,112382.3335325519,False,0,0.0191304347826086,
MassCost SP +time,MassCost,single,+time,-,5 expl,4,700002,0.0,4045.303075756564,4045.303075756564,348.6848524700117,348.6848524700117,3696.618223286552,31.877130670911335,86.46946423781958,False,101342.60693264814,False,0,0.0,
MassCost SP +time,MassCost,single,+time,-,5 expl,4,700003,0.0,3939.756567312411,3939.756567312411,413.16796716298904,413.16796716298904,3526.588600149422,29.10313999933577,79.2728992390583,False,112522.75098393188,False,0,0.0208695652173913,
MassCost SP +time,MassCost,single,+time,-,5 expl,4,700004,0.0,3420.3203741073244,3420.3203741073244,205.8137673500264,205.8137673500264,3214.506606757298,25.761689769746443,79.1050473246928,False,107093.4565543474,False,0,0.0243478260869565,
MassCost SP +time,MassCost,single,+time,-,5 expl,4,700005,0.0,4392.622228603646,4392.622228603646,270.6273578641467,270.6273578641467,4121.9948707395,34.65417473047595,84.19774367986815,False,103812.8040098738,False,0,0.0,
MassCost SP +time,MassCost,single,+time,-,5 expl,4,700006,0.0,4320.485907045688,4320.485907045688,334.727698306599,334.727698306599,3985.758208739089,32.73157096122553,82.48714836347988,False,105125.92629705407,False,0,0.0,
MassCost SP +time,MassCost,single,+time,-,5 expl,4,700007,0.0,3624.6695700841487,3624.6695700841487,269.4702632423646,269.4702632423646,3355.199306841784,27.287677953793125,79.89769886484473,False,106469.6063899822,False,0,0.0,
MassCost SP +time,MassCost,single,+time,-,5 expl,4,700008,0.0,3692.101490388047,3692.101490388047,388.27349501412755,388.27349501412755,3303.8279953739193,26.76066375077469,77.96343030772599,False,112739.44430807488,False,0,0.0243478260869565,
MassCost SP +time,MassCost,single,+time,-,5 expl,4,700009,0.0,3776.3840927254782,3776.3840927254782,387.5937893067321,387.5937893067321,3388.790303418746,27.423386319309813,79.16231122418036,False,113088.5576432899,False,0,0.0104347826086956,
MassCost SP +time,MassCost,single,+time,-,5 expl,4,700000,20.0,3667.710150461359,3667.710150461359,419.399709268931,419.399709268931,3248.310441192428,28.631293704178443,80.70704606858851,False,106278.0235861998,False,0,0.0121739130434782,
MassCost SP +time,MassCost,single,+time,-,5 expl,4,700001,20.0,4100.862180604374,4100.862180604374,700.0078874272604,700.0078874272604,3400.8542931771135,31.020322181559635,75.61664421086232,False,112411.34610242557,False,0,0.02,
MassCost SP +time,MassCost,single,+time,-,5 expl,4,700002,20.0,3407.3679836336114,3407.3679836336114,-179.52227850501004,-179.52227850501004,3586.8902621386214,25.9129017198227,89.37442998525371,False,101505.92319232396,False,0,0.0,
MassCost SP +time,MassCost,single,+time,-,5 expl,4,700003,20.0,3543.9853876553684,3543.9853876553684,210.49323215817867,210.49323215817867,3333.4921554971897,26.087375159956807,78.34741805644705,False,111649.16955194827,False,0,0.0217391304347826,
MassCost SP +time,MassCost,single,+time,-,5 expl,4,700004,20.0,3431.679511977098,3431.679511977098,410.7943594647313,410.7943594647313,3020.885152512367,26.03179463608868,79.1670621002598,False,108421.89528985276,False,0,0.0243478260869565,
MassCost SP +time,MassCost,single,+time,-,5 expl,4,700005,20.0,4060.475759174005,4060.475759174005,182.1277176790577,182.1277176790577,3878.348041494947,31.65122718831523,84.60125363840126,False,104794.75504587096,False,0,0.0,
MassCost SP +time,MassCost,single,+time,-,5 expl,4,700006,20.0,4307.942928407383,4307.942928407383,584.0983808114624,584.0983808114624,3723.8445475959206,32.683024136866926,81.88621402707199,False,106806.9526261628,False,0,0.0,
MassCost SP +time,MassCost,single,+time,-,5 expl,4,700007,20.0,3634.384068763264,3634.384068763264,511.2647520081305,511.2647520081305,3123.1193167551337,27.40496261132708,79.6284705449684,False,108095.35717238604,False,0,0.0,
MassCost SP +time,MassCost,single,+time,-,5 expl,4,700008,20.0,3651.028943877168,3651.028943877168,543.827794193141,543.827794193141,3107.201149684027,26.787444905667947,77.1643942720719,False,113123.35441741478,False,0,0.0243478260869565,
MassCost SP +time,MassCost,single,+time,-,5 expl,4,700009,20.0,3750.3230218617855,3750.3230218617855,559.7046842457853,559.7046842457853,3190.618337616,27.491492660219475,78.2068050058753,False,113550.72851348257,False,0,0.0104347826086956,
MassCost SP +time,MassCost,single,+time,-,5 expl,4,700000,40.0,3744.52434069979,3744.52434069979,727.3427285937023,727.3427285937023,3017.181612106088,29.060498615736584,80.03640257911954,False,107517.82400803168,False,0,0.0121739130434782,
MassCost SP +time,MassCost,single,+time,-,5 expl,4,700001,40.0,3645.8805235789514,3645.8805235789514,428.54150253917715,428.54150253917715,3217.3390210397743,27.26532597822765,75.60718664654897,False,111432.3283704096,False,0,0.02,
MassCost SP +time,MassCost,single,+time,-,5 expl,4,700002,40.0,2824.340003970963,2824.340003970963,-520.7036470827597,-520.7036470827597,3345.043651053723,20.67648088207239,95.25999981074588,False,101098.24810098948,False,0,0.0,
MassCost SP +time,MassCost,single,+time,-,5 expl,4,700003,40.0,2999.603116303042,2999.603116303042,-139.64681393350702,-139.64681393350702,3139.249930236549,21.36700379917766,79.75439975244042,False,109327.71170083676,False,0,0.0217391304347826,
MassCost SP +time,MassCost,single,+time,-,5 expl,4,700004,40.0,3464.660823481411,3464.660823481411,667.3052329083062,667.3052329083062,2797.355590573105,26.37883593950566,78.2451685732401,False,108753.6133337864,False,0,0.0243478260869565,
MassCost SP +time,MassCost,single,+time,-,5 expl,4,700005,40.0,3373.0065471856888,3373.0065471856888,-239.20515359592946,-239.20515359592946,3612.211700781618,24.831090202144917,86.78045575694782,False,104303.77423916796,False,0,0.0,
MassCost SP +time,MassCost,single,+time,-,5 expl,4,700006,40.0,4111.590988346756,4111.590988346756,658.6719036550207,658.6719036550207,3452.919084691735,30.943463967053994,81.01440163489872,False,107277.3997080931,False,0,0.0,
MassCost SP +time,MassCost,single,+time,-,5 expl,4,700007,40.0,3624.970690763328,3624.970690763328,712.7367007251951,712.7367007251951,2912.233990038133,27.452818622972693,78.38724199808658,False,108503.575132489,False,0,0.0,
MassCost SP +time,MassCost,single,+time,-,5 expl,4,700008,40.0,3656.675070302311,3656.675070302311,731.3125048208926,731.3125048208926,2925.362565481418,27.10713237287137,75.11982660020375,False,111926.49234194212,False,0,0.0243478260869565,
MassCost SP +time,MassCost,single,+time,-,5 expl,4,700009,40.0,3732.995739633896,3732.995739633896,740.1222373129012,740.1222373129012,2992.8735023209947,27.618787958438297,77.3996748096095,False,112725.6361391966,False,0,0.0104347826086956,
MassCost SP +time,MassCost,single,+time,-,5 expl,4,700000,60.0,3490.171763692113,3490.171763692113,693.7416332019302,693.7416332019302,2796.430130490183,28.173372009621065,78.55883965649285,False,104605.39401311368,False,0,0.0121739130434782,
MassCost SP +time,MassCost,single,+time,-,5 expl,4,700001,60.0,3252.106317646067,3252.106317646067,217.11592812345543,217.11592812345543,3034.9903895226116,24.99272488917408,73.86803381487329,False,108349.95057905398,False,0,0.02,
MassCost SP +time,MassCost,single,+time,-,5 expl,4,700002,60.0,2231.9786538352855,0.0,-840.4009678734046,-3072.37962170869,3072.37962170869,16.04490588063506,108.91773588231814,True,98050.37022166936,False,1,0.0,
MassCost SP +time,MassCost,single,+time,-,5 expl,4,700003,60.0,2536.8892002001003,2536.8892002001003,-342.0823887268002,-342.0823887268002,2878.9715889269005,18.80120583325188,79.78164231858356,False,104878.5001455215,False,0,0.0217391304347826,
MassCost SP +time,MassCost,single,+time,-,5 expl,4,700004,60.0,3191.480324841243,3191.480324841243,615.5352715270378,615.5352715270378,2575.9450533142053,25.312247340261035,73.72159329061749,False,105358.62585495262,False,0,0.0243478260869565,
MassCost SP +time,MassCost,single,+time,-,5 expl,4,700005,60.0,2919.22576603656,2919.22576603656,-415.20249314889134,-415.20249314889134,3334.428259185451,21.861770874521532,87.86792170697926,False,101784.37598982237,False,0,0.0,
MassCost SP +time,MassCost,single,+time,-,5 expl,4,700006,60.0,3963.944223675708,3963.944223675708,775.759108434594,775.759108434594,3188.185115241114,31.186533380012023,78.92211967895493,False,104492.0706716475,False,0,0.0,
MassCost SP +time,MassCost,single,+time,-,5 expl,4,700007,60.0,3358.2563423420174,3358.2563423420174,660.2672274144084,660.2672274144084,2697.989114927609,26.445033410446182,76.11354792597099,False,105245.77162445636,False,0,0.0,
MassCost SP +time,MassCost,single,+time,-,5 expl,4,700008,60.0,3355.19247200538,3355.19247200538,636.7173899974237,636.7173899974237,2718.475082007956,26.00936044619787,73.11167464273557,False,107733.34005889896,False,0,0.0243478260869565,
MassCost SP +time,MassCost,single,+time,-,5 expl,4,700009,60.0,3449.4900782626346,3449.4900782626346,667.2350819959047,667.2350819959047,2782.25499626673,26.594237405318164,75.80500590450468,False,108725.41632690452,False,0,0.0104347826086956,
MassCost SP +time,MassCost,single,+time,-,5 expl,4,700000,80.0,3057.354967469624,3057.354967469624,540.1447974118987,540.1447974118987,2517.2101700577255,25.821577803511,75.05281726138077,False,100237.94529119453,False,0,0.0121739130434782,
MassCost SP +time,MassCost,single,+time,-,5 expl,4,700001,80.0,2851.133262942775,2851.133262942775,114.18746550763535,114.18746550763535,2736.94579743514,22.77886122834507,73.19128364781469,False,104541.87792123426,False,0,0.02,
MassCost SP +time,MassCost,single,+time,-,5 expl,4,700002,80.0,2586.364319490567,2586.364319490567,-165.11263900136737,-165.11263900136737,2751.4769584919345,20.497430880329933,85.59150386825466,False,95904.85258020095,False,0,0.0,
MassCost SP +time,MassCost,single,+time,-,5 expl,4,700003,80.0,2259.685156594457,2259.685156594457,-356.462153967364,-356.462153967364,2616.147310561821,17.455101902370252,79.15356342995351,False,100104.20454038386,False,0,0.0217391304347826,
MassCost SP +time,MassCost,single,+time,-,5 expl,4,700004,80.0,2832.4413140252746,2832.4413140252746,513.5514304513017,513.5514304513017,2318.889883573973,23.543031658257853,69.92323790789628,False,101003.53013190116,False,0,0.0243478260869565,
MassCost SP +time,MassCost,single,+time,-,5 expl,4,700005,80.0,2632.43919391631,2632.43919391631,-349.6864270027809,-349.6864270027809,2982.125620919091,20.83762101647804,85.47424687496813,False,97124.00186445832,False,0,0.0,
MassCost SP +time,MassCost,single,+time,-,5 expl,4,700006,80.0,3510.266741877281,3510.266741877281,648.6816502353963,648.6816502353963,2861.585091641885,29.152667536928636,75.48377164672779,False,99375.66334977988,False,0,0.0,
MassCost SP +time,MassCost,single,+time,-,5 expl,4,700007,80.0,3000.9925649195866,3000.9925649195866,546.7520004354583,546.7520004354583,2454.2405644841283,24.735849053065984,72.32791603789514,False,100777.90300877068,False,0,0.0,
MassCost SP +time,MassCost,single,+time,-,5 expl,4,700008,80.0,2962.639063703261,2962.639063703261,495.3668067502199,495.3668067502199,2467.272256953041,24.21141751000768,69.31184683834483,False,102216.94317081064,False,0,0.0243478260869565,
MassCost SP +time,MassCost,single,+time,-,5 expl,4,700009,80.0,3025.81169261133,3025.81169261133,530.6739331239687,530.6739331239687,2495.137759487361,24.528019085784184,71.54700108378502,False,103444.86587638708,False,0,0.0104347826086956,
MassCost SP -time,MassCost,single,-time,-,5 expl,4,700000,0.0,3147.017242180626,3147.017242180626,-320.3116600841986,-320.3116600841986,3467.3289022648246,25.435340543229064,88.0807859256594,False,100623.29648621628,False,0,0.0113043478260869,
MassCost SP -time,MassCost,single,-time,-,5 expl,4,700001,0.0,4018.500155735841,4018.500155735841,444.60094504899007,444.60094504899007,3573.899210686851,29.57021404518052,76.89937736358412,False,111740.3606584868,False,0,0.0191304347826086,
MassCost SP -time,MassCost,single,-time,-,5 expl,4,700002,0.0,3237.391401321769,3237.391401321769,-459.2268219647831,-459.2268219647831,3696.618223286552,27.042434991077,91.58970484825608,False,98383.55699536687,False,0,0.0,
MassCost SP -time,MassCost,single,-time,-,5 expl,4,700003,0.0,3854.744218293676,3854.744218293676,328.1556181442543,328.1556181442543,3526.588600149422,28.493086457768865,80.63126484415544,False,110117.5178728173,False,0,0.0208695652173913,
MassCost SP -time,MassCost,single,-time,-,5 expl,4,700004,0.0,3507.455126797615,3507.455126797615,292.9485200403169,292.9485200403169,3214.506606757298,27.486710115781044,95.86451487578836,False,102614.15704272382,False,0,0.0243478260869565,
MassCost SP -time,MassCost,single,-time,-,5 expl,4,700005,0.0,3860.624654463457,3860.624654463457,-261.3702162760428,-261.3702162760428,4121.9948707395,31.241510933970464,88.2590974377998,False,100914.28660415683,False,0,0.0,
MassCost SP -time,MassCost,single,-time,-,5 expl,4,700006,0.0,3692.879935070235,3692.879935070235,-292.8782736688536,-292.8782736688536,3985.758208739089,29.005865720077388,87.49151019484744,False,102003.269775527,False,0,0.0,
MassCost SP -time,MassCost,single,-time,-,5 expl,4,700007,0.0,3116.281615975512,3116.281615975512,-238.9176908662721,-238.9176908662721,3355.199306841784,24.56996873830775,87.5013609373266,False,101441.83215188204,False,0,0.0,
MassCost SP -time,MassCost,single,-time,-,5 expl,4,700008,0.0,3545.909445737431,3545.909445737431,242.08145036351152,242.08145036351152,3303.8279953739193,25.89333247138929,79.55193777035431,False,109953.51579816572,False,0,0.0243478260869565,
MassCost SP -time,MassCost,single,-time,-,5 expl,4,700009,0.0,3581.2847535845717,3581.2847535845717,192.49445016582558,192.49445016582558,3388.790303418746,26.23057632058377,81.1170005962903,False,110503.97779447344,False,0,0.0104347826086956,
MassCost SP -time,MassCost,single,-time,-,5 expl,4,700000,20.0,3346.189144384623,3346.189144384623,97.87870319219519,97.87870319219519,3248.310441192428,26.79604795367438,78.07173167376011,False,100815.4673584841,False,0,0.0121739130434782,
MassCost SP -time,MassCost,single,-time,-,5 expl,4,700001,20.0,3651.501999949882,3651.501999949882,250.6477067727683,250.6477067727683,3400.8542931771135,28.40576069483583,71.69136915677726,False,106485.80572630418,False,0,0.02,
MassCost SP -time,MassCost,single,-time,-,5 expl,4,700002,20.0,3439.0660305195725,3439.0660305195725,-147.824231619049,-147.824231619049,3586.8902621386214,28.993104952388855,82.7253922377544,False,94514.68589257017,False,0,0.0,
MassCost SP -time,MassCost,single,-time,-,5 expl,4,700003,20.0,3629.612199961803,3629.612199961803,296.12004446461333,296.12004446461333,3333.4921554971897,27.91388391675335,75.7889752867242,False,106453.67877822858,False,0,0.0217391304347826,
MassCost SP -time,MassCost,single,-time,-,5 expl,4,700004,20.0,3158.798304828383,3158.798304828383,137.9131523160163,137.9131523160163,3020.885152512367,24.71347610757219,76.75794077758493,False,102506.44128374608,False,0,0.0243478260869565,
MassCost SP -time,MassCost,single,-time,-,5 expl,4,700005,20.0,3952.101861388452,3952.101861388452,73.7538198935049,73.7538198935049,3878.348041494947,32.547795132017896,80.82843711785932,False,98100.85389975036,False,0,0.0,
MassCost SP -time,MassCost,single,-time,-,5 expl,4,700006,20.0,3912.220361913662,3912.220361913662,188.37581431774151,188.37581431774151,3723.8445475959206,30.70448955189217,80.0766128426861,False,101014.33732203172,False,0,0.0,
MassCost SP -time,MassCost,single,-time,-,5 expl,4,700007,20.0,3272.087302624116,3272.087302624116,148.9679858689824,148.9679858689824,3123.1193167551337,25.63895400854367,77.87273214061484,False,101658.0578820454,False,0,0.0,
MassCost SP -time,MassCost,single,-time,-,5 expl,4,700008,20.0,3369.05780986009,3369.05780986009,261.8566601760631,261.8566601760631,3107.201149684027,25.43646607149932,74.06953770097911,False,106808.41304459792,False,0,0.0243478260869565,
MassCost SP -time,MassCost,single,-time,-,5 expl,4,700009,20.0,3478.217075050788,3478.217075050788,287.59873743478784,287.59873743478784,3190.618337616,26.23586403247636,75.84123067480873,False,107530.73786303532,False,0,0.0104347826086956,
MassCost SP -time,MassCost,single,-time,-,5 expl,4,700000,40.0,3095.729674033042,3095.729674033042,78.54806192695423,78.54806192695423,3017.181612106088,26.00200586809328,73.40320737225416,False,96590.63837035856,False,0,0.0121739130434782,
MassCost SP -time,MassCost,single,-time,-,5 expl,4,700001,40.0,2586.9742652976292,2586.9742652976292,-630.364755742145,-630.364755742145,3217.3390210397743,22.97545901112472,63.30297816670524,False,96961.16916777156,False,0,0.02,
MassCost SP -time,MassCost,single,-time,-,5 expl,4,700002,40.0,3242.3145718156893,3242.3145718156893,-102.72907923803359,-102.72907923803359,3345.043651053723,28.38252106729217,78.55279003347627,False,90192.9601924798,False,0,0.0,
MassCost SP -time,MassCost,single,-time,-,5 expl,4,700003,40.0,3056.3601909931385,3056.3601909931385,-82.88973924341053,-82.88973924341053,3139.249930236549,25.236204563043557,67.89088754111036,False,98945.02171528588,False,0,0.0217391304347826,
MassCost SP -time,MassCost,single,-time,-,5 expl,4,700004,40.0,2882.1697518192873,2882.1697518192873,84.81416124618227,84.81416124618227,2797.355590573105,23.713179866193094,71.95440276362439,False,97889.16220952533,False,0,0.0243478260869565,
MassCost SP -time,MassCost,single,-time,-,5 expl,4,700005,40.0,3607.9573180774455,3607.9573180774455,-4.254382704172713,-4.254382704172713,3612.211700781618,31.14677217923124,76.71098325732679,False,93691.50888336865,False,0,0.0,
MassCost SP -time,MassCost,single,-time,-,5 expl,4,700006,40.0,3560.8345912477284,3560.8345912477284,107.91550655599349,107.91550655599349,3452.919084691735,29.308501121115462,73.15774456669007,False,96423.7713798344,False,0,0.0,
MassCost SP -time,MassCost,single,-time,-,5 expl,4,700007,40.0,3022.7051890424455,3022.7051890424455,110.47119900431244,110.47119900431244,2912.233990038133,24.826531450741467,71.76983714582428,False,97205.3952502711,False,0,0.0,
MassCost SP -time,MassCost,single,-time,-,5 expl,4,700008,40.0,2726.6357943209737,2726.6357943209737,-198.7267711604445,-198.7267711604445,2925.362565481418,22.717169470461503,66.12865634499002,False,94768.11804965144,False,0,0.0243478260869565,
MassCost SP -time,MassCost,single,-time,-,5 expl,4,700009,40.0,2973.489695047274,2973.489695047274,-19.383807273720777,-19.383807273720777,2992.8735023209947,24.081659280237588,68.1228793461382,False,99742.0812043778,False,0,0.0104347826086956,
MassCost SP -time,MassCost,single,-time,-,5 expl,4,700000,60.0,2649.0588957208247,2649.0588957208247,-147.37123476935813,-147.37123476935813,2796.430130490183,23.74004199591988,68.73653206878217,False,90558.60197088512,False,0,0.0121739130434782,
MassCost SP -time,MassCost,single,-time,-,5 expl,4,700001,60.0,2373.393320910039,2373.393320910039,-661.5970686125725,-661.5970686125725,3034.9903895226116,21.7849076457334,58.37182924270033,False,93302.9802021513,False,0,0.02,
MassCost SP -time,MassCost,single,-time,-,5 expl,4,700002,60.0,2980.0537098178515,2980.0537098178515,-92.3259118908386,-92.3259118908386,3072.37962170869,26.935523234085856,76.62818381434518,False,86382.32116506685,False,0,0.0,
MassCost SP -time,MassCost,single,-time,-,5 expl,4,700003,60.0,2680.1888530571546,2680.1888530571546,-198.78273586974592,-198.78273586974592,2878.9715889269005,23.546856116692076,63.11189491392821,False,91979.21720518156,False,0,0.0217391304347826,
MassCost SP -time,MassCost,single,-time,-,5 expl,4,700004,60.0,2337.078712926056,2337.078712926056,-238.86634038814918,-238.86634038814918,2575.9450533142053,20.72053272711949,64.3315152295295,False,88890.07381957433,False,0,0.0243478260869565,
MassCost SP -time,MassCost,single,-time,-,5 expl,4,700005,60.0,3146.5067484079336,3146.5067484079336,-187.9215107775176,-187.9215107775176,3334.428259185451,28.53405225267179,74.62896502690394,False,89241.62341816962,False,0,0.0,
MassCost SP -time,MassCost,single,-time,-,5 expl,4,700006,60.0,3107.9813935964394,3107.9813935964394,-80.20372164467472,-80.20372164467472,3188.185115241114,27.110792888568113,68.6657203755153,False,90873.58362833402,False,0,0.0,
MassCost SP -time,MassCost,single,-time,-,5 expl,4,700007,60.0,2611.6472611540275,2611.6472611540275,-86.34185377358153,-86.34185377358153,2697.989114927609,22.779125600861796,64.8990979405696,False,91282.80997784589,False,0,0.0,
MassCost SP -time,MassCost,single,-time,-,5 expl,4,700008,60.0,2250.824328649047,2250.824328649047,-467.65075335890924,-467.65075335890924,2718.475082007956,20.14320603994367,61.23627927392752,False,90098.47806895452,False,0,0.0243478260869565,
MassCost SP -time,MassCost,single,-time,-,5 expl,4,700009,60.0,2570.480849620408,2570.480849620408,-211.7741466463217,-211.7741466463217,2782.25499626673,22.194331124398033,62.36445135394952,False,92537.94640146392,False,0,0.0104347826086956,
MassCost SP -time,MassCost,single,-time,-,5 expl,4,700000,80.0,2315.743789119967,2315.743789119967,-201.46638093775846,-201.46638093775846,2517.2101700577255,21.882288183620208,63.69247277514442,False,85302.03587563748,False,0,0.0121739130434782,
MassCost SP -time,MassCost,single,-time,-,5 expl,4,700001,80.0,2189.845321309832,2189.845321309832,-547.100476125308,-547.100476125308,2736.94579743514,20.706219340867538,54.15428376765913,False,89748.69213528294,False,0,0.02,
MassCost SP -time,MassCost,single,-time,-,5 expl,4,700002,80.0,2528.0600713782424,2528.0600713782424,-223.41688711369216,-223.41688711369216,2751.4769584919345,23.999939025223743,73.2499123889981,False,82672.46119881427,False,0,0.0,
MassCost SP -time,MassCost,single,-time,-,5 expl,4,700003,80.0,2188.731516344386,2188.731516344386,-427.4157942174352,-427.4157942174352,2616.147310561821,20.526153232915497,56.33684091552899,False,87894.30218593209,False,0,0.0217391304347826,
MassCost SP -time,MassCost,single,-time,-,5 expl,4,700004,80.0,1952.5305036667637,1952.5305036667637,-366.35937990720913,-366.35937990720913,2318.889883573973,18.24926653333757,58.483077553211224,False,85308.8487435885,False,0,0.0243478260869565,
MassCost SP -time,MassCost,single,-time,-,5 expl,4,700005,80.0,2760.849156440499,2760.849156440499,-221.27646447859206,-221.27646447859206,2982.125620919091,26.303797748748515,70.14656607528153,False,85124.99665016853,False,0,0.0,
MassCost SP -time,MassCost,single,-time,-,5 expl,4,700006,80.0,2733.2513780683107,2733.2513780683107,-128.3337135735742,-128.3337135735742,2861.585091641885,25.07673960103913,65.38927602056707,False,86583.97532586411,False,0,0.0,
MassCost SP -time,MassCost,single,-time,-,5 expl,4,700007,80.0,2244.246433325846,2244.246433325846,-209.99413115828247,-209.99413115828247,2454.2405644841283,20.797369912996576,59.523181364899514,False,84935.42412143086,False,0,0.0,
MassCost SP -time,MassCost,single,-time,-,5 expl,4,700008,80.0,2019.5187155596789,2019.5187155596789,-447.7535413933622,-447.7535413933622,2467.272256953041,18.658469666266228,56.041229521972,False,86729.88773073275,False,0,0.0243478260869565,
MassCost SP -time,MassCost,single,-time,-,5 expl,4,700009,80.0,2111.1512160248303,2111.1512160248303,-383.9865434625308,-383.9865434625308,2495.137759487361,19.5297981377766,56.73044611063448,False,87042.00675499585,False,0,0.0104347826086956,
MassCost MP +time,MassCost,multi,+time,fixed 100h,5 expl,4,700000,0.0,3844.288805812377,3844.288805812377,376.9599035475526,376.9599035475526,3467.3289022648246,28.940527020296383,89.71472778229285,False,108383.64210137648,False,0,0.0113043478260869,
MassCost MP +time,MassCost,multi,+time,fixed 100h,5 expl,4,700001,0.0,4204.376674175008,4204.376674175008,630.4774634881569,630.4774634881569,3573.899210686851,30.552352588619986,78.5692147505374,False,114214.16067221027,False,0,0.0191304347826086,
MassCost MP +time,MassCost,multi,+time,fixed 100h,5 expl,4,700002,0.0,3222.7405868049086,0.0,-473.87763648164355,-3696.618223286552,3696.618223286552,24.76453844908827,106.6894472876639,True,102314.33083587054,False,1,0.0,
MassCost MP +time,MassCost,multi,+time,fixed 100h,5 expl,4,700003,0.0,4080.8367506116215,4080.8367506116215,554.2481504621996,554.2481504621996,3526.588600149422,29.34111279698562,82.54473163377469,False,114275.35291033784,False,0,0.0208695652173913,
MassCost MP +time,MassCost,multi,+time,fixed 100h,5 expl,4,700004,0.0,3522.486896626237,3522.486896626237,307.98028986893905,307.98028986893905,3214.506606757298,25.94705196759755,87.87863904599477,False,110015.7452511273,False,0,0.0243478260869565,
MassCost MP +time,MassCost,multi,+time,fixed 100h,5 expl,4,700005,0.0,4292.229743636491,4292.229743636491,170.23487289699096,170.23487289699096,4121.9948707395,33.437920625734854,97.6770432874985,False,106022.79311385704,False,0,0.0,
MassCost MP +time,MassCost,multi,+time,fixed 100h,5 expl,4,700006,0.0,4427.891222306267,4427.891222306267,442.1330135671783,442.1330135671783,3985.758208739089,32.71521725202209,92.95812759291896,False,108546.04615329242,False,0,0.0,
MassCost MP +time,MassCost,multi,+time,fixed 100h,5 expl,4,700007,0.0,3713.1893118967714,3713.1893118967714,357.99000505498725,357.99000505498725,3355.199306841784,27.33657871591499,88.02442278809018,False,109206.89531553791,False,0,0.0,
MassCost MP +time,MassCost,multi,+time,fixed 100h,5 expl,4,700008,0.0,3842.117060865312,3842.117060865312,538.2890654913926,538.2890654913926,3303.8279953739193,27.065646813780976,80.99647809446405,False,115204.82416912964,False,0,0.0234782608695652,
MassCost MP +time,MassCost,multi,+time,fixed 100h,5 expl,4,700009,0.0,3910.2110884787544,3910.2110884787544,521.4207850600083,521.4207850600083,3388.790303418746,27.55916752541272,82.45284834918556,False,115784.51483427008,False,0,0.0104347826086956,
MassCost MP +time,MassCost,multi,+time,fixed 100h,5 expl,4,700000,20.0,3824.1905662605545,3824.1905662605545,575.8801250681267,575.8801250681267,3248.310441192428,29.04517674646583,84.4486685894827,False,108644.01068546232,False,0,0.0121739130434782,
MassCost MP +time,MassCost,multi,+time,fixed 100h,5 expl,4,700001,20.0,4130.449994386585,4130.449994386585,729.5957012094714,729.5957012094714,3400.8542931771135,30.91295753104762,76.96365114444768,False,112661.13832825117,False,0,0.0191304347826086,
MassCost MP +time,MassCost,multi,+time,fixed 100h,5 expl,4,700002,20.0,2804.4167047594237,0.0,-782.4735573791977,-3586.8902621386214,3586.8902621386214,21.64039134656767,107.62161430202951,True,101342.4516882164,False,1,0.0,
MassCost MP +time,MassCost,multi,+time,fixed 100h,5 expl,4,700003,20.0,3962.35480487582,3962.35480487582,628.8626493786301,628.8626493786301,3333.4921554971897,29.324071600913957,79.70505063685395,False,112582.7783788004,False,0,0.0208695652173913,
MassCost MP +time,MassCost,multi,+time,fixed 100h,5 expl,4,700004,20.0,3567.0836729725047,3567.0836729725047,546.1985204601378,546.1985204601378,3020.885152512367,26.46074511635781,82.69662062845052,False,110347.25887237216,False,0,0.0243478260869565,
MassCost MP +time,MassCost,multi,+time,fixed 100h,5 expl,4,700005,20.0,2773.6309859810476,2773.6309859810476,-1104.7170555138996,-1104.7170555138996,3878.348041494947,20.225537882892542,99.85092790518188,False,104086.12739985592,False,0,0.0,
MassCost MP +time,MassCost,multi,+time,fixed 100h,5 expl,4,700006,20.0,3943.3485219237136,3943.3485219237136,219.503974327793,219.503974327793,3723.8445475959206,29.785871066270584,89.34778910310622,False,107779.29432161558,False,0,0.0,
MassCost MP +time,MassCost,multi,+time,fixed 100h,5 expl,4,700007,20.0,3716.6510549165832,3716.6510549165832,593.5317381614495,593.5317381614495,3123.1193167551337,27.5271954573796,83.04129454282521,False,109713.45694470096,False,0,0.0,
MassCost MP +time,MassCost,multi,+time,fixed 100h,5 expl,4,700008,20.0,3714.191424000832,3714.191424000832,606.990274316805,606.990274316805,3107.201149684027,26.928239254561543,78.52363921924727,False,113641.10600199344,False,0,0.0243478260869565,
MassCost MP +time,MassCost,multi,+time,fixed 100h,5 expl,4,700009,20.0,3800.381265216921,3800.381265216921,609.7629276009206,609.7629276009206,3190.618337616,27.568238192592464,79.8428352681033,False,113934.95923041335,False,0,0.0104347826086956,
MassCost MP +time,MassCost,multi,+time,fixed 100h,5 expl,4,700000,40.0,3639.5237701495794,3639.5237701495794,622.3421580434915,622.3421580434915,3017.181612106088,28.589389158845115,79.57894156519279,False,106238.4916470534,False,0,0.0121739130434782,
MassCost MP +time,MassCost,multi,+time,fixed 100h,5 expl,4,700001,40.0,3763.641890788383,3763.641890788383,546.3028697486088,546.3028697486088,3217.3390210397743,28.838230532111353,74.33879965450494,False,110378.23565451211,False,0,0.0191304347826086,
MassCost MP +time,MassCost,multi,+time,fixed 100h,5 expl,4,700002,40.0,2578.60704346509,0.0,-766.4366075886328,-3345.043651053723,3345.043651053723,19.48690746752572,106.66000393867807,True,100022.91589805136,False,1,0.0,
MassCost MP +time,MassCost,multi,+time,fixed 100h,5 expl,4,700003,40.0,3162.342472380219,3162.342472380219,23.092542143670016,23.092542143670016,3139.249930236549,23.503399944085835,78.70673318075951,False,108847.03003569874,False,0,0.0208695652173913,
MassCost MP +time,MassCost,multi,+time,fixed 100h,5 expl,4,700004,40.0,3407.3798133196824,3407.3798133196824,610.0242227465774,610.0242227465774,2797.355590573105,26.20685770624339,77.48103214452763,False,107431.20293324724,False,0,0.0243478260869565,
MassCost MP +time,MassCost,multi,+time,fixed 100h,5 expl,4,700005,40.0,2850.843097139609,2850.843097139609,-761.368603642009,-761.368603642009,3612.211700781618,21.035440054014703,91.3103029515734,False,102727.89000618889,False,0,0.0,
MassCost MP +time,MassCost,multi,+time,fixed 100h,5 expl,4,700006,40.0,4152.0593191427,4152.0593191427,699.1402344509647,699.1402344509647,3452.919084691735,31.93885798145859,80.62495280649824,False,106017.16056418432,False,0,0.0,
MassCost MP +time,MassCost,multi,+time,fixed 100h,5 expl,4,700007,40.0,3559.307880674308,3559.307880674308,647.0738906361748,647.0738906361748,2912.233990038133,27.2030720978029,77.34168150392766,False,107113.4908864004,False,0,0.0,
MassCost MP +time,MassCost,multi,+time,fixed 100h,5 expl,4,700008,40.0,3541.729325505685,3541.729325505685,616.366760024267,616.366760024267,2925.362565481418,26.60183525900876,74.11118557193683,False,110462.32941291042,False,0,0.0243478260869565,
MassCost MP +time,MassCost,multi,+time,fixed 100h,5 expl,4,700009,40.0,3589.821269531136,3589.821269531136,596.9477672101411,596.9477672101411,2992.8735023209947,26.967127993408376,76.49526139218355,False,110903.20717301426,False,0,0.0104347826086956,
MassCost MP +time,MassCost,multi,+time,fixed 100h,5 expl,4,700000,60.0,3426.125942792638,3426.125942792638,629.6958123024551,629.6958123024551,2796.430130490183,27.83423212732266,77.86550633115722,False,103384.3952229788,False,0,0.0121739130434782,
MassCost MP +time,MassCost,multi,+time,fixed 100h,5 expl,4,700001,60.0,3338.1138060314097,3338.1138060314097,303.1234165087981,303.1234165087981,3034.9903895226116,25.944148927583097,73.45725110943528,False,107810.64629644038,False,0,0.0191304347826086,
MassCost MP +time,MassCost,multi,+time,fixed 100h,5 expl,4,700002,60.0,2646.954290760393,2646.954290760393,-425.42533094829696,-425.42533094829696,3072.37962170869,19.97085211785433,92.00027941956802,False,98440.9249734938,False,0,0.0,
MassCost MP +time,MassCost,multi,+time,fixed 100h,5 expl,4,700003,60.0,2480.5649593955586,2480.5649593955586,-398.4066295313419,-398.4066295313419,2878.9715889269005,18.43911694491769,80.2226392681006,False,103856.57680967682,False,0,0.0208695652173913,
MassCost MP +time,MassCost,multi,+time,fixed 100h,5 expl,4,700004,60.0,3162.705224938909,3162.705224938909,586.7601716247036,586.7601716247036,2575.9450533142053,25.15517457146227,73.0233195109714,False,104611.295961512,False,0,0.0243478260869565,
MassCost MP +time,MassCost,multi,+time,fixed 100h,5 expl,4,700005,60.0,2951.365045814526,2951.365045814526,-383.06321337092504,-383.06321337092504,3334.428259185451,22.430885338080984,86.52339991140552,False,100367.1167403884,False,0,0.0,
MassCost MP +time,MassCost,multi,+time,fixed 100h,5 expl,4,700006,60.0,3898.7806823625738,3898.7806823625738,710.5955671214597,710.5955671214597,3188.185115241114,30.932581035194527,78.1871768803883,False,103201.0233003549,False,0,0.0,
MassCost MP +time,MassCost,multi,+time,fixed 100h,5 expl,4,700007,60.0,3318.4925303289765,3318.4925303289765,620.5034154013674,620.5034154013674,2697.989114927609,26.26706584706883,75.42954524912305,False,104283.37293911792,False,0,0.0,
MassCost MP +time,MassCost,multi,+time,fixed 100h,5 expl,4,700008,60.0,3325.7364337462095,3325.7364337462095,607.2613517382533,607.2613517382533,2718.475082007956,25.873376594240863,72.6554150019013,False,107055.0166129737,False,0,0.0243478260869565,
MassCost MP +time,MassCost,multi,+time,fixed 100h,5 expl,4,700009,60.0,3404.307502336274,3404.307502336274,622.052506069544,622.052506069544,2782.25499626673,26.37621700137546,75.30875814106652,False,107835.26894115748,False,0,0.0104347826086956,
MassCost MP +time,MassCost,multi,+time,fixed 100h,5 expl,4,700000,80.0,3034.3430905621653,3034.3430905621653,517.1329205044399,517.1329205044399,2517.2101700577255,25.68756594680065,75.26037617444311,False,99945.65934169124,False,0,0.0121739130434782,
MassCost MP +time,MassCost,multi,+time,fixed 100h,5 expl,4,700001,80.0,2847.502024335746,2847.502024335746,110.5562269006059,110.5562269006059,2736.94579743514,22.839315759281167,73.0011734698624,False,104246.9347743897,False,0,0.0191304347826086,
MassCost MP +time,MassCost,multi,+time,fixed 100h,5 expl,4,700002,80.0,2710.7762484474165,2710.7762484474165,-40.70071004451802,-40.70071004451802,2751.4769584919345,22.04381751488816,85.29734496282323,False,95618.30623867577,False,0,0.0,
MassCost MP +time,MassCost,multi,+time,fixed 100h,5 expl,4,700003,80.0,2585.5118468403325,2585.5118468403325,-30.635463721488577,-30.635463721488577,2616.147310561821,20.6704182081294,76.07742062782641,False,101904.79373550208,False,0,0.0208695652173913,
MassCost MP +time,MassCost,multi,+time,fixed 100h,5 expl,4,700004,80.0,2808.896014961547,2808.896014961547,490.006131387574,490.006131387574,2318.889883573973,23.34853579514024,69.98923834296002,False,100969.51751907876,False,0,0.0243478260869565,
MassCost MP +time,MassCost,multi,+time,fixed 100h,5 expl,4,700005,80.0,2562.50587931702,2562.50587931702,-419.6197416020709,-419.6197416020709,2982.125620919091,20.275729983582245,86.71918126729979,False,96406.27597817172,False,0,0.0,
MassCost MP +time,MassCost,multi,+time,fixed 100h,5 expl,4,700006,80.0,3473.5493458203036,3473.5493458203036,611.9642541784187,611.9642541784187,2861.585091641885,28.925985867965657,75.71649517108075,False,98991.75909217946,False,0,0.0,
MassCost MP +time,MassCost,multi,+time,fixed 100h,5 expl,4,700007,80.0,2982.432938883387,2982.432938883387,528.1923743992588,528.1923743992588,2454.2405644841283,24.62266259297548,72.49155698349979,False,100637.23406278295,False,0,0.0,
MassCost MP +time,MassCost,multi,+time,fixed 100h,5 expl,4,700008,80.0,2951.560409352957,2951.560409352957,484.2881523999158,484.2881523999158,2467.272256953041,24.12521378611434,69.44475635771302,False,102174.34599068628,False,0,0.0243478260869565,
MassCost MP +time,MassCost,multi,+time,fixed 100h,5 expl,4,700009,80.0,3010.2139032057903,3010.2139032057903,515.0761437184292,515.0761437184292,2495.137759487361,24.417578408920896,71.74933043140793,False,103366.87922867275,False,0,0.0104347826086956,
MassCost MP -time,MassCost,multi,-time,fixed 100h,5 expl,4,700000,0.0,3593.1230045421735,3593.1230045421735,125.79410227734888,125.79410227734888,3467.3289022648246,28.760519359590972,99.48315986615384,False,103288.93199446615,False,0,0.0113043478260869,
MassCost MP -time,MassCost,multi,-time,fixed 100h,5 expl,4,700001,0.0,2996.5742928029854,2996.5742928029854,-577.3249178838655,-577.3249178838655,3573.899210686851,23.43476649665624,68.70766090682226,False,105471.56317958373,False,0,0.0191304347826086,
MassCost MP -time,MassCost,multi,-time,fixed 100h,5 expl,4,700002,0.0,3729.233097878497,0.0,32.614874591944954,-3696.618223286552,3696.618223286552,30.834769861184693,102.87822906587093,True,100379.59229270602,False,1,0.0,
MassCost MP -time,MassCost,multi,-time,fixed 100h,5 expl,4,700003,0.0,2848.6093339701665,2848.6093339701665,-677.9792661792553,-677.9792661792553,3526.588600149422,22.174017173454033,71.1991061095042,False,104507.69053776543,False,0,0.02,
MassCost MP -time,MassCost,multi,-time,fixed 100h,5 expl,4,700004,0.0,3479.672841079876,3479.672841079876,265.166234322578,265.166234322578,3214.506606757298,27.24706506888144,99.123903637691,False,104008.43732213166,False,0,0.0234782608695652,
MassCost MP -time,MassCost,multi,-time,fixed 100h,5 expl,4,700005,0.0,4038.7306804834866,4038.7306804834866,-83.26419025601308,-83.26419025601308,4121.9948707395,33.35831346762691,97.82622368424607,False,102231.0518607985,False,0,0.0,
MassCost MP -time,MassCost,multi,-time,fixed 100h,5 expl,4,700006,0.0,4247.032556163096,4247.032556163096,261.2743474240074,261.2743474240074,3985.758208739089,33.45337118555658,98.4787009182113,False,101835.5657347021,False,0,0.0,
MassCost MP -time,MassCost,multi,-time,fixed 100h,5 expl,4,700007,0.0,3629.736142116252,3629.736142116252,274.53683527446765,274.53683527446765,3355.199306841784,28.21695000254737,98.93737234885953,False,103560.61957157604,False,0,0.0,
MassCost MP -time,MassCost,multi,-time,fixed 100h,5 expl,4,700008,0.0,2774.3199772649796,2774.3199772649796,-529.5080181089397,-529.5080181089397,3303.8279953739193,21.255061448492036,70.07986864208065,False,103464.9780721582,False,0,0.0234782608695652,
MassCost MP -time,MassCost,multi,-time,fixed 100h,5 expl,4,700009,0.0,2861.1917832915824,2861.1917832915824,-527.5985201271637,-527.5985201271637,3388.790303418746,21.868711062224033,70.82312337641841,False,104416.55918654292,False,0,0.0095652173913043,
MassCost MP -time,MassCost,multi,-time,fixed 100h,5 expl,4,700000,20.0,2644.887872586538,2644.887872586538,-603.4225686058899,-603.4225686058899,3248.310441192428,22.19264420050962,74.80097861325214,False,96311.88948762612,False,0,0.0113043478260869,
MassCost MP -time,MassCost,multi,-time,fixed 100h,5 expl,4,700001,20.0,2703.4397053237744,2703.4397053237744,-697.4145878533391,-697.4145878533391,3400.8542931771135,22.18582606675105,66.18734237115973,False,100816.6919159846,False,0,0.0191304347826086,
MassCost MP -time,MassCost,multi,-time,fixed 100h,5 expl,4,700002,20.0,2916.4343756733533,2916.4343756733533,-670.4558864652681,-670.4558864652681,3586.8902621386214,25.1161468402762,79.68354009082431,False,95169.71045076614,False,0,0.0,
MassCost MP -time,MassCost,multi,-time,fixed 100h,5 expl,4,700003,20.0,2587.3559496661874,2587.3559496661874,-746.1362058310024,-746.1362058310024,3333.4921554971897,21.03763943377925,68.4434713142679,False,100101.7438238912,False,0,0.0208695652173913,
MassCost MP -time,MassCost,multi,-time,fixed 100h,5 expl,4,700004,20.0,2510.6741766038767,2510.6741766038767,-510.2109759084901,-510.2109759084901,3020.885152512367,20.52295016434029,73.7701462553055,False,96184.03905920898,False,0,0.0243478260869565,
MassCost MP -time,MassCost,multi,-time,fixed 100h,5 expl,4,700005,20.0,3054.245423305445,3054.245423305445,-824.1026181895022,-824.1026181895022,3878.348041494947,26.01848277007448,75.80502975099475,False,96611.43752870167,False,0,0.0,
MassCost MP -time,MassCost,multi,-time,fixed 100h,5 expl,4,700006,20.0,3100.5268231320997,3100.5268231320997,-623.3177244638209,-623.3177244638209,3723.8445475959206,25.742022522882497,75.1509241822332,False,95999.84545979027,False,0,0.0,
MassCost MP -time,MassCost,multi,-time,fixed 100h,5 expl,4,700007,20.0,2704.1818615846355,2704.1818615846355,-418.9374551704982,-418.9374551704982,3123.1193167551337,22.356066473812344,73.94081627382383,False,96268.73824500696,False,0,0.0,
MassCost MP -time,MassCost,multi,-time,fixed 100h,5 expl,4,700008,20.0,2513.1780961287595,2513.1780961287595,-594.0230535552673,-594.0230535552673,3107.201149684027,20.13958255369661,67.73746085760953,False,98892.86944865069,False,0,0.0243478260869565,
MassCost MP -time,MassCost,multi,-time,fixed 100h,5 expl,4,700009,20.0,2603.967965628932,2603.967965628932,-586.6503719870684,-586.6503719870684,3190.618337616,20.83273082014897,68.66315969461573,False,99569.63437963204,False,0,0.0104347826086956,
MassCost MP -time,MassCost,multi,-time,fixed 100h,5 expl,4,700000,40.0,2347.5500414439566,2347.5500414439566,-669.6315706621313,-669.6315706621313,3017.181612106088,20.560183709364768,72.17570929083098,False,91503.59586550164,False,0,0.0113043478260869,
MassCost MP -time,MassCost,multi,-time,fixed 100h,5 expl,4,700001,40.0,2453.9135693083126,2453.9135693083126,-763.4254517314616,-763.4254517314616,3217.3390210397743,20.989108310364905,63.36783271003267,False,96164.36256476562,False,0,0.0191304347826086,
MassCost MP -time,MassCost,multi,-time,fixed 100h,5 expl,4,700002,40.0,2702.2606734181913,2702.2606734181913,-642.7829776355316,-642.7829776355316,3345.043651053723,24.214189789434403,75.46710524491715,False,90243.2346301352,False,0,0.0,
MassCost MP -time,MassCost,multi,-time,fixed 100h,5 expl,4,700003,40.0,2389.09535780596,2389.09535780596,-750.1545724305893,-750.1545724305893,3139.249930236549,20.128736103847,66.36031375454883,False,95701.19696902808,False,0,0.0208695652173913,
MassCost MP -time,MassCost,multi,-time,fixed 100h,5 expl,4,700004,40.0,2211.506469589751,2211.506469589751,-585.8491209833542,-585.8491209833542,2797.355590573105,18.84593567080295,70.88360781792197,False,91923.62610000728,False,0,0.0243478260869565,
MassCost MP -time,MassCost,multi,-time,fixed 100h,5 expl,4,700005,40.0,2769.9334805241488,2769.9334805241488,-842.2782202574695,-842.2782202574695,3612.211700781618,24.649192795597987,72.82741164039284,False,91520.84440329918,False,0,0.0,
MassCost MP -time,MassCost,multi,-time,fixed 100h,5 expl,4,700006,40.0,2785.796287468108,2785.796287468108,-667.122797223627,-667.122797223627,3452.919084691735,24.188826705404217,71.75440548208837,False,90884.7065197603,False,0,0.0,
MassCost MP -time,MassCost,multi,-time,fixed 100h,5 expl,4,700007,40.0,2427.0324566093263,2427.0324566093263,-485.20153342880667,-485.20153342880667,2912.233990038133,20.949326414694788,70.75537009728949,False,91357.09445339184,False,0,0.0,
MassCost MP -time,MassCost,multi,-time,fixed 100h,5 expl,4,700008,40.0,2296.848398805036,2296.848398805036,-628.514166676382,-628.514166676382,2925.362565481418,19.126678481464047,65.36251755970935,False,94090.2708166408,False,0,0.0243478260869565,
MassCost MP -time,MassCost,multi,-time,fixed 100h,5 expl,4,700009,40.0,2382.5942121923995,2382.5942121923995,-610.2792901285952,-610.2792901285952,2992.8735023209947,19.839567745690925,66.6354648417046,False,94509.27519972068,False,0,0.0104347826086956,
MassCost MP -time,MassCost,multi,-time,fixed 100h,5 expl,4,700000,60.0,2076.045465877801,2076.045465877801,-720.384664612382,-720.384664612382,2796.430130490183,18.631528605707327,66.7370686775104,False,87898.04605622099,False,0,0.0113043478260869,
MassCost MP -time,MassCost,multi,-time,fixed 100h,5 expl,4,700001,60.0,2261.4192534197696,2261.4192534197696,-773.571136102842,-773.571136102842,3034.9903895226116,19.81279930891204,59.34411086737981,False,92578.51143885238,False,0,0.0191304347826086,
MassCost MP -time,MassCost,multi,-time,fixed 100h,5 expl,4,700002,60.0,2455.323713305513,2455.323713305513,-617.055908403177,-617.055908403177,3072.37962170869,22.61917002277495,70.06038722720065,False,86863.8896613466,False,0,0.0,
MassCost MP -time,MassCost,multi,-time,fixed 100h,5 expl,4,700003,60.0,2175.088215963769,2175.088215963769,-703.8833729631315,-703.8833729631315,2878.9715889269005,18.930372934181445,62.42489344223178,False,91856.70826930316,False,0,0.0208695652173913,
MassCost MP -time,MassCost,multi,-time,fixed 100h,5 expl,4,700004,60.0,1944.7637607032188,1944.7637607032188,-631.1812926109865,-631.1812926109865,2575.9450533142053,16.901812985366558,65.08704338149543,False,88151.87690873984,False,0,0.0243478260869565,
MassCost MP -time,MassCost,multi,-time,fixed 100h,5 expl,4,700005,60.0,2478.9650180845297,2478.9650180845297,-855.4632411009216,-855.4632411009216,3334.428259185451,22.670108325050126,68.67116525622085,False,88176.44196517921,False,0,0.0,
MassCost MP -time,MassCost,multi,-time,fixed 100h,5 expl,4,700006,60.0,2515.825355539965,2515.825355539965,-672.359759701149,-672.359759701149,3188.185115241114,22.41255477703389,66.37608567463329,False,87341.86940475384,False,0,0.0,
MassCost MP -time,MassCost,multi,-time,fixed 100h,5 expl,4,700007,60.0,2202.1248236240153,2202.1248236240153,-495.86429130359375,-495.86429130359375,2697.989114927609,19.51798378268665,65.08026705174893,False,87748.42337735886,False,0,0.0,
MassCost MP -time,MassCost,multi,-time,fixed 100h,5 expl,4,700008,60.0,2075.214636802252,2075.214636802252,-643.2604452057044,-643.2604452057044,2718.475082007956,17.812707524867626,62.19392433729849,False,90403.77837236172,False,0,0.0243478260869565,
MassCost MP -time,MassCost,multi,-time,fixed 100h,5 expl,4,700009,60.0,2173.2394266775,2173.2394266775,-609.0155695892299,-609.0155695892299,2782.25499626673,18.658756364556695,63.20834571344777,False,90930.95692174714,False,0,0.0104347826086956,
MassCost MP -time,MassCost,multi,-time,fixed 100h,5 expl,4,700000,80.0,1892.1772469316843,1892.1772469316843,-625.0329231260412,-625.0329231260412,2517.2101700577255,17.104419768303316,57.11359262175789,False,84065.03015838872,False,0,0.0113043478260869,
MassCost MP -time,MassCost,multi,-time,fixed 100h,5 expl,4,700001,80.0,2104.801489689309,2104.801489689309,-632.1443077458307,-632.1443077458307,2736.94579743514,18.850232896360968,51.628631944816185,False,88668.5189806569,False,0,0.0191304347826086,
MassCost MP -time,MassCost,multi,-time,fixed 100h,5 expl,4,700002,80.0,2343.83403553809,2343.83403553809,-407.6429229538444,-407.6429229538444,2751.4769584919345,22.014851964904516,61.356817624934635,False,82966.03495523416,False,0,0.0,
MassCost MP -time,MassCost,multi,-time,fixed 100h,5 expl,4,700003,80.0,2015.6746157497132,2015.6746157497132,-600.4726948121079,-600.4726948121079,2616.147310561821,17.7941829854404,53.755145908407144,False,87853.43960071572,False,0,0.0208695652173913,
MassCost MP -time,MassCost,multi,-time,fixed 100h,5 expl,4,700004,80.0,1767.833193659939,1767.833193659939,-551.0566899140338,-551.0566899140338,2318.889883573973,15.42177670822549,55.86020279894946,False,84805.12390989531,False,0,0.0243478260869565,
MassCost MP -time,MassCost,multi,-time,fixed 100h,5 expl,4,700005,80.0,2316.7979065643813,2316.7979065643813,-665.3277143547098,-665.3277143547098,2982.125620919091,21.44114128587427,58.50548691886023,False,84277.0634160789,False,0,0.0,
MassCost MP -time,MassCost,multi,-time,fixed 100h,5 expl,4,700006,80.0,2320.5257372372707,2320.5257372372707,-541.0593544046142,-541.0593544046142,2861.585091641885,21.023084248254712,57.347741790962274,False,83448.27834508874,False,0,0.0,
MassCost MP -time,MassCost,multi,-time,fixed 100h,5 expl,4,700007,80.0,2053.0453116370045,2053.0453116370045,-401.1952528471238,-401.1952528471238,2454.2405644841283,18.48260734476909,56.11272999022974,False,84395.14806208077,False,0,0.0,
MassCost MP -time,MassCost,multi,-time,fixed 100h,5 expl,4,700008,80.0,1886.1902071603463,1886.1902071603463,-581.0820497926948,-581.0820497926948,2467.272256953041,16.35527575988052,53.34115078616242,False,86419.7118756069,False,0,0.0243478260869565,
MassCost MP -time,MassCost,multi,-time,fixed 100h,5 expl,4,700009,80.0,1993.63470998117,1993.63470998117,-501.503049506191,-501.503049506191,2495.137759487361,17.27292760277759,53.96661667209371,False,87012.67975640851,False,0,0.0104347826086956,
SP +time,ConcCost,single,+time,-,5 expl,5,700000,0.0,3772.8770552118817,3772.8770552118817,305.54815294705713,305.54815294705713,3467.3289022648246,28.837929131746844,81.43643431363672,False,105834.288595654,False,0,0.0121739130434782,70.0
SP -time,ConcCost,single,-time,-,5 expl,5,700000,0.0,3693.0589895838502,3693.0589895838502,225.73008731902564,225.73008731902564,3467.3289022648246,28.31632618845884,84.03527774270682,False,104582.65346218336,False,0,0.0121739130434782,55.0
SP +time,ConcCost,single,+time,-,5 expl,5,700001,0.0,4166.669087953056,4166.669087953056,592.7698772662052,592.7698772662052,3573.899210686851,30.800033500121376,75.23209404318486,False,112876.77598163873,False,0,0.02,80.0
SP -time,ConcCost,single,-time,-,5 expl,5,700001,0.0,3652.695166957753,3652.695166957753,78.79595627090202,78.79595627090202,3573.899210686851,28.06982229367416,72.04631379984426,False,106660.87405842918,False,0,0.0191304347826086,60.0
SP +time,ConcCost,single,+time,-,5 expl,5,700002,0.0,3997.242135928578,3997.242135928578,300.62391264202597,300.62391264202597,3696.618223286552,31.832342806742332,87.25584127135788,False,98899.15186260278,False,0,0.0,70.0
SP -time,ConcCost,single,-time,-,5 expl,5,700002,0.0,3824.2085038034097,3824.2085038034097,127.59028051685755,127.59028051685755,3696.618223286552,30.452019937428854,91.7759154558021,False,100926.15524049629,False,0,0.0,55.0
SP +time,ConcCost,single,+time,-,5 expl,5,700003,0.0,4038.7598028373072,4038.7598028373072,512.1712026878854,512.1712026878854,3526.588600149422,29.62008185079636,78.80425795603021,False,112601.5181262278,False,0,0.0217391304347826,80.0
SP -time,ConcCost,single,-time,-,5 expl,5,700003,0.0,3589.746506665482,3589.746506665482,63.15790651605994,63.15790651605994,3526.588600149422,27.658572888507532,76.63992517599563,False,105188.66225775843,False,0,0.0208695652173913,70.0
SP +time,ConcCost,single,+time,-,5 expl,5,700004,0.0,3537.694055083157,3537.694055083157,323.1874483258589,323.1874483258589,3214.506606757298,26.275667218151103,79.72255591455685,False,108320.72025943614,False,0,0.0243478260869565,70.0
SP -time,ConcCost,single,-time,-,5 expl,5,700004,0.0,3460.0796692030226,3460.0796692030226,245.57306244572464,245.57306244572464,3214.506606757298,25.786294672144106,82.22248559055018,False,107130.32051232245,False,0,0.0243478260869565,55.0
SP +time,ConcCost,single,+time,-,5 expl,5,700005,0.0,4450.085493334534,4450.085493334534,328.0906225950339,328.0906225950339,4121.9948707395,35.01209804890462,84.5244778082886,False,102931.748768131,False,0,0.0,75.0
SP -time,ConcCost,single,-time,-,5 expl,5,700005,0.0,4303.80946062557,4303.80946062557,181.81458988607028,181.81458988607028,4121.9948707395,33.9619381299719,86.91835411702944,False,102215.26718089296,False,0,0.0,55.0
SP +time,ConcCost,single,+time,-,5 expl,5,700006,0.0,4330.826986774822,4330.826986774822,345.06877803573343,345.06877803573343,3985.758208739089,32.81500537978439,82.91821734086408,False,104467.10415402804,False,0,0.0,70.0
SP -time,ConcCost,single,-time,-,5 expl,5,700006,0.0,4248.236266424865,4248.236266424865,262.4780576857761,262.4780576857761,3985.758208739089,32.05928549807965,85.74319882437806,False,103975.4390657466,False,0,0.0,55.0
SP +time,ConcCost,single,+time,-,5 expl,5,700007,0.0,3676.4063765740166,3676.4063765740166,321.2070697322324,321.2070697322324,3355.199306841784,27.47731567338666,80.57862570937485,False,107063.76390555012,False,0,0.0,70.0
SP -time,ConcCost,single,-time,-,5 expl,5,700007,0.0,3583.183436032089,3583.183436032089,227.98412919030488,227.98412919030488,3355.199306841784,26.75476686151348,83.00998309380971,False,106027.33655931312,False,0,0.0,55.0
SP +time,ConcCost,single,+time,-,5 expl,5,700008,0.0,3782.2484368271425,3782.2484368271425,478.42044145322325,478.42044145322325,3303.8279953739193,27.210334720691648,77.2017585169335,False,112973.6947841782,False,0,0.0243478260869565,80.0
SP -time,ConcCost,single,-time,-,5 expl,5,700008,0.0,3405.194802799959,3405.194802799959,101.36680742603949,101.36680742603949,3303.8279953739193,25.475023325968493,74.49939569960908,False,106790.44689315664,False,0,0.0243478260869565,65.0
SP +time,ConcCost,single,+time,-,5 expl,5,700009,0.0,3861.7910199264497,3861.7910199264497,473.0007165077036,473.0007165077036,3388.790303418746,27.855171828262755,78.56615820881956,False,113229.68134307362,False,0,0.0104347826086956,80.0
SP -time,ConcCost,single,-time,-,5 expl,5,700009,0.0,3481.0884834495373,3481.0884834495373,92.29818003079117,92.29818003079117,3388.790303418746,26.087838598215416,75.96528488143716,False,107336.2619669686,False,0,0.0104347826086956,65.0
SP +time,ConcCost,single,+time,-,5 expl,5,700000,20.0,3702.2976771352896,3702.2976771352896,453.98723594286184,453.98723594286184,3248.310441192428,28.862858533073748,79.23861385712394,False,105774.51771514116,False,0,0.0121739130434782,80.0
SP -time,ConcCost,single,-time,-,5 expl,5,700000,20.0,3391.914584201347,3391.914584201347,143.60414300891944,143.60414300891944,3248.310441192428,27.375130574393413,77.97105854334009,False,100510.96172624105,False,0,0.0121739130434782,80.0
SP +time,ConcCost,single,+time,-,5 expl,5,700001,20.0,4057.3922948615254,4057.3922948615254,656.5380016844119,656.5380016844119,3400.8542931771135,30.77495242000104,73.18574486570732,False,111844.6490451502,False,0,0.02,90.0
SP -time,ConcCost,single,-time,-,5 expl,5,700001,20.0,3422.004648826364,3422.004648826364,21.150355649250287,21.150355649250287,3400.8542931771135,27.650170749304028,67.01554587097064,False,102743.2983605229,False,0,0.02,90.0
SP +time,ConcCost,single,+time,-,5 expl,5,700002,20.0,3735.0012459402296,3735.0012459402296,148.1109838016082,148.1109838016082,3586.8902621386214,30.11133326086448,85.80310881810341,False,98071.53125982967,False,0,0.0,80.0
SP -time,ConcCost,single,-time,-,5 expl,5,700002,20.0,3543.5398539165208,3543.5398539165208,-43.35040822210067,-43.35040822210067,3586.8902621386214,29.445865106718475,84.26896509317852,False,95660.5189584608,False,0,0.0,75.0
SP +time,ConcCost,single,+time,-,5 expl,5,700003,20.0,3869.5843076537426,3869.5843076537426,536.0921521565529,536.0921521565529,3333.4921554971897,29.112797642370587,76.87993977140228,False,111278.5918769166,False,0,0.0217391304347826,90.0
SP -time,ConcCost,single,-time,-,5 expl,5,700003,20.0,3274.162198043696,3274.162198043696,-59.329957453493535,-59.329957453493535,3333.4921554971897,26.493230768996515,71.0831834636781,False,101146.14796713577,False,0,0.0217391304347826,95.0
SP +time,ConcCost,single,+time,-,5 expl,5,700004,20.0,3438.270018369194,3438.270018369194,417.3848658568272,417.3848658568272,3020.885152512367,26.211050717915455,77.59566952033992,False,107301.66089731756,False,0,0.0243478260869565,80.0
SP -time,ConcCost,single,-time,-,5 expl,5,700004,20.0,3192.735870733374,3192.735870733374,171.85071822100736,171.85071822100736,3020.885152512367,25.052476463576156,76.53357463628853,False,102694.33080027191,False,0,0.0243478260869565,75.0
SP +time,ConcCost,single,+time,-,5 expl,5,700005,20.0,4299.197555873701,4299.197555873701,420.84951437875407,420.84951437875407,3878.348041494947,34.5754878442019,82.62282335554355,False,102535.5782468428,False,0,0.0,85.0
SP -time,ConcCost,single,-time,-,5 expl,5,700005,20.0,3867.378906933104,3867.378906933104,-10.96913456184302,-10.96913456184302,3878.348041494947,32.26363061809509,80.83042782621577,False,96986.96094785492,False,0,0.0,80.0
SP +time,ConcCost,single,+time,-,5 expl,5,700006,20.0,4175.508066480485,4175.508066480485,451.6635188845639,451.6635188845639,3723.8445475959206,32.289802401007755,80.37201828985498,False,104150.41548665124,False,0,0.0,85.0
SP -time,ConcCost,single,-time,-,5 expl,5,700006,20.0,3870.151152090974,3870.151152090974,146.3066044950533,146.3066044950533,3723.8445475959206,30.723142311055227,80.87539000351536,False,99792.49816672289,False,0,0.0,75.0
SP +time,ConcCost,single,+time,-,5 expl,5,700007,20.0,3592.2375483837413,3592.2375483837413,469.11823162860765,469.11823162860765,3123.1193167551337,27.344181647536388,78.03550570373677,False,106706.51944228933,False,0,0.0,80.0
SP -time,ConcCost,single,-time,-,5 expl,5,700007,20.0,3297.871400059764,3297.871400059764,174.7520833046301,174.7520833046301,3123.1193167551337,25.89166783541486,77.85214155307698,False,101869.63198600408,False,0,0.0,75.0
SP +time,ConcCost,single,+time,-,5 expl,5,700008,20.0,3614.474109970792,3614.474109970792,507.2729602867653,507.2729602867653,3107.201149684027,26.783448562025747,74.62937643692243,False,111397.29921641666,False,0,0.0243478260869565,90.0
SP -time,ConcCost,single,-time,-,5 expl,5,700008,20.0,3205.0455194262418,3205.0455194262418,97.8443697422149,97.8443697422149,3107.201149684027,25.021501130835222,70.18881616756794,False,103392.59453079602,False,0,0.0243478260869565,95.0
SP +time,ConcCost,single,+time,-,5 expl,5,700009,20.0,3696.195066756583,3696.195066756583,505.57672914058276,505.57672914058276,3190.618337616,27.402646245330832,75.73344799879419,False,111701.03777425057,False,0,0.0113043478260869,90.0
SP -time,ConcCost,single,-time,-,5 expl,5,700009,20.0,3270.0848347349556,3270.0848347349556,79.46649711895543,79.46649711895543,3190.618337616,25.579079803539287,71.75128715874202,False,103645.82066244687,False,0,0.0104347826086956,90.0
SP +time,ConcCost,single,+time,-,5 expl,5,700000,40.0,3537.467720210645,3537.467720210645,520.2861081045571,520.2861081045571,3017.181612106088,28.199624392275307,78.47412155584598,False,105194.97369364784,False,0,0.0121739130434782,95.0
SP -time,ConcCost,single,-time,-,5 expl,5,700000,40.0,3076.1364897078593,3076.1364897078593,58.954877601771386,58.954877601771386,3017.181612106088,26.050204951409608,75.51861595960682,False,97624.7466210219,False,0,0.0121739130434782,100.0
SP +time,ConcCost,single,+time,-,5 expl,5,700001,40.0,3547.1370228663045,3547.1370228663045,329.79800182653025,329.79800182653025,3217.3390210397743,27.30313187484954,74.10443810743114,False,109803.24912717124,False,0,0.02,100.0
SP -time,ConcCost,single,-time,-,5 expl,5,700001,40.0,3182.6419447299813,3182.6419447299813,-34.69707630979292,-34.69707630979292,3217.3390210397743,26.772944215803637,66.96356810300162,False,99536.83927158816,False,0,0.02,125.0
SP +time,ConcCost,single,+time,-,5 expl,5,700002,40.0,3270.6626176283535,3270.6626176283535,-74.38103342536942,-74.38103342536942,3345.043651053723,25.89460266176943,85.97588701030631,False,98118.2907041154,False,0,0.0,90.0
SP -time,ConcCost,single,-time,-,5 expl,5,700002,40.0,3156.793181133192,3156.793181133192,-188.25046992053103,-188.25046992053103,3345.043651053723,27.40879566927002,83.10739981688575,False,91591.2408897866,False,0,0.0,100.0
SP +time,ConcCost,single,+time,-,5 expl,5,700003,40.0,3038.4484584771626,3038.4484584771626,-100.80147175938646,-100.80147175938646,3139.249930236549,22.986417238313983,78.49080307708373,False,107716.62255333332,False,0,0.0217391304347826,100.0
SP -time,ConcCost,single,-time,-,5 expl,5,700003,40.0,3036.663434406322,3036.663434406322,-102.58649583022725,-102.58649583022725,3139.249930236549,25.47430378894185,71.87568637343239,False,98277.95278254725,False,0,0.0217391304347826,120.0
SP +time,ConcCost,single,+time,-,5 expl,5,700004,40.0,3318.256923348376,3318.256923348376,520.9013327752709,520.9013327752709,2797.355590573105,25.88399702283647,74.64056899391065,False,106164.4463506856,False,0,0.0243478260869565,90.0
SP -time,ConcCost,single,-time,-,5 expl,5,700004,40.0,2954.3690241464187,2954.3690241464187,157.0134335733137,157.0134335733137,2797.355590573105,24.200440691726513,72.46069675868739,False,99887.67642797822,False,0,0.0243478260869565,100.0
SP +time,ConcCost,single,+time,-,5 expl,5,700005,40.0,3486.4686202239163,3486.4686202239163,-125.74308055770189,-125.74308055770189,3612.211700781618,27.474043442486895,83.47685468078028,False,101645.35365342778,False,0,0.0,95.0
SP -time,ConcCost,single,-time,-,5 expl,5,700005,40.0,3473.976792765653,3473.976792765653,-138.23490801596517,-138.23490801596517,3612.211700781618,30.27271275854011,80.27828536773276,False,94355.22563358444,False,0,0.0,110.0
SP +time,ConcCost,single,+time,-,5 expl,5,700006,40.0,4037.29385531898,4037.29385531898,584.3747706272452,584.3747706272452,3452.919084691735,31.55753499216865,78.99878679536096,False,104475.78226810948,False,0,0.0,95.0
SP -time,ConcCost,single,-time,-,5 expl,5,700006,40.0,3457.7025716591775,3457.7025716591775,4.783486967442514,4.783486967442514,3452.919084691735,28.826360351432964,76.46687579326722,False,96429.8044700208,False,0,0.0,110.0
SP +time,ConcCost,single,+time,-,5 expl,5,700007,40.0,3490.6524261149566,3490.6524261149566,578.4184360768236,578.4184360768236,2912.233990038133,27.00053144231555,76.18096019948291,False,106111.31381422408,False,0,0.0,95.0
SP -time,ConcCost,single,-time,-,5 expl,5,700007,40.0,3087.5330979478435,3087.5330979478435,175.29910790971053,175.29910790971053,2912.233990038133,25.185845372972032,72.87388688052178,False,98983.0250418492,False,0,0.0,100.0
SP +time,ConcCost,single,+time,-,5 expl,5,700008,40.0,3438.640253600392,3438.640253600392,513.2776881189739,513.2776881189739,2925.362565481418,26.217622117535825,72.98257431229568,False,109256.60573370269,False,0,0.0243478260869565,100.0
SP -time,ConcCost,single,-time,-,5 expl,5,700008,40.0,3030.3953740695024,3030.3953740695024,105.03280858808421,105.03280858808421,2925.362565481418,24.55241557900923,66.3945690987414,False,100372.16922426436,False,0,0.0243478260869565,120.0
SP +time,ConcCost,single,+time,-,5 expl,5,700009,40.0,3492.246743579347,3492.246743579347,499.3732412583522,499.3732412583522,2992.8735023209947,26.58435302532797,75.90036896114465,False,109984.20923372231,False,0,0.0113043478260869,95.0
SP -time,ConcCost,single,-time,-,5 expl,5,700009,40.0,3060.7432829718095,3060.7432829718095,67.86978065081485,67.86978065081485,2992.8735023209947,24.818055817669425,69.74686897590732,False,100675.65360765392,False,0,0.0104347826086956,120.0
SP +time,ConcCost,single,+time,-,5 expl,5,700000,60.0,3367.9808657940416,3367.9808657940416,571.5507353038588,571.5507353038588,2796.430130490183,27.612881295747936,76.99762843232295,False,102986.3468775476,False,0,0.0121739130434782,110.0
SP -time,ConcCost,single,-time,-,5 expl,5,700000,60.0,2836.2721736574154,2836.2721736574154,39.84204316723253,39.84204316723253,2796.430130490183,24.917098024067332,73.0795516192082,False,94471.7651256758,False,0,0.0121739130434782,125.0
SP +time,ConcCost,single,+time,-,5 expl,5,700001,60.0,3157.767310655956,3157.767310655956,122.77692113334433,122.77692113334433,3034.9903895226116,24.582542410094828,73.19994820824755,False,107350.58104053048,False,0,0.02,115.0
SP -time,ConcCost,single,-time,-,5 expl,5,700001,60.0,2888.866423683907,2888.866423683907,-146.1239658387044,-146.1239658387044,3034.9903895226116,25.03109709032037,65.93307524648279,False,97101.25128382831,False,0,0.02,140.0
SP +time,ConcCost,single,+time,-,5 expl,5,700002,60.0,2673.0268694824144,2673.0268694824144,-399.3527522262757,-399.3527522262757,3072.37962170869,20.701647134476687,88.75337915023012,False,95608.09371552404,False,0,0.0,100.0
SP -time,ConcCost,single,-time,-,5 expl,5,700002,60.0,2908.7007654492645,2908.7007654492645,-163.67885625942563,-163.67885625942563,3072.37962170869,26.11330915330464,80.82587779065305,False,88831.20028326137,False,0,0.0,120.0
SP +time,ConcCost,single,+time,-,5 expl,5,700003,60.0,2397.6435867422942,2397.6435867422942,-481.32800218460625,-481.32800218460625,2878.9715889269005,18.119109346616177,79.84343548284552,False,102951.15932942677,False,0,0.0217391304347826,110.0
SP -time,ConcCost,single,-time,-,5 expl,5,700003,60.0,2782.0214363154696,2782.0214363154696,-96.9501526114309,-96.9501526114309,2878.9715889269005,24.0687426293698,70.15181013856963,False,95887.3581572232,False,0,0.0217391304347826,135.0
SP +time,ConcCost,single,+time,-,5 expl,5,700004,60.0,3101.267823271101,3101.267823271101,525.3227699568956,525.3227699568956,2575.9450533142053,24.920463904397224,71.84953465102785,False,103774.21222738943,False,0,0.0243478260869565,110.0
SP -time,ConcCost,single,-time,-,5 expl,5,700004,60.0,2716.560597204522,2716.560597204522,140.61554389031653,140.61554389031653,2575.9450533142053,23.05886688382448,67.59621329446043,False,96889.65821465284,False,0,0.0243478260869565,125.0
SP +time,ConcCost,single,+time,-,5 expl,5,700005,60.0,2906.215694519353,2906.215694519353,-428.2125646660984,-428.2125646660984,3334.428259185451,22.541839959549517,86.1456033104262,False,98874.35635790158,False,0,0.0,105.0
SP -time,ConcCost,single,-time,-,5 expl,5,700005,60.0,3138.057816391849,3138.057816391849,-196.37044279360225,-196.37044279360225,3334.428259185451,28.46172780595388,78.44152656343601,False,91317.17531033422,False,0,0.0,120.0
SP +time,ConcCost,single,+time,-,5 expl,5,700006,60.0,3851.394223793737,3851.394223793737,663.2091085526231,663.2091085526231,3188.185115241114,30.77753921820006,77.12909117315222,False,102807.38839963663,False,0,0.0,110.0
SP -time,ConcCost,single,-time,-,5 expl,5,700006,60.0,3241.154965349765,3241.154965349765,52.96985010865092,52.96985010865092,3188.185115241114,27.762510726452867,73.1773986326829,False,94136.4787833064,False,0,0.0,120.0
SP +time,ConcCost,single,+time,-,5 expl,5,700007,60.0,3273.890090250857,3273.890090250857,575.9009753232481,575.9009753232481,2697.989114927609,26.08943981161769,74.51821414285288,False,103736.97873323273,False,0,0.0,110.0
SP -time,ConcCost,single,-time,-,5 expl,5,700007,60.0,2833.808184543312,2833.808184543312,135.81906961570303,135.81906961570303,2697.989114927609,23.912100862629323,70.0902070255973,False,96038.78942474395,False,0,0.0,125.0
SP +time,ConcCost,single,+time,-,5 expl,5,700008,60.0,3238.9336888340003,3238.9336888340003,520.4586068260442,520.4586068260442,2718.475082007956,25.50951648906901,71.63744124729516,False,106047.8458447066,False,0,0.0243478260869565,115.0
SP -time,ConcCost,single,-time,-,5 expl,5,700008,60.0,2741.4653301417143,2741.4653301417143,22.990248133758087,22.990248133758087,2718.475082007956,23.140275302324977,65.94705323884521,False,97143.03396258896,False,0,0.0243478260869565,135.0
SP +time,ConcCost,single,+time,-,5 expl,5,700009,60.0,3322.0745149699087,3322.0745149699087,539.8195187031788,539.8195187031788,2782.25499626673,26.00067785309012,74.23098057440666,False,107073.50172821266,False,0,0.0113043478260869,110.0
SP -time,ConcCost,single,-time,-,5 expl,5,700009,60.0,2756.456218401472,2756.456218401472,-25.79877786525776,-25.79877786525776,2782.25499626673,23.15160546897127,68.54050873430769,False,97922.88636869796,False,0,0.0104347826086956,130.0
SP +time,ConcCost,single,+time,-,5 expl,5,700000,80.0,3009.6152625623636,3009.6152625623636,492.4050925046381,492.4050925046381,2517.2101700577255,25.544827671373067,74.38717711078952,False,99871.47490105376,False,0,0.0121739130434782,120.0
SP -time,ConcCost,single,-time,-,5 expl,5,700000,80.0,2420.7322185836356,2420.7322185836356,-96.47795147408988,-96.47795147408988,2517.2101700577255,22.104841367921285,69.46103892759713,False,91226.72581882648,False,0,0.0121739130434782,145.0
SP +time,ConcCost,single,+time,-,5 expl,5,700001,80.0,2827.7602069860095,2827.7602069860095,90.81440955086964,90.81440955086964,2736.94579743514,22.759630051646095,72.60335644539406,False,104089.70620386486,False,0,0.02,125.0
SP -time,ConcCost,single,-time,-,5 expl,5,700001,80.0,2542.187133807842,2542.187133807842,-194.75866362729766,-194.75866362729766,2736.94579743514,22.86757210363454,63.44401117053389,False,93995.0088010232,False,0,0.02,150.0
SP +time,ConcCost,single,+time,-,5 expl,5,700002,80.0,2523.7177804765106,2523.7177804765106,-227.7591780154239,-227.7591780154239,2751.4769584919345,20.18530826021102,87.25150238821762,False,93764.79562415194,False,0,0.0,115.0
SP -time,ConcCost,single,-time,-,5 expl,5,700002,80.0,2646.280779978416,2646.280779978416,-105.19617851351859,-105.19617851351859,2751.4769584919345,24.42211757251283,76.43941955531074,False,86672.25008312544,False,0,0.0,130.0
SP +time,ConcCost,single,+time,-,5 expl,5,700003,80.0,2560.8005695211295,2560.8005695211295,-55.34674104069154,-55.34674104069154,2616.147310561821,20.59644466217606,75.86368412315194,False,101582.36714455108,False,0,0.0217391304347826,125.0
SP -time,ConcCost,single,-time,-,5 expl,5,700003,80.0,2351.1901713513957,2351.1901713513957,-264.95713921042534,-264.95713921042534,2616.147310561821,21.283869667813185,66.88762543803041,False,92450.4329481482,False,0,0.0217391304347826,145.0
SP +time,ConcCost,single,+time,-,5 expl,5,700004,80.0,2791.8143083763057,2791.8143083763057,472.92442480233285,472.92442480233285,2318.889883573973,23.33396213556427,69.33847945074021,False,100567.1931512167,False,0,0.0243478260869565,120.0
SP -time,ConcCost,single,-time,-,5 expl,5,700004,80.0,2336.3200398034214,2336.3200398034214,17.430156229448585,17.430156229448585,2318.889883573973,20.808213767336685,64.6508183661325,False,93334.41285084796,False,0,0.0243478260869565,145.0
SP +time,ConcCost,single,+time,-,5 expl,5,700005,80.0,2569.539436931408,2569.539436931408,-412.58618398768294,-412.58618398768294,2982.125620919091,20.446473024205165,85.51496436117253,False,96436.67606555714,False,0,0.0,115.0
SP -time,ConcCost,single,-time,-,5 expl,5,700005,80.0,2703.516436322135,2703.516436322135,-278.60918459695586,-278.60918459695586,2982.125620919091,25.50228725364892,74.44175311799938,False,88195.19114551088,False,0,0.0,140.0
SP +time,ConcCost,single,+time,-,5 expl,5,700006,80.0,3467.20069636363,3467.20069636363,605.6156047217451,605.6156047217451,2861.585091641885,28.935671650801392,74.94499949588783,False,98945.67707566562,False,0,0.0,115.0
SP -time,ConcCost,single,-time,-,5 expl,5,700006,80.0,2857.6928861495817,2857.6928861495817,-3.892205492303219,-3.892205492303219,2861.585091641885,25.476473333215832,69.71382642105475,False,90702.50100402412,False,0,0.0,140.0
SP +time,ConcCost,single,+time,-,5 expl,5,700007,80.0,2962.373510354132,2962.373510354132,508.1329458700038,508.1329458700038,2454.2405644841283,24.535850338442913,71.82389133304471,False,100380.614962737,False,0,0.0,120.0
SP -time,ConcCost,single,-time,-,5 expl,5,700007,80.0,2487.765803528845,2487.765803528845,33.52523904471673,33.52523904471673,2454.2405644841283,21.86949577060267,66.64502286884104,False,92513.27337614744,False,0,0.0,145.0
SP +time,ConcCost,single,+time,-,5 expl,5,700008,80.0,2924.258847094294,2924.258847094294,456.98659014125315,456.98659014125315,2467.272256953041,24.034809778782677,68.67698943996653,False,101699.65846929868,False,0,0.0243478260869565,125.0
SP -time,ConcCost,single,-time,-,5 expl,5,700008,80.0,2385.3422260733487,2385.3422260733487,-81.93003087969237,-81.93003087969237,2467.272256953041,21.02824239085439,62.73202287712977,False,93632.95823295998,False,0,0.0243478260869565,150.0
SP +time,ConcCost,single,+time,-,5 expl,5,700009,80.0,2982.160794982031,2982.160794982031,487.0230354946698,487.0230354946698,2495.137759487361,24.30627276448471,70.95394140650122,False,102958.02169992652,False,0,0.0113043478260869,120.0
SP -time,ConcCost,single,-time,-,5 expl,5,700009,80.0,2353.399960782117,2353.399960782117,-141.73779870524413,-141.73779870524413,2495.137759487361,20.685922959931204,65.22686727133511,False,94224.78637569128,False,0,0.0104347826086956,145.0
MP fixed +time,ConcCost,multi,+time,fixed 100h,5 expl,5,700000,0.0,3576.394736032598,3576.394736032598,109.06583376777326,109.06583376777326,3467.3289022648246,28.162312926723768,81.08872363595297,False,101656.3595143079,False,0,0.0121739130434782,75.0
MP fixed -time,ConcCost,multi,-time,fixed 100h,5 expl,5,700000,0.0,3278.060091533475,3278.060091533475,-189.26881073134973,-189.26881073134973,3467.3289022648246,26.26190286429472,80.17503470299168,False,99811.12453253855,False,0,0.0113043478260869,50.0
MP fixed +time,ConcCost,multi,+time,fixed 100h,5 expl,5,700001,0.0,3846.635794124849,3846.635794124849,272.736583437998,272.736583437998,3573.899210686851,29.436486175955515,73.36296013405064,False,107289.46332256187,False,0,0.02,80.0
MP fixed -time,ConcCost,multi,-time,fixed 100h,5 expl,5,700001,0.0,3466.8320778364873,3466.8320778364873,-107.06713285036358,-107.06713285036358,3573.899210686851,26.943093484679817,70.97931309140004,False,105957.96158963729,False,0,0.0191304347826086,50.0
MP fixed +time,ConcCost,multi,+time,fixed 100h,5 expl,5,700002,0.0,3865.788244915741,3865.788244915741,169.1700216291888,169.1700216291888,3696.618223286552,31.20719725762757,88.08391091131519,False,97610.30724837795,False,0,0.0,75.0
MP fixed -time,ConcCost,multi,-time,fixed 100h,5 expl,5,700002,0.0,3344.9266809084365,3344.9266809084365,-351.6915423781156,-351.6915423781156,3696.618223286552,27.869493494836863,88.80664395530124,False,97629.5193805048,False,0,0.0,50.0
MP fixed +time,ConcCost,multi,+time,fixed 100h,5 expl,5,700003,0.0,3738.532795695054,3738.532795695054,211.94419554563228,211.94419554563228,3526.588600149422,28.39837065598242,77.35044924035546,False,107097.36114137954,False,0,0.0217391304347826,80.0
MP fixed -time,ConcCost,multi,-time,fixed 100h,5 expl,5,700003,0.0,3407.462310890164,3407.462310890164,-119.12628925925765,-119.12628925925765,3526.588600149422,26.451901177630837,73.76953857808033,False,104032.65743619602,False,0,0.02,60.0
MP fixed +time,ConcCost,multi,+time,fixed 100h,5 expl,5,700004,0.0,3350.6937535427896,3350.6937535427896,136.18714678549168,136.18714678549168,3214.506606757298,25.63065551663811,78.9846884646774,False,104079.81565429662,False,0,0.0243478260869565,75.0
MP fixed -time,ConcCost,multi,-time,fixed 100h,5 expl,5,700004,0.0,2982.385175639046,2982.385175639046,-232.12143111825208,-232.12143111825208,3214.506606757298,23.541396171865852,80.35905675556431,False,100197.07322680528,False,0,0.0234782608695652,50.0
MP fixed +time,ConcCost,multi,+time,fixed 100h,5 expl,5,700005,0.0,4224.749177326432,4224.749177326432,102.75430658693222,102.75430658693222,4121.9948707395,34.080453395586126,84.7389109811326,False,99383.06424482548,False,0,0.0,75.0
MP fixed -time,ConcCost,multi,-time,fixed 100h,5 expl,5,700005,0.0,3947.3982388009313,3947.3982388009313,-174.5966319385684,-174.5966319385684,4121.9948707395,32.02792481127045,81.43234950853096,False,99791.57914978411,False,0,0.0,50.0
MP fixed +time,ConcCost,multi,+time,fixed 100h,5 expl,5,700006,0.0,4114.101284143335,4114.101284143335,128.34307540424606,128.34307540424606,3985.758208739089,31.948368066233396,82.81874100423582,False,100702.76212667422,False,0,0.0,75.0
MP fixed -time,ConcCost,multi,-time,fixed 100h,5 expl,5,700006,0.0,3757.7947371325454,3757.7947371325454,-227.9634716065434,-227.9634716065434,3985.758208739089,29.64156439030519,80.98460349193897,False,99323.21684344365,False,0,0.0,50.0
MP fixed +time,ConcCost,multi,+time,fixed 100h,5 expl,5,700007,0.0,3476.343582948417,3476.343582948417,121.14427610663279,121.14427610663279,3355.199306841784,26.664408387192907,79.81664800448306,False,102859.81842255716,False,0,0.0,75.0
MP fixed -time,ConcCost,multi,-time,fixed 100h,5 expl,5,700007,0.0,3099.0884999418076,3099.0884999418076,-256.1108068999765,-256.1108068999765,3355.199306841784,24.520948432066778,80.58921645205217,False,99588.0798366542,False,0,0.0,50.0
MP fixed +time,ConcCost,multi,+time,fixed 100h,5 expl,5,700008,0.0,3512.3223459549317,3512.3223459549317,208.49435058101244,208.49435058101244,3303.8279953739193,26.139217888513116,75.97557219259753,False,107713.0202582812,False,0,0.0243478260869565,80.0
MP fixed -time,ConcCost,multi,-time,fixed 100h,5 expl,5,700008,0.0,3193.389654980509,3193.389654980509,-110.43834039341027,-110.43834039341027,3303.8279953739193,24.29322139395141,72.5508020578753,False,103399.746649486,False,0,0.0234782608695652,55.0
MP fixed +time,ConcCost,multi,+time,fixed 100h,5 expl,5,700009,0.0,3587.5820029467036,3587.5820029467036,198.79169952795746,198.79169952795746,3388.790303418746,26.741445466307287,77.67403057122871,False,108115.2498875512,False,0,0.0104347826086956,80.0
MP fixed -time,ConcCost,multi,-time,fixed 100h,5 expl,5,700009,0.0,3269.508868010317,3269.508868010317,-119.28143540842893,-119.28143540842893,3388.790303418746,24.86330779275149,73.60827502698753,False,103999.72365507515,False,0,0.0095652173913043,55.0
MP fixed +time,ConcCost,multi,+time,fixed 100h,5 expl,5,700000,20.0,3411.9377986210684,3411.9377986210684,163.6273574286406,163.6273574286406,3248.310441192428,27.646234578168425,78.60278066488564,False,100655.40126814622,False,0,0.0121739130434782,85.0
MP fixed -time,ConcCost,multi,-time,fixed 100h,5 expl,5,700000,20.0,3139.769132093933,3139.769132093933,-108.54130909849482,-108.54130909849482,3248.310441192428,26.008180897727556,77.86964587481457,False,96414.55803242185,False,0,0.0113043478260869,60.0
MP fixed +time,ConcCost,multi,+time,fixed 100h,5 expl,5,700001,20.0,3715.946596790255,3715.946596790255,315.09230361314167,315.09230361314167,3400.8542931771135,29.32456967156106,71.56306924473053,False,105721.71467364032,False,0,0.02,90.0
MP fixed -time,ConcCost,multi,-time,fixed 100h,5 expl,5,700001,20.0,3303.40385700211,3303.40385700211,-97.45043617500369,-97.45043617500369,3400.8542931771135,26.650676027551253,69.8811365329575,False,102588.20425298504,False,0,0.0191304347826086,70.0
MP fixed +time,ConcCost,multi,+time,fixed 100h,5 expl,5,700002,20.0,3474.5141526250427,3474.5141526250427,-112.37610951357874,-112.37610951357874,3586.8902621386214,28.526809964493346,87.88902728875685,False,96410.73548048834,False,0,0.0,85.0
MP fixed -time,ConcCost,multi,-time,fixed 100h,5 expl,5,700002,20.0,3446.711016317403,3446.711016317403,-140.1792458212185,-140.1792458212185,3586.8902621386214,29.07909980867057,83.70161013852653,False,94333.82467366908,False,0,0.0,60.0
MP fixed +time,ConcCost,multi,+time,fixed 100h,5 expl,5,700003,20.0,3544.076692142843,3544.076692142843,210.58453664565332,210.58453664565332,3333.4921554971897,27.792457910171812,74.73311900382956,False,105232.09147189689,False,0,0.0217391304347826,90.0
MP fixed -time,ConcCost,multi,-time,fixed 100h,5 expl,5,700003,20.0,3263.5208748876303,3263.5208748876303,-69.97128060955947,-69.97128060955947,3333.4921554971897,26.27244900387165,72.5820043096236,False,100494.64820081294,False,0,0.0208695652173913,75.0
MP fixed +time,ConcCost,multi,+time,fixed 100h,5 expl,5,700004,20.0,3201.874012252186,3201.874012252186,180.98885973981896,180.98885973981896,3020.885152512367,25.209896473815505,76.70849506266134,False,102754.3077739432,False,0,0.0243478260869565,85.0
MP fixed -time,ConcCost,multi,-time,fixed 100h,5 expl,5,700004,20.0,2937.5357635837327,2937.5357635837327,-83.3493889286342,-83.3493889286342,3020.885152512367,23.724104845919484,76.69432423175567,False,97297.33923581488,False,0,0.0243478260869565,60.0
MP fixed +time,ConcCost,multi,+time,fixed 100h,5 expl,5,700005,20.0,3995.241361695996,3995.241361695996,116.89332020104894,116.89332020104894,3878.348041494947,33.022903841197575,82.200788739695,False,98622.82115826797,False,0,0.0,85.0
MP fixed -time,ConcCost,multi,-time,fixed 100h,5 expl,5,700005,20.0,3747.4734280532934,3747.4734280532934,-130.87461344165376,-130.87461344165376,3878.348041494947,31.62633160804057,80.21765595763384,False,96070.13395216712,False,0,0.0,65.0
MP fixed +time,ConcCost,multi,+time,fixed 100h,5 expl,5,700006,20.0,3912.5255388739824,3912.5255388739824,188.6809912780618,188.6809912780618,3723.8445475959206,31.08304015097144,79.99982573211123,False,100017.716223445,False,0,0.0,85.0
MP fixed -time,ConcCost,multi,-time,fixed 100h,5 expl,5,700006,20.0,3591.023697652704,3591.023697652704,-132.82084994321667,-132.82084994321667,3723.8445475959206,29.37086206770484,79.52637216187921,False,95435.84733255264,False,0,0.0,60.0
MP fixed +time,ConcCost,multi,+time,fixed 100h,5 expl,5,700007,20.0,3341.953144676346,3341.953144676346,218.8338279212121,218.8338279212121,3123.1193167551337,26.241339867721617,77.17744598690236,False,101852.15435951088,False,0,0.0,85.0
MP fixed -time,ConcCost,multi,-time,fixed 100h,5 expl,5,700007,20.0,3033.9075951133545,3033.9075951133545,-89.21172164177915,-89.21172164177915,3123.1193167551337,24.615346240303317,77.2508454333864,False,96647.188808088,False,0,0.0,60.0
MP fixed +time,ConcCost,multi,+time,fixed 100h,5 expl,5,700008,20.0,3342.942346486584,3342.942346486584,235.74119680255717,235.74119680255717,3107.201149684027,25.674644116586357,73.65779396784708,False,105959.72349149626,False,0,0.0243478260869565,90.0
MP fixed -time,ConcCost,multi,-time,fixed 100h,5 expl,5,700008,20.0,3032.117414397174,3032.117414397174,-75.08373528685297,-75.08373528685297,3107.201149684027,23.97281491872863,71.5737176230585,False,99667.9259786117,False,0,0.0243478260869565,75.0
MP fixed +time,ConcCost,multi,+time,fixed 100h,5 expl,5,700009,20.0,3421.137443943475,3421.137443943475,230.51910632747467,230.51910632747467,3190.618337616,26.286964501286104,75.01963719944825,False,106152.75558367836,False,0,0.0113043478260869,90.0
MP fixed -time,ConcCost,multi,-time,fixed 100h,5 expl,5,700009,20.0,3112.8273647289593,3112.8273647289593,-77.79097288704088,-77.79097288704088,3190.618337616,24.586262728204865,72.7688637873745,False,100139.96888121232,False,0,0.0104347826086956,75.0
MP fixed +time,ConcCost,multi,+time,fixed 100h,5 expl,5,700000,40.0,3253.050328644871,3253.050328644871,235.86871653878325,235.86871653878325,3017.181612106088,27.012395593874885,75.75162084086296,False,99301.42934729124,False,0,0.0121739130434782,95.0
MP fixed -time,ConcCost,multi,-time,fixed 100h,5 expl,5,700000,40.0,2944.880626226345,2944.880626226345,-72.30098587974271,-72.30098587974271,3017.181612106088,25.33676338157154,74.65020239595388,False,92875.43211557486,False,0,0.0113043478260869,80.0
MP fixed +time,ConcCost,multi,+time,fixed 100h,5 expl,5,700001,40.0,3526.3853398550227,3526.3853398550227,309.04631881524847,309.04631881524847,3217.3390210397743,28.584404579882033,70.56867861913159,False,104219.67342759832,False,0,0.02,100.0
MP fixed -time,ConcCost,multi,-time,fixed 100h,5 expl,5,700001,40.0,3167.9845469949523,3167.9845469949523,-49.35447404482193,-49.35447404482193,3217.3390210397743,26.589106200437215,66.82758129789588,False,98498.56410530698,False,0,0.0191304347826086,95.0
MP fixed +time,ConcCost,multi,+time,fixed 100h,5 expl,5,700002,40.0,3237.014237515292,3237.014237515292,-108.02941353843107,-108.02941353843107,3345.043651053723,26.329019910079552,86.08696921491737,False,95575.21565513535,False,0,0.0,95.0
MP fixed -time,ConcCost,multi,-time,fixed 100h,5 expl,5,700002,40.0,3292.54689416883,3292.54689416883,-52.496756884892875,-52.496756884892875,3345.043651053723,28.734733003994315,79.47758809489595,False,90566.6212428343,False,0,0.0,80.0
MP fixed +time,ConcCost,multi,+time,fixed 100h,5 expl,5,700003,40.0,3325.567486871089,3325.567486871089,186.31755663453987,186.31755663453987,3139.249930236549,26.90440356037335,75.1519606880286,False,102923.77777087604,False,0,0.0217391304347826,100.0
MP fixed -time,ConcCost,multi,-time,fixed 100h,5 expl,5,700003,40.0,3108.3907311981293,3108.3907311981293,-30.859199038419774,-30.859199038419774,3139.249930236549,25.94521887923522,69.83164885288933,False,96933.7592158016,False,0,0.0208695652173913,95.0
MP fixed +time,ConcCost,multi,+time,fixed 100h,5 expl,5,700004,40.0,3080.0313326823057,3080.0313326823057,282.67574210920066,282.67574210920066,2797.355590573105,24.882425493879897,72.7201673870466,False,100915.35348406174,False,0,0.0243478260869565,95.0
MP fixed -time,ConcCost,multi,-time,fixed 100h,5 expl,5,700004,40.0,2735.0336091148424,2735.0336091148424,-62.3219814582626,-62.3219814582626,2797.355590573105,22.946010775142796,73.20742741362852,False,94513.69791390307,False,0,0.0243478260869565,80.0
MP fixed +time,ConcCost,multi,+time,fixed 100h,5 expl,5,700005,40.0,3770.705533959176,3770.705533959176,158.49383317755792,158.49383317755792,3612.211700781618,31.867776402608712,82.23802969231899,False,97402.81637088455,False,0,0.0,95.0
MP fixed -time,ConcCost,multi,-time,fixed 100h,5 expl,5,700005,40.0,3562.0649260146683,3562.0649260146683,-50.146774766949875,-50.146774766949875,3612.211700781618,31.22636484450296,76.0837910515369,False,92195.53509563858,False,0,0.0,85.0
MP fixed +time,ConcCost,multi,+time,fixed 100h,5 expl,5,700006,40.0,3730.947948906668,3730.947948906668,278.02886421493304,278.02886421493304,3452.919084691735,30.280916239820147,76.72918490528374,False,98725.90602090342,False,0,0.0,95.0
MP fixed -time,ConcCost,multi,-time,fixed 100h,5 expl,5,700006,40.0,3399.6835248564835,3399.6835248564835,-53.23555983525148,-53.23555983525148,3452.919084691735,28.84499096761652,75.00673436776124,False,91612.14405719422,False,0,0.0,85.0
MP fixed +time,ConcCost,multi,+time,fixed 100h,5 expl,5,700007,40.0,3226.132495880258,3226.132495880258,313.8985058421249,313.8985058421249,2912.233990038133,25.90162435629287,73.06487938259278,False,100271.06803383588,False,0,0.0,95.0
MP fixed -time,ConcCost,multi,-time,fixed 100h,5 expl,5,700007,40.0,2860.615913653699,2860.615913653699,-51.61807638443406,-51.61807638443406,2912.233990038133,24.038549345236607,73.33929231225211,False,93514.6891979851,False,0,0.0,80.0
MP fixed +time,ConcCost,multi,+time,fixed 100h,5 expl,5,700008,40.0,3191.94115082962,3191.94115082962,266.5785853482016,266.5785853482016,2925.362565481418,25.22628199978406,70.36549073896514,False,103667.3251497125,False,0,0.0243478260869565,100.0
MP fixed -time,ConcCost,multi,-time,fixed 100h,5 expl,5,700008,40.0,2889.109854900863,2889.109854900863,-36.25271058055523,-36.25271058055523,2925.362565481418,23.734702029097964,68.70382210244303,False,96139.23579425238,False,0,0.0243478260869565,95.0
MP fixed +time,ConcCost,multi,+time,fixed 100h,5 expl,5,700009,40.0,3225.9117808117426,3225.9117808117426,233.03827849074787,233.03827849074787,2992.8735023209947,25.50313399886476,72.99816473735042,False,104066.44637960564,False,0,0.0113043478260869,100.0
MP fixed -time,ConcCost,multi,-time,fixed 100h,5 expl,5,700009,40.0,2956.89209273845,2956.89209273845,-35.98140958254453,-35.98140958254453,2992.8735023209947,24.310649917314088,70.03960125751513,False,96655.63319887026,False,0,0.0104347826086956,90.0
MP fixed +time,ConcCost,multi,+time,fixed 100h,5 expl,5,700000,60.0,3150.8876059484264,3150.8876059484264,354.4574754582436,354.4574754582436,2796.430130490183,26.733090078234877,74.12210772510808,False,97545.85780519854,False,0,0.0121739130434782,110.0
MP fixed -time,ConcCost,multi,-time,fixed 100h,5 expl,5,700000,60.0,2836.975593443095,2836.975593443095,40.5454629529122,40.5454629529122,2796.430130490183,25.093802535667752,68.10102044132444,False,90637.97313898634,False,0,0.0113043478260869,110.0
MP fixed +time,ConcCost,multi,+time,fixed 100h,5 expl,5,700001,60.0,3417.9142004727983,3417.9142004727983,382.92381095018663,382.92381095018663,3034.9903895226116,28.24552348654537,69.46293660186963,False,102400.72681748266,False,0,0.02,115.0
MP fixed -time,ConcCost,multi,-time,fixed 100h,5 expl,5,700001,60.0,3049.913926387611,3049.913926387611,14.923536864999278,14.923536864999278,3034.9903895226116,26.449384932923746,61.57087278556925,False,94489.80683536516,False,0,0.0191304347826086,120.0
MP fixed +time,ConcCost,multi,+time,fixed 100h,5 expl,5,700002,60.0,3111.3171946896236,3111.3171946896236,38.93757298093351,38.93757298093351,3072.37962170869,25.695894275904113,83.65145057840063,False,94672.67589576196,False,0,0.0,100.0
MP fixed -time,ConcCost,multi,-time,fixed 100h,5 expl,5,700002,60.0,3133.574825963845,3133.574825963845,61.19520425515475,61.19520425515475,3072.37962170869,28.016096275965655,78.27568607603251,False,87452.20283727812,False,0,0.0,100.0
MP fixed +time,ConcCost,multi,+time,fixed 100h,5 expl,5,700003,60.0,3176.4001162899144,3176.4001162899144,297.4285273630139,297.4285273630139,2878.9715889269005,26.28808264427685,74.1872296209677,False,100767.97166750756,False,0,0.0217391304347826,110.0
MP fixed -time,ConcCost,multi,-time,fixed 100h,5 expl,5,700003,60.0,2927.8504572300108,2927.8504572300108,48.878868303110266,48.878868303110266,2878.9715889269005,25.393174744872645,66.37273056167447,False,93075.22064747928,False,0,0.0208695652173913,120.0
MP fixed +time,ConcCost,multi,+time,fixed 100h,5 expl,5,700004,60.0,2924.8771346790736,2924.8771346790736,348.9320813648683,348.9320813648683,2575.9450533142053,24.19182769459928,69.24321079654361,False,99279.6092119402,False,0,0.0243478260869565,110.0
MP fixed -time,ConcCost,multi,-time,fixed 100h,5 expl,5,700004,60.0,2600.5843345340577,2600.5843345340577,24.639281219852364,24.639281219852364,2575.9450533142053,22.408690450683967,66.39881983879886,False,92233.15873700842,False,0,0.0243478260869565,110.0
MP fixed +time,ConcCost,multi,+time,fixed 100h,5 expl,5,700005,60.0,3681.734614931976,3681.734614931976,347.3063557465248,347.3063557465248,3334.428259185451,31.516134192945916,80.33449285568007,False,96277.93326224764,False,0,0.0,100.0
MP fixed -time,ConcCost,multi,-time,fixed 100h,5 expl,5,700005,60.0,3395.620618105154,3395.620618105154,61.192358919702656,61.192358919702656,3334.428259185451,30.64043695357281,74.00777695521623,False,88921.93875229663,False,0,0.0,110.0
MP fixed +time,ConcCost,multi,+time,fixed 100h,5 expl,5,700006,60.0,3585.591101488964,3585.591101488964,397.4059862478498,397.4059862478498,3188.185115241114,29.76701538820923,74.67094850570881,False,96857.26652755083,False,0,0.0,110.0
MP fixed -time,ConcCost,multi,-time,fixed 100h,5 expl,5,700006,60.0,3257.6731782254833,3257.6731782254833,69.48806298436921,69.48806298436921,3188.185115241114,28.375744259068146,68.71672822316118,False,89737.6090128565,False,0,0.0,110.0
MP fixed +time,ConcCost,multi,+time,fixed 100h,5 expl,5,700007,60.0,3052.714505358942,3052.714505358942,354.7253904313329,354.7253904313329,2697.989114927609,25.15352296764163,71.73234026871286,False,98592.76221771428,False,0,0.0,110.0
MP fixed -time,ConcCost,multi,-time,fixed 100h,5 expl,5,700007,60.0,2749.3753511122914,2749.3753511122914,51.386236184682275,51.386236184682275,2697.989114927609,23.74631473930327,66.77868350972442,False,91468.7024329202,False,0,0.0,110.0
MP fixed +time,ConcCost,multi,+time,fixed 100h,5 expl,5,700008,60.0,3075.7310285585536,3075.7310285585536,357.2559465505974,357.2559465505974,2718.475082007956,24.90528594820529,68.86438135034344,False,101307.29693908794,False,0,0.0243478260869565,115.0
MP fixed -time,ConcCost,multi,-time,fixed 100h,5 expl,5,700008,60.0,2749.997647697236,2749.997647697236,31.522565689279872,31.522565689279872,2718.475082007956,23.346779053132515,64.0491544389929,False,93461.1423877638,False,0,0.0243478260869565,120.0
MP fixed +time,ConcCost,multi,+time,fixed 100h,5 expl,5,700009,60.0,3129.3751533677223,3129.3751533677223,347.1201571009924,347.1201571009924,2782.25499626673,25.298266197941473,71.60115988393676,False,101725.07631592314,False,0,0.0113043478260869,110.0
MP fixed -time,ConcCost,multi,-time,fixed 100h,5 expl,5,700009,60.0,2811.5204556698363,2811.5204556698363,29.265459403106433,29.265459403106433,2782.25499626673,23.858455806659503,65.0781247767008,False,94060.007077056,False,0,0.0104347826086956,115.0
MP fixed +time,ConcCost,multi,+time,fixed 100h,5 expl,5,700000,80.0,2827.331662335814,2827.331662335814,310.1214922780887,310.1214922780887,2517.2101700577255,24.915389675344855,71.31576604061871,False,94453.9342304534,False,0,0.0121739130434782,120.0
MP fixed -time,ConcCost,multi,-time,fixed 100h,5 expl,5,700000,80.0,2599.2039267546575,2599.2039267546575,81.993756696932,81.993756696932,2517.2101700577255,23.7723823820763,67.11465423981628,False,88811.68787675013,False,0,0.0113043478260869,130.0
MP fixed +time,ConcCost,multi,+time,fixed 100h,5 expl,5,700001,80.0,3087.497623562649,3087.497623562649,350.55182612750923,350.55182612750923,2736.94579743514,26.52693925805545,66.85086741365345,False,98754.26576735862,False,0,0.02,125.0
MP fixed -time,ConcCost,multi,-time,fixed 100h,5 expl,5,700001,80.0,2782.5157862433252,2782.5157862433252,45.56998880818537,45.56998880818537,2736.94579743514,25.104191760190076,61.851202752661315,False,91703.85274479272,False,0,0.0191304347826086,145.0
MP fixed +time,ConcCost,multi,+time,fixed 100h,5 expl,5,700002,80.0,3030.4686063505924,3030.4686063505924,278.99164785865787,278.99164785865787,2751.4769584919345,26.49775430860276,79.70092065024151,False,91760.4397345456,False,0,0.0,115.0
MP fixed -time,ConcCost,multi,-time,fixed 100h,5 expl,5,700002,80.0,2840.476038737579,2840.476038737579,88.99908024564456,88.99908024564456,2751.4769584919345,26.0084748339581,76.37620372322947,False,86321.00407225984,False,0,0.0,120.0
MP fixed +time,ConcCost,multi,+time,fixed 100h,5 expl,5,700003,80.0,2899.1393054225123,2899.1393054225123,282.9919948606912,282.9919948606912,2616.147310561821,24.966431857120117,70.43683417719458,False,96921.3600036965,False,0,0.0217391304347826,125.0
MP fixed -time,ConcCost,multi,-time,fixed 100h,5 expl,5,700003,80.0,2668.600657271572,2668.600657271572,52.453346709750804,52.453346709750804,2616.147310561821,23.914246492637584,65.15258325377185,False,90765.96093476974,False,0,0.0208695652173913,140.0
MP fixed +time,ConcCost,multi,+time,fixed 100h,5 expl,5,700004,80.0,2647.7356855700955,2647.7356855700955,328.84580199612265,328.84580199612265,2318.889883573973,22.76511814621019,66.17276813642698,False,96314.20519577838,False,0,0.0243478260869565,125.0
MP fixed -time,ConcCost,multi,-time,fixed 100h,5 expl,5,700004,80.0,2381.5293207722825,2381.5293207722825,62.63943719830968,62.63943719830968,2318.889883573973,21.213982346922258,61.52534387379812,False,90203.27111037952,False,0,0.0243478260869565,130.0
MP fixed +time,ConcCost,multi,+time,fixed 100h,5 expl,5,700005,80.0,3282.1138655580176,3282.1138655580176,299.9882446389265,299.9882446389265,2982.125620919091,29.231652798998574,76.95693029403449,False,93198.96459936057,False,0,0.0,115.0
MP fixed -time,ConcCost,multi,-time,fixed 100h,5 expl,5,700005,80.0,3061.7812061269515,3061.7812061269515,79.65558520786044,79.65558520786044,2982.125620919091,28.37303348534661,72.86236687406145,False,87686.3695565716,False,0,0.0,125.0
MP fixed +time,ConcCost,multi,+time,fixed 100h,5 expl,5,700006,80.0,3237.509484031714,3237.509484031714,375.9243923898289,375.9243923898289,2861.585091641885,28.049188307013907,71.85850819182764,False,93436.674887338,False,0,0.0,120.0
MP fixed -time,ConcCost,multi,-time,fixed 100h,5 expl,5,700006,80.0,2963.513353720886,2963.513353720886,101.92826207900089,101.92826207900089,2861.585091641885,26.621698350849893,67.8025530240454,False,88083.25694582023,False,0,0.0,125.0
MP fixed +time,ConcCost,multi,+time,fixed 100h,5 expl,5,700007,80.0,2779.6451231754204,2779.6451231754204,325.4045586912921,325.4045586912921,2454.2405644841283,23.80990672671313,68.80663888908937,False,95427.01926870111,False,0,0.0,120.0
MP fixed -time,ConcCost,multi,-time,fixed 100h,5 expl,5,700007,80.0,2542.1289516281413,2542.1289516281413,87.888387144013,87.888387144013,2454.2405644841283,22.636781011136673,64.45109552334586,False,89640.3843282007,False,0,0.0,130.0
MP fixed +time,ConcCost,multi,+time,fixed 100h,5 expl,5,700008,80.0,2807.972180920601,2807.972180920601,340.69992396756015,340.69992396756015,2467.272256953041,23.7451288387493,65.57293221798459,False,97309.30459174108,False,0,0.0243478260869565,125.0
MP fixed -time,ConcCost,multi,-time,fixed 100h,5 expl,5,700008,80.0,2530.500563050773,2530.500563050773,63.228306097732,63.228306097732,2467.272256953041,22.22290465554362,60.18017751921037,False,91108.40227503495,False,0,0.0243478260869565,140.0
MP fixed +time,ConcCost,multi,+time,fixed 100h,5 expl,5,700009,80.0,2825.517743653772,2825.517743653772,330.37998416641085,330.37998416641085,2495.137759487361,23.785079046495703,68.08907834802756,False,98065.49874788609,False,0,0.0113043478260869,125.0
MP fixed -time,ConcCost,multi,-time,fixed 100h,5 expl,5,700009,80.0,2542.7597472432517,2542.7597472432517,47.621987755890586,47.621987755890586,2495.137759487361,22.30217462704717,63.07359774017301,False,91724.11053811426,False,0,0.0104347826086956,130.0
MP 10expl,ConcCost,multi,-time,fixed 100h,10 expl,5,700000,0.0,3267.4638743492296,3267.4638743492296,-199.86502791559496,-199.86502791559496,3467.3289022648246,25.790156461137627,89.79051857993045,False,104031.34245766616,False,0,0.0113043478260869,50.0
MP 10expl,ConcCost,multi,-time,fixed 100h,10 expl,5,700001,0.0,3867.3883677447448,3867.3883677447448,293.48915705789386,293.48915705789386,3573.899210686851,28.736084592416255,74.84349107560692,False,110159.96730513115,False,0,0.0191304347826086,50.0
MP 10expl,ConcCost,multi,-time,fixed 100h,10 expl,5,700002,0.0,3430.6703312861987,3430.6703312861987,-265.9478920003535,-265.9478920003535,3696.618223286552,28.091699367682775,97.72124135591478,False,100159.75307856344,False,0,0.0,50.0
MP 10expl,ConcCost,multi,-time,fixed 100h,10 expl,5,700003,0.0,3887.145243141259,3887.145243141259,360.5566429918372,360.5566429918372,3526.588600149422,28.615200967734083,78.3023163481214,False,109960.7350957376,False,0,0.0208695652173913,55.0
MP 10expl,ConcCost,multi,-time,fixed 100h,10 expl,5,700004,0.0,3016.5909450407635,3016.5909450407635,-197.9156617165345,-197.9156617165345,3214.506606757298,23.33404023216726,89.54422667498156,False,105945.3788892591,False,0,0.0243478260869565,50.0
MP 10expl,ConcCost,multi,-time,fixed 100h,10 expl,5,700005,0.0,4110.518043149266,4110.518043149266,-11.47682759023337,-11.47682759023337,4121.9948707395,32.5666770373866,90.92796941984612,False,103171.06026211656,False,0,0.0,50.0
MP 10expl,ConcCost,multi,-time,fixed 100h,10 expl,5,700006,0.0,3885.941661698349,3885.941661698349,-99.8165470407398,-99.8165470407398,3985.758208739089,29.946508553163145,90.442475735607,False,104216.53927757904,False,0,0.0,50.0
MP 10expl,ConcCost,multi,-time,fixed 100h,10 expl,5,700007,0.0,3208.6769653885085,3208.6769653885085,-146.52234145327566,-146.52234145327566,3355.199306841784,24.74312079851264,89.11229197062723,False,105068.1816000386,False,0,0.0,50.0
MP 10expl,ConcCost,multi,-time,fixed 100h,10 expl,5,700008,0.0,3628.3590473757063,3628.3590473757063,324.531052001787,324.531052001787,3303.8279953739193,26.23089831905126,77.09474059962207,False,110408.31891643698,False,0,0.0243478260869565,55.0
MP 10expl,ConcCost,multi,-time,fixed 100h,10 expl,5,700009,0.0,3714.7535763125625,3714.7535763125625,325.96327289381634,325.96327289381634,3388.790303418746,26.8226909960875,78.22150524479501,False,111316.52341118132,False,0,0.0104347826086956,55.0
MP 10expl,ConcCost,multi,-time,fixed 100h,10 expl,5,700000,20.0,3652.8326752273215,3652.8326752273215,404.5222340348937,404.5222340348937,3248.310441192428,28.302489193057973,82.3323992717599,False,104667.91224064647,False,0,0.0121739130434782,60.0
MP 10expl,ConcCost,multi,-time,fixed 100h,10 expl,5,700001,20.0,3770.8429084408062,3770.8429084408062,369.98861526369274,369.98861526369274,3400.8542931771135,28.937205499533988,73.74416788837465,False,107720.48257970558,False,0,0.02,65.0
MP 10expl,ConcCost,multi,-time,fixed 100h,10 expl,5,700002,20.0,3778.869366480779,3778.869366480779,191.97910434215737,191.97910434215737,3586.8902621386214,30.218388421920793,89.87648323633925,False,98847.59895322598,False,0,0.0,60.0
MP 10expl,ConcCost,multi,-time,fixed 100h,10 expl,5,700003,20.0,3757.711322736051,3757.711322736051,424.21916723886125,424.21916723886125,3333.4921554971897,28.593429367752822,76.67010754497566,False,107370.28310809264,False,0,0.0217391304347826,70.0
MP 10expl,ConcCost,multi,-time,fixed 100h,10 expl,5,700004,20.0,3406.62435463303,3406.62435463303,385.7392021206633,385.7392021206633,3020.885152512367,25.76149575991889,80.85664843439469,False,106686.70357057246,False,0,0.0243478260869565,60.0
MP 10expl,ConcCost,multi,-time,fixed 100h,10 expl,5,700005,20.0,4377.151141411503,4377.151141411503,498.80309991655577,498.80309991655577,3878.348041494947,34.665652236318294,85.16171323573843,False,102505.3762817859,False,0,0.0,65.0
MP 10expl,ConcCost,multi,-time,fixed 100h,10 expl,5,700006,20.0,4196.154554267726,4196.154554267726,472.31000667180524,472.31000667180524,3723.8445475959206,32.10725254824341,84.56538422706777,False,103809.01323678697,False,0,0.0,60.0
MP 10expl,ConcCost,multi,-time,fixed 100h,10 expl,5,700007,20.0,3518.032072973611,3518.032072973611,394.91275621847717,394.91275621847717,3123.1193167551337,26.701489745969425,81.70710988976141,False,105555.990858934,False,0,0.0,60.0
MP 10expl,ConcCost,multi,-time,fixed 100h,10 expl,5,700008,20.0,3488.5526399342543,3488.5526399342543,381.35149025022747,381.35149025022747,3107.201149684027,26.04480601288417,75.78949538287013,False,107865.07826234485,False,0,0.0243478260869565,70.0
MP 10expl,ConcCost,multi,-time,fixed 100h,10 expl,5,700009,20.0,3583.9335228549608,3583.9335228549608,393.31518523896057,393.31518523896057,3190.618337616,26.72098026298532,76.99859429828994,False,108671.83015268686,False,0,0.0104347826086956,70.0
MP 10expl,ConcCost,multi,-time,fixed 100h,10 expl,5,700000,40.0,3430.426113306468,3430.426113306468,413.24450120038,413.24450120038,3017.181612106088,27.643188111795236,79.41346771085342,False,101925.6123776491,False,0,0.0121739130434782,75.0
MP 10expl,ConcCost,multi,-time,fixed 100h,10 expl,5,700001,40.0,3608.55538626892,3608.55538626892,391.2163652291456,391.2163652291456,3217.3390210397743,28.800291934973927,71.06382741768127,False,104837.7804006145,False,0,0.02,90.0
MP 10expl,ConcCost,multi,-time,fixed 100h,10 expl,5,700002,40.0,3704.7534173558215,3704.7534173558215,359.7097663020986,359.7097663020986,3345.043651053723,30.405835807250114,86.37671598524511,False,96933.15281556164,False,0,0.0,75.0
MP 10expl,ConcCost,multi,-time,fixed 100h,10 expl,5,700003,40.0,3549.647646896125,3549.647646896125,410.39771665957596,410.39771665957596,3139.249930236549,27.976246529629673,74.18231265467836,False,104838.93477030152,False,0,0.0217391304347826,90.0
MP 10expl,ConcCost,multi,-time,fixed 100h,10 expl,5,700004,40.0,3183.568789403568,3183.568789403568,386.21319883046317,386.21319883046317,2797.355590573105,25.06212665496667,77.89160461881707,False,103797.93024479816,False,0,0.0243478260869565,75.0
MP 10expl,ConcCost,multi,-time,fixed 100h,10 expl,5,700005,40.0,4088.4254682810542,4088.4254682810542,476.213767499436,476.213767499436,3612.211700781618,33.61626394765313,82.25628910297456,False,99709.0318781656,False,0,0.0,80.0
MP 10expl,ConcCost,multi,-time,fixed 100h,10 expl,5,700006,40.0,3930.68500936752,3930.68500936752,477.76592467578485,477.76592467578485,3452.919084691735,31.13291660242985,80.17333354377203,False,101280.44715025202,False,0,0.0,75.0
MP 10expl,ConcCost,multi,-time,fixed 100h,10 expl,5,700007,40.0,3317.4334109258866,3317.4334109258866,405.1994208877536,405.1994208877536,2912.233990038133,26.12929330567411,78.18668579252773,False,102744.58379299322,False,0,0.0,75.0
MP 10expl,ConcCost,multi,-time,fixed 100h,10 expl,5,700008,40.0,3306.490648216859,3306.490648216859,381.1280827354408,381.1280827354408,2925.362565481418,25.604583177747912,72.9656890845297,False,104995.59791151472,False,0,0.0243478260869565,90.0
MP 10expl,ConcCost,multi,-time,fixed 100h,10 expl,5,700009,40.0,3382.8902546835125,3382.8902546835125,390.01675236251776,390.01675236251776,2992.8735023209947,26.156434884092103,74.41877968464968,False,105831.05636520377,False,0,0.0104347826086956,85.0
MP 10expl,ConcCost,multi,-time,fixed 100h,10 expl,5,700000,60.0,3199.3383898883194,3199.3383898883194,402.9082593981366,402.9082593981366,2796.430130490183,26.922216195574677,73.91754492836716,False,98014.42909815312,False,0,0.0121739130434782,100.0
MP 10expl,ConcCost,multi,-time,fixed 100h,10 expl,5,700001,60.0,3374.53542782453,3374.53542782453,339.54503830191834,339.54503830191834,3034.9903895226116,28.01054502126325,67.9345580654092,False,101211.33553957428,False,0,0.02,115.0
MP 10expl,ConcCost,multi,-time,fixed 100h,10 expl,5,700002,60.0,3429.1277577927417,3429.1277577927417,356.74813608405157,356.74813608405157,3072.37962170869,29.16964457725942,83.47084843461967,False,93906.84909710452,False,0,0.0,100.0
MP 10expl,ConcCost,multi,-time,fixed 100h,10 expl,5,700003,60.0,3225.712470976187,3225.712470976187,346.7408820492865,346.7408820492865,2878.9715889269005,26.638393407793476,73.05622604560948,False,100672.87103491343,False,0,0.0217391304347826,115.0
MP 10expl,ConcCost,multi,-time,fixed 100h,10 expl,5,700004,60.0,2948.6086278723005,2948.6086278723005,372.6635745580952,372.6635745580952,2575.9450533142053,24.229081891680543,69.58204369834115,False,99333.25829649814,False,0,0.0243478260869565,100.0
MP 10expl,ConcCost,multi,-time,fixed 100h,10 expl,5,700005,60.0,3762.687325647774,3762.687325647774,428.2590664623226,428.2590664623226,3334.428259185451,32.13317158203452,80.13009265770421,False,96509.29540976332,False,0,0.0,100.0
MP 10expl,ConcCost,multi,-time,fixed 100h,10 expl,5,700006,60.0,3639.966005999468,3639.966005999468,451.78089075835396,451.78089075835396,3188.185115241114,30.050551523261568,74.78293502486375,False,97164.276734938,False,0,0.0,110.0
MP 10expl,ConcCost,multi,-time,fixed 100h,10 expl,5,700007,60.0,3091.1087344252483,3091.1087344252483,393.1196194976392,393.1196194976392,2697.989114927609,25.312996640065727,71.45374136033819,False,98802.8090427936,False,0,0.0,100.0
MP 10expl,ConcCost,multi,-time,fixed 100h,10 expl,5,700008,60.0,3064.229034752088,3064.229034752088,345.75395274413177,345.75395274413177,2718.475082007956,24.809379693014566,67.93392986775844,False,100736.38346693393,False,0,0.0243478260869565,115.0
MP 10expl,ConcCost,multi,-time,fixed 100h,10 expl,5,700009,60.0,3134.957420878431,3134.957420878431,352.7024246117012,352.7024246117012,2782.25499626673,25.275939738126173,70.78935023140752,False,101703.24511851624,False,0,0.0104347826086956,110.0
MP 10expl,ConcCost,multi,-time,fixed 100h,10 expl,5,700000,80.0,2838.4911602322245,2838.4911602322245,321.28099017449904,321.28099017449904,2517.2101700577255,25.005706692605052,71.11381120279839,False,93659.697415911,False,0,0.0121739130434782,120.0
MP 10expl,ConcCost,multi,-time,fixed 100h,10 expl,5,700001,80.0,3022.4149140842046,3022.4149140842046,285.46911664906474,285.46911664906474,2736.94579743514,26.27665277990152,65.90946214402736,False,96671.81830619306,False,0,0.02,130.0
MP 10expl,ConcCost,multi,-time,fixed 100h,10 expl,5,700002,80.0,3072.1140134240777,3072.1140134240777,320.6370549321432,320.6370549321432,2751.4769584919345,27.23263898738579,79.87415397995763,False,90103.10328445066,False,0,0.0,115.0
MP 10expl,ConcCost,multi,-time,fixed 100h,10 expl,5,700003,80.0,2872.122663438378,2872.122663438378,255.97535287655683,255.97535287655683,2616.147310561821,24.87527292308891,69.64648486096839,False,95712.97491146805,False,0,0.0217391304347826,125.0
MP 10expl,ConcCost,multi,-time,fixed 100h,10 expl,5,700004,80.0,2629.606789573915,2629.606789573915,310.71690599994236,310.71690599994236,2318.889883573973,22.637407253958283,65.54911440335104,False,95084.1011410899,False,0,0.0243478260869565,120.0
MP 10expl,ConcCost,multi,-time,fixed 100h,10 expl,5,700005,80.0,3326.022474589896,3326.022474589896,343.89685367080483,343.89685367080483,2982.125620919091,29.58488300459168,76.87177659096771,False,92742.05148162167,False,0,0.0,120.0
MP 10expl,ConcCost,multi,-time,fixed 100h,10 expl,5,700006,80.0,3242.9652858850886,3242.9652858850886,381.38019424320373,381.38019424320373,2861.585091641885,28.07588440509399,71.7231040296341,False,92655.88529320664,False,0,0.0,120.0
MP 10expl,ConcCost,multi,-time,fixed 100h,10 expl,5,700007,80.0,2770.583782262672,2770.583782262672,316.3432177785435,316.3432177785435,2454.2405644841283,23.780452409073117,68.4509584686613,False,94319.07999698132,False,0,0.0,120.0
MP 10expl,ConcCost,multi,-time,fixed 100h,10 expl,5,700008,80.0,2758.885026493611,2758.885026493611,291.61276954056984,291.61276954056984,2467.272256953041,23.45607324425392,64.41221959135122,False,95803.13084449938,False,0,0.0243478260869565,125.0
MP 10expl,ConcCost,multi,-time,fixed 100h,10 expl,5,700009,80.0,2789.9198432990815,2789.9198432990815,294.78208381172044,294.78208381172044,2495.137759487361,23.568738245936704,67.23889398826678,False,96883.92645926795,False,0,0.0104347826086956,125.0
MP priors,ConcCost,multi,-time,fixed 100h,5 expl + recipe priors,5,700000,0.0,3993.8285473405303,3993.8285473405303,526.4996450757058,526.4996450757058,3467.3289022648246,29.58347144255101,84.91536508933224,False,109821.12028692628,False,0,0.0113043478260869,55.0
MP priors,ConcCost,multi,-time,fixed 100h,5 expl + recipe priors,5,700001,0.0,3710.884444447962,3710.884444447962,136.98523376111098,136.98523376111098,3573.899210686851,28.13627236732447,71.70948845228865,False,109290.87281676257,False,0,0.0191304347826086,70.0
MP priors,ConcCost,multi,-time,fixed 100h,5 expl + recipe priors,5,700002,0.0,3079.53988286828,0.0,-617.0783404182721,-3696.618223286552,3696.618223286552,23.349463069437675,114.4757091672935,True,104433.26648206796,False,1,0.0,55.0
MP priors,ConcCost,multi,-time,fixed 100h,5 expl + recipe priors,5,700003,0.0,3765.6108739208166,3765.6108739208166,239.0222737713948,239.0222737713948,3526.588600149422,28.328474831863247,77.54356196936777,False,109307.06141905444,False,0,0.02,75.0
MP priors,ConcCost,multi,-time,fixed 100h,5 expl + recipe priors,5,700004,0.0,3685.819507426011,3685.819507426011,471.31290066871316,471.31290066871316,3214.506606757298,26.7431579910556,82.98780303872569,False,111269.1602552698,False,0,0.0234782608695652,60.0
MP priors,ConcCost,multi,-time,fixed 100h,5 expl + recipe priors,5,700005,0.0,4703.935123458193,4703.935123458193,581.940252718693,581.940252718693,4121.9948707395,35.84184803715851,88.09703973474103,False,107730.90422177404,False,0,0.0,60.0
MP priors,ConcCost,multi,-time,fixed 100h,5 expl + recipe priors,5,700006,0.0,4580.597213144422,4580.597213144422,594.8390044053335,594.8390044053335,3985.758208739089,33.62819549598923,86.91588473416365,False,109003.65692903056,False,0,0.0,60.0
MP priors,ConcCost,multi,-time,fixed 100h,5 expl + recipe priors,5,700007,0.0,3883.590398781683,3883.590398781683,528.3910919398986,528.3910919398986,3355.199306841784,28.113561436750604,84.74681523740696,False,111188.6079010069,False,0,0.0,55.0
MP priors,ConcCost,multi,-time,fixed 100h,5 expl + recipe priors,5,700008,0.0,3511.361036089699,3511.361036089699,207.53304071577986,207.53304071577986,3303.8279953739193,25.80904564156543,75.01747845137216,False,109834.23250365596,False,0,0.0234782608695652,75.0
MP priors,ConcCost,multi,-time,fixed 100h,5 expl + recipe priors,5,700009,0.0,3637.6531249689137,3637.6531249689137,248.8628215501676,248.8628215501676,3388.790303418746,26.74667542816233,76.95210870630163,False,110687.24130924094,False,0,0.0095652173913043,75.0
MP priors,ConcCost,multi,-time,fixed 100h,5 expl + recipe priors,5,700000,20.0,3955.837418487924,3955.837418487924,707.5269772954962,707.5269772954962,3248.310441192428,29.636773556434463,84.84210714524296,False,110213.45383556953,False,0,0.0113043478260869,60.0
MP priors,ConcCost,multi,-time,fixed 100h,5 expl + recipe priors,5,700001,20.0,3825.7589666709177,3825.7589666709177,424.90467349380424,424.90467349380424,3400.8542931771135,29.317371398020764,72.82830261177787,False,109938.2855148748,False,0,0.0191304347826086,80.0
MP priors,ConcCost,multi,-time,fixed 100h,5 expl + recipe priors,5,700002,20.0,2767.4907190200083,2767.4907190200083,-819.3995431186131,-819.3995431186131,3586.8902621386214,20.24343393468163,96.4032854031688,False,101468.02854761988,False,0,0.0,90.0
MP priors,ConcCost,multi,-time,fixed 100h,5 expl + recipe priors,5,700003,20.0,3727.6418543806826,3727.6418543806826,394.1496988834929,394.1496988834929,3333.4921554971897,28.53226302976004,75.96150673111424,False,108823.15901459297,False,0,0.0208695652173913,85.0
MP priors,ConcCost,multi,-time,fixed 100h,5 expl + recipe priors,5,700004,20.0,3656.604433483347,3656.604433483347,635.71928097098,635.71928097098,3020.885152512367,26.900817123455273,83.22092427787987,False,111346.82014262408,False,0,0.0243478260869565,60.0
MP priors,ConcCost,multi,-time,fixed 100h,5 expl + recipe priors,5,700005,20.0,3979.689875974817,3979.689875974817,101.3418344798697,101.3418344798697,3878.348041494947,29.75534680369996,86.71017624948401,False,107020.47713035604,False,0,0.0,70.0
MP priors,ConcCost,multi,-time,fixed 100h,5 expl + recipe priors,5,700006,20.0,4101.2745798046535,4101.2745798046535,377.4300322087329,377.4300322087329,3723.8445475959206,31.798597626436376,79.23354549474581,False,104543.8735183298,False,0,0.0,95.0
MP priors,ConcCost,multi,-time,fixed 100h,5 expl + recipe priors,5,700007,20.0,3484.81368466185,3484.81368466185,361.69436790671625,361.69436790671625,3123.1193167551337,26.938318142787505,76.18922462714733,False,105066.15197525625,False,0,0.0,90.0
MP priors,ConcCost,multi,-time,fixed 100h,5 expl + recipe priors,5,700008,20.0,3386.7954227938726,3386.7954227938726,279.59427310984574,279.59427310984574,3107.201149684027,25.85231515834853,71.25581078830476,False,107104.8380949652,False,0,0.0243478260869565,100.0
MP priors,ConcCost,multi,-time,fixed 100h,5 expl + recipe priors,5,700009,20.0,3434.6613807737417,3434.6613807737417,244.04304315774152,244.04304315774152,3190.618337616,26.33709763542892,72.14545447593359,False,107329.3483940662,False,0,0.0104347826086956,100.0
MP priors,ConcCost,multi,-time,fixed 100h,5 expl + recipe priors,5,700000,40.0,3306.393363030577,3306.393363030577,289.211750924489,289.211750924489,3017.181612106088,27.18499105945627,78.11312978996722,False,102461.49468367484,False,0,0.0113043478260869,110.0
MP priors,ConcCost,multi,-time,fixed 100h,5 expl + recipe priors,5,700001,40.0,3520.2714787462496,3520.2714787462496,302.93245770647536,302.93245770647536,3217.3390210397743,28.521458153411913,70.76767103568174,False,105354.99955042056,False,0,0.0191304347826086,120.0
MP priors,ConcCost,multi,-time,fixed 100h,5 expl + recipe priors,5,700002,40.0,2116.3074623643774,0.0,-1228.7361886893455,-3345.043651053723,3345.043651053723,15.365623062014723,109.42783484616896,True,96906.02822366878,False,1,0.0,110.0
MP priors,ConcCost,multi,-time,fixed 100h,5 expl + recipe priors,5,700003,40.0,3319.10492262597,3319.10492262597,179.8549923894211,179.8549923894211,3139.249930236549,26.72713524647697,76.19514765336265,False,104914.64785043462,False,0,0.0208695652173913,120.0
MP priors,ConcCost,multi,-time,fixed 100h,5 expl + recipe priors,5,700004,40.0,3081.1212690281777,3081.1212690281777,283.7656784550727,283.7656784550727,2797.355590573105,24.816546893877344,72.40358937296318,False,102884.38775457864,False,0,0.0243478260869565,110.0
MP priors,ConcCost,multi,-time,fixed 100h,5 expl + recipe priors,5,700005,40.0,2904.4479603581935,2904.4479603581935,-707.7637404234247,-707.7637404234247,3612.211700781618,22.35306002238116,86.2475805379475,False,100326.16187517488,False,0,0.0,110.0
MP priors,ConcCost,multi,-time,fixed 100h,5 expl + recipe priors,5,700006,40.0,3747.737222070551,3747.737222070551,294.8181373788161,294.8181373788161,3452.919084691735,30.106707298498005,78.74521690264969,False,102424.20927177776,False,0,0.0,110.0
MP priors,ConcCost,multi,-time,fixed 100h,5 expl + recipe priors,5,700007,40.0,3263.654567574645,3263.654567574645,351.42057753651216,351.42057753651216,2912.233990038133,26.05684156104138,74.67512838317568,False,102831.07376165972,False,0,0.0,110.0
MP priors,ConcCost,multi,-time,fixed 100h,5 expl + recipe priors,5,700008,40.0,3167.4959461504723,3167.4959461504723,242.13338066905408,242.13338066905408,2925.362565481418,25.157525643367354,69.95545192822374,False,104255.38646322134,False,0,0.0243478260869565,120.0
MP priors,ConcCost,multi,-time,fixed 100h,5 expl + recipe priors,5,700009,40.0,3239.042921313227,3239.042921313227,246.1694189922323,246.1694189922323,2992.8735023209947,25.53798824708501,73.26894373670576,False,105664.35186901149,False,0,0.0104347826086956,115.0
MP priors,ConcCost,multi,-time,fixed 100h,5 expl + recipe priors,5,700000,60.0,3036.806236191945,3036.806236191945,240.3761057017623,240.3761057017623,2796.430130490183,25.824251460644227,75.57593505080978,False,99799.43041104903,False,0,0.0113043478260869,120.0
MP priors,ConcCost,multi,-time,fixed 100h,5 expl + recipe priors,5,700001,60.0,2904.848632261197,2904.848632261197,-130.14175726141457,-130.14175726141457,3034.9903895226116,23.722061615376457,70.54715407826009,False,103510.4103789218,False,0,0.0191304347826086,130.0
MP priors,ConcCost,multi,-time,fixed 100h,5 expl + recipe priors,5,700002,60.0,2523.0579343225445,2523.0579343225445,-549.3216873861456,-549.3216873861456,3072.37962170869,20.10269911897123,89.00964304880821,False,96247.21052269512,False,0,0.0,115.0
MP priors,ConcCost,multi,-time,fixed 100h,5 expl + recipe priors,5,700003,60.0,2532.9657242603776,2532.9657242603776,-346.00586466652294,-346.00586466652294,2878.9715889269005,20.611204574956915,76.61642603752884,False,101684.25849111917,False,0,0.0208695652173913,125.0
MP priors,ConcCost,multi,-time,fixed 100h,5 expl + recipe priors,5,700004,60.0,2825.2050153310697,2825.2050153310697,249.2599620168644,249.2599620168644,2575.9450533142053,23.53757488754715,69.47861515598511,False,100128.7607010094,False,0,0.0243478260869565,125.0
MP priors,ConcCost,multi,-time,fixed 100h,5 expl + recipe priors,5,700005,60.0,2559.0479750098493,2559.0479750098493,-775.3802841756019,-775.3802841756019,3334.428259185451,20.45355688650267,86.26567186128678,False,97036.66242737629,False,0,0.0,120.0
MP priors,ConcCost,multi,-time,fixed 100h,5 expl + recipe priors,5,700006,60.0,3471.2632509385044,3471.2632509385044,283.0781356973903,283.0781356973903,3188.185115241114,28.860188338135817,75.31997126677226,False,99267.55716399004,False,0,0.0,120.0
MP priors,ConcCost,multi,-time,fixed 100h,5 expl + recipe priors,5,700007,60.0,3001.3137104393636,3001.3137104393636,303.3245955117545,303.3245955117545,2697.989114927609,24.712078160446826,71.90739501972325,False,100318.0138113464,False,0,0.0,125.0
MP priors,ConcCost,multi,-time,fixed 100h,5 expl + recipe priors,5,700008,60.0,2860.392476522069,2860.392476522069,141.91739451411286,141.91739451411286,2718.475082007956,23.69417603075301,69.61023745404951,False,101207.42453762524,False,0,0.0243478260869565,125.0
MP priors,ConcCost,multi,-time,fixed 100h,5 expl + recipe priors,5,700009,60.0,2940.9803114113924,2940.9803114113924,158.72531514466255,158.72531514466255,2782.25499626673,24.078773269095347,72.01173856272516,False,102780.35622047164,False,0,0.0104347826086956,125.0
MP priors,ConcCost,multi,-time,fixed 100h,5 expl + recipe priors,5,700000,80.0,2640.529121131624,2640.529121131624,123.31895107389846,123.31895107389846,2517.2101700577255,23.22666407288975,71.2417941312835,False,96838.28479357586,False,0,0.0113043478260869,140.0
MP priors,ConcCost,multi,-time,fixed 100h,5 expl + recipe priors,5,700001,80.0,2488.7800129020266,2488.7800129020266,-248.1657845331133,-248.1657845331133,2736.94579743514,21.15076124934555,69.92901001165728,False,99864.86464281812,False,0,0.0191304347826086,145.0
MP priors,ConcCost,multi,-time,fixed 100h,5 expl + recipe priors,5,700002,80.0,2229.132673943392,2229.132673943392,-522.3442845485424,-522.3442845485424,2751.4769584919345,18.18576591335005,85.4720268815981,False,92259.77092838014,False,0,0.0,130.0
MP priors,ConcCost,multi,-time,fixed 100h,5 expl + recipe priors,5,700003,80.0,2528.214235382816,2528.214235382816,-87.9330751790053,-87.9330751790053,2616.147310561821,21.952426012269687,70.48779504108619,False,98202.0128189116,False,0,0.0208695652173913,140.0
MP priors,ConcCost,multi,-time,fixed 100h,5 expl + recipe priors,5,700004,80.0,2491.886340195351,2491.886340195351,172.996456621378,172.996456621378,2318.889883573973,21.65679275721217,65.97117339855824,False,96835.65631402216,False,0,0.0243478260869565,145.0
MP priors,ConcCost,multi,-time,fixed 100h,5 expl + recipe priors,5,700005,80.0,2174.360761136621,2174.360761136621,-807.76485978247,-807.76485978247,2982.125620919091,17.918823972298643,84.71115949541083,False,93418.91703105308,False,0,0.0,130.0
MP priors,ConcCost,multi,-time,fixed 100h,5 expl + recipe priors,5,700006,80.0,3084.4105733413408,3084.4105733413408,222.82548169945585,222.82548169945585,2861.585091641885,26.698744024392187,70.88649151817482,False,95409.98665833338,False,0,0.0,140.0
MP priors,ConcCost,multi,-time,fixed 100h,5 expl + recipe priors,5,700007,80.0,2675.0783800729323,2675.0783800729323,220.837815588804,220.837815588804,2454.2405644841283,22.865770116635996,67.73808537913608,False,96861.12535607025,False,0,0.0,140.0
MP priors,ConcCost,multi,-time,fixed 100h,5 expl + recipe priors,5,700008,80.0,2556.9805904444497,2556.9805904444497,89.70833349140867,89.70833349140867,2467.272256953041,22.02924559396827,65.29214463013187,False,97362.97239141166,False,0,0.0243478260869565,140.0
MP priors,ConcCost,multi,-time,fixed 100h,5 expl + recipe priors,5,700009,80.0,2579.1198137787196,2579.1198137787196,83.98205429135851,83.98205429135851,2495.137759487361,22.00087316086656,67.59935234501944,False,98778.9830242912,False,0,0.0104347826086956,140.0
MP probes,ConcCost,multi,-time,fixed 100h,1 expl + 4 probes,5,700000,0.0,3439.9118864764273,3439.9118864764273,-27.417015788397293,-27.417015788397293,3467.3289022648246,27.23074602221387,80.05558813808969,False,99417.56820901856,False,0,0.0121739130434782,55.0
MP probes,ConcCost,multi,-time,fixed 100h,1 expl + 4 probes,5,700001,0.0,3563.8281811752877,3563.8281811752877,-10.07102951156321,-10.07102951156321,3573.899210686851,27.61395818996836,71.31632633292631,False,105037.9152490537,False,0,0.02,65.0
MP probes,ConcCost,multi,-time,fixed 100h,1 expl + 4 probes,5,700002,0.0,3814.901190822117,3814.901190822117,118.2829675355647,118.2829675355647,3696.618223286552,30.784803235833415,87.4184379728006,False,97174.93831343266,False,0,0.0,55.0
MP probes,ConcCost,multi,-time,fixed 100h,1 expl + 4 probes,5,700003,0.0,3527.157783058668,3527.157783058668,0.5691829092461376,0.5691829092461376,3526.588600149422,27.113372569432023,74.73379574886296,False,104093.9234919236,False,0,0.0217391304347826,70.0
MP probes,ConcCost,multi,-time,fixed 100h,1 expl + 4 probes,5,700004,0.0,3208.846199009713,3208.846199009713,-5.660407747584941,-5.660407747584941,3214.506606757298,24.783692566765986,78.56155252528792,False,101292.29740802658,False,0,0.0243478260869565,55.0
MP probes,ConcCost,multi,-time,fixed 100h,1 expl + 4 probes,5,700005,0.0,4115.273300070367,4115.273300070367,-6.721570669132234,-6.721570669132234,4121.9948707395,33.244609485398314,83.18887629602521,False,98907.18677556665,False,0,0.0,60.0
MP probes,ConcCost,multi,-time,fixed 100h,1 expl + 4 probes,5,700006,0.0,3990.762703356132,3990.762703356132,5.004494617043292,5.004494617043292,3985.758208739089,31.158197272600276,81.71108574033524,False,98830.8539387792,False,0,0.0,55.0
MP probes,ConcCost,multi,-time,fixed 100h,1 expl + 4 probes,5,700007,0.0,3330.160400867474,3330.160400867474,-25.038905974310183,-25.038905974310183,3355.199306841784,25.847649554673087,79.27862637661038,False,100200.83052576295,False,0,0.0,55.0
MP probes,ConcCost,multi,-time,fixed 100h,1 expl + 4 probes,5,700008,0.0,3292.064378677839,3292.064378677839,-11.763616696080135,-11.763616696080135,3303.8279953739193,24.861860263963308,73.34684675709792,False,104180.57558485026,False,0,0.0243478260869565,70.0
MP probes,ConcCost,multi,-time,fixed 100h,1 expl + 4 probes,5,700009,0.0,3372.2343431738036,3372.2343431738036,-16.555960244942526,-16.555960244942526,3388.790303418746,25.534046899472923,74.71488183355136,False,104571.61108374927,False,0,0.0104347826086956,70.0
MP probes,ConcCost,multi,-time,fixed 100h,1 expl + 4 probes,5,700000,20.0,3309.763267218371,3309.763267218371,61.45282602594307,61.45282602594307,3248.310441192428,26.89683477776707,79.03968683285804,False,98002.63309095838,False,0,0.0121739130434782,65.0
MP probes,ConcCost,multi,-time,fixed 100h,1 expl + 4 probes,5,700001,20.0,3481.842490512501,3481.842490512501,80.98819733538767,80.98819733538767,3400.8542931771135,27.665655198123133,71.1200050847573,False,102973.65752520852,False,0,0.02,75.0
MP probes,ConcCost,multi,-time,fixed 100h,1 expl + 4 probes,5,700002,20.0,3681.473932851803,3681.473932851803,94.58367071318162,94.58367071318162,3586.8902621386214,30.41255850253279,85.63425855891626,False,95021.29270392298,False,0,0.0,65.0
MP probes,ConcCost,multi,-time,fixed 100h,1 expl + 4 probes,5,700003,20.0,3443.2846214228684,3443.2846214228684,109.7924659256787,109.7924659256787,3333.4921554971897,27.20971120830611,73.61315574235174,False,101863.84800983468,False,0,0.0217391304347826,80.0
MP probes,ConcCost,multi,-time,fixed 100h,1 expl + 4 probes,5,700004,20.0,3073.0807972949683,3073.0807972949683,52.19564478260145,52.19564478260145,3020.885152512367,24.362386621281427,77.5310626067907,False,99971.68995381056,False,0,0.0243478260869565,65.0
MP probes,ConcCost,multi,-time,fixed 100h,1 expl + 4 probes,5,700005,20.0,3988.864978959775,3988.864978959775,110.5169374648276,110.5169374648276,3878.348041494947,33.01819506363984,81.94623801847642,False,96770.343134848,False,0,0.0,70.0
MP probes,ConcCost,multi,-time,fixed 100h,1 expl + 4 probes,5,700006,20.0,3813.7041310546265,3813.7041310546265,89.85958345870586,89.85958345870586,3723.8445475959206,30.529556315976453,81.35573190354367,False,97557.51598763044,False,0,0.0,60.0
MP probes,ConcCost,multi,-time,fixed 100h,1 expl + 4 probes,5,700007,20.0,3178.932194506113,3178.932194506113,55.81287775097917,55.81287775097917,3123.1193167551337,25.32200792109312,78.4444104379232,False,98867.0923803961,False,0,0.0,60.0
MP probes,ConcCost,multi,-time,fixed 100h,1 expl + 4 probes,5,700008,20.0,3191.697766160004,3191.697766160004,84.49661647597713,84.49661647597713,3107.201149684027,24.744263555470223,72.69622706192067,False,102461.62977781224,False,0,0.0243478260869565,75.0
MP probes,ConcCost,multi,-time,fixed 100h,1 expl + 4 probes,5,700009,20.0,3270.5106395614816,3270.5106395614816,79.89230194548145,79.89230194548145,3190.618337616,25.399314924642415,73.96697428395956,False,102891.28739518972,False,0,0.0113043478260869,75.0
MP probes,ConcCost,multi,-time,fixed 100h,1 expl + 4 probes,5,700000,40.0,3126.077931298342,3126.077931298342,108.89631919225394,108.89631919225394,3017.181612106088,26.273741461100624,76.2302488996205,False,95834.11540778488,False,0,0.0121739130434782,75.0
MP probes,ConcCost,multi,-time,fixed 100h,1 expl + 4 probes,5,700001,40.0,3364.5511085760904,3364.5511085760904,147.21208753631618,147.21208753631618,3217.3390210397743,27.622318209904783,68.14334085203811,False,100467.85933416076,False,0,0.02,90.0
MP probes,ConcCost,multi,-time,fixed 100h,1 expl + 4 probes,5,700002,40.0,3515.368451567916,3515.368451567916,170.32480051419316,170.32480051419316,3345.043651053723,29.85568524722867,82.85131053247095,False,92552.6201150059,False,0,0.0,75.0
MP probes,ConcCost,multi,-time,fixed 100h,1 expl + 4 probes,5,700003,40.0,3289.7501038880746,3289.7501038880746,150.50017365152553,150.50017365152553,3139.249930236549,26.85870478457004,70.89961093455854,False,99328.85085023884,False,0,0.0217391304347826,90.0
MP probes,ConcCost,multi,-time,fixed 100h,1 expl + 4 probes,5,700004,40.0,2892.4635002474247,2892.4635002474247,95.10790967431967,95.10790967431967,2797.355590573105,23.733068939352048,74.79740284230803,False,97718.96950257166,False,0,0.0243478260869565,75.0
MP probes,ConcCost,multi,-time,fixed 100h,1 expl + 4 probes,5,700005,40.0,3805.083670015658,3805.083670015658,192.87196923403963,192.87196923403963,3612.211700781618,32.48907791766254,78.02475908135017,False,94288.33885400005,False,0,0.0,80.0
MP probes,ConcCost,multi,-time,fixed 100h,1 expl + 4 probes,5,700006,40.0,3622.8625655527194,3622.8625655527194,169.94348086098444,169.94348086098444,3452.919084691735,29.91992598661412,77.0926674271126,False,95267.88890404526,False,0,0.0,80.0
MP probes,ConcCost,multi,-time,fixed 100h,1 expl + 4 probes,5,700007,40.0,3025.9510617652986,3025.9510617652986,113.7170717271656,113.7170717271656,2912.233990038133,24.84835524197292,75.15695631014296,False,96708.74525500133,False,0,0.0,75.0
MP probes,ConcCost,multi,-time,fixed 100h,1 expl + 4 probes,5,700008,40.0,3054.6939631036867,3054.6939631036867,129.33139762226847,129.33139762226847,2925.362565481418,24.50551947919541,69.97409872168006,False,99625.38739268716,False,0,0.0243478260869565,90.0
MP probes,ConcCost,multi,-time,fixed 100h,1 expl + 4 probes,5,700009,40.0,3129.851304661833,3129.851304661833,136.97780234083848,136.97780234083848,2992.8735023209947,25.13257625558627,71.24731618422518,False,100051.22105853868,False,0,0.0113043478260869,90.0
MP probes,ConcCost,multi,-time,fixed 100h,1 expl + 4 probes,5,700000,60.0,2921.3856256805125,2921.3856256805125,124.95549519032966,124.95549519032966,2796.430130490183,25.495244724248387,70.98563566145411,False,92932.90282222968,False,0,0.0121739130434782,90.0
MP probes,ConcCost,multi,-time,fixed 100h,1 expl + 4 probes,5,700001,60.0,3202.1153571535992,3202.1153571535992,167.1249676309876,167.1249676309876,3034.9903895226116,27.22443736778281,64.15366927003211,False,97659.97317532836,False,0,0.02,115.0
MP probes,ConcCost,multi,-time,fixed 100h,1 expl + 4 probes,5,700002,60.0,3258.0572057577647,3258.0572057577647,185.67758404907454,185.67758404907454,3072.37962170869,28.610341393587184,81.07038741470828,False,90133.4342619825,False,0,0.0,90.0
MP probes,ConcCost,multi,-time,fixed 100h,1 expl + 4 probes,5,700003,60.0,3037.7864622086936,3037.7864622086936,158.8148732817931,158.8148732817931,2878.9715889269005,25.877832959423262,68.80039094992252,False,95955.3841723292,False,0,0.0217391304347826,110.0
MP probes,ConcCost,multi,-time,fixed 100h,1 expl + 4 probes,5,700004,60.0,2686.128424367585,2686.128424367585,110.18337105337969,110.18337105337969,2575.9450533142053,22.81741007745127,69.24339477575873,False,94759.5437333093,False,0,0.0243478260869565,95.0
MP probes,ConcCost,multi,-time,fixed 100h,1 expl + 4 probes,5,700005,60.0,3528.423163674071,3528.423163674071,193.9949044886198,193.9949044886198,3334.428259185451,31.24948069858513,77.04760522792712,False,91779.29199676962,False,0,0.0,90.0
MP probes,ConcCost,multi,-time,fixed 100h,1 expl + 4 probes,5,700006,60.0,3376.6612911389593,3376.6612911389593,188.47617589784522,188.47617589784522,3188.185115241114,28.91700725112131,71.62378847889751,False,92241.54912409122,False,0,0.0,95.0
MP probes,ConcCost,multi,-time,fixed 100h,1 expl + 4 probes,5,700007,60.0,2834.740552026988,2834.740552026988,136.75143709937902,136.75143709937902,2697.989114927609,24.09722037674935,69.5699677185263,False,93920.78924904265,False,0,0.0,95.0
MP probes,ConcCost,multi,-time,fixed 100h,1 expl + 4 probes,5,700008,60.0,2849.9804218331874,2849.9804218331874,131.5053398252312,131.5053398252312,2718.475082007956,23.7660383929106,66.36465810719625,False,96378.33484102474,False,0,0.0243478260869565,110.0
MP probes,ConcCost,multi,-time,fixed 100h,1 expl + 4 probes,5,700009,60.0,2919.4240241152243,2919.4240241152243,137.16902784849435,137.16902784849435,2782.25499626673,24.32945303556898,67.41137074287698,False,97010.56529620352,False,0,0.0113043478260869,100.0
MP probes,ConcCost,multi,-time,fixed 100h,1 expl + 4 probes,5,700000,80.0,2648.964503336028,2648.964503336028,131.7543332783025,131.7543332783025,2517.2101700577255,24.168735175376515,66.43909789646798,False,88880.97031219264,False,0,0.0121739130434782,120.0
MP probes,ConcCost,multi,-time,fixed 100h,1 expl + 4 probes,5,700001,80.0,2888.6731488788455,2888.6731488788455,151.72735144370563,151.72735144370563,2736.94579743514,25.75287279478821,62.239206576386366,False,93280.01738217722,False,0,0.02,140.0
MP probes,ConcCost,multi,-time,fixed 100h,1 expl + 4 probes,5,700002,80.0,2916.1851284684544,2916.1851284684544,164.7081699765199,164.7081699765199,2751.4769584919345,26.671749500428422,76.42912603802446,False,86462.25987484196,False,0,0.0,115.0
MP probes,ConcCost,multi,-time,fixed 100h,1 expl + 4 probes,5,700003,80.0,2756.34687307655,2756.34687307655,140.19956251472877,140.19956251472877,2616.147310561821,24.509118666609137,65.02273799482263,False,91638.98606632484,False,0,0.0217391304347826,130.0
MP probes,ConcCost,multi,-time,fixed 100h,1 expl + 4 probes,5,700004,80.0,2431.1592747607274,2431.1592747607274,112.26939118675455,112.26939118675455,2318.889883573973,21.528773711069206,62.26896107720154,False,90720.0055170613,False,0,0.0243478260869565,125.0
MP probes,ConcCost,multi,-time,fixed 100h,1 expl + 4 probes,5,700005,80.0,3157.698245847841,3157.698245847841,175.57262492874997,175.57262492874997,2982.125620919091,29.1922091052212,72.6834143938279,False,87898.18481977381,False,0,0.0,120.0
MP probes,ConcCost,multi,-time,fixed 100h,1 expl + 4 probes,5,700006,80.0,3022.3595867659847,3022.3595867659847,160.77449512409976,160.77449512409976,2861.585091641885,27.111806751656765,67.64460054384159,False,88116.02335441925,False,0,0.0,120.0
MP probes,ConcCost,multi,-time,fixed 100h,1 expl + 4 probes,5,700007,80.0,2582.8566713419964,2582.8566713419964,128.6161068578681,128.6161068578681,2454.2405644841283,22.946072135373868,64.34423625159005,False,89781.0056363935,False,0,0.0,120.0
MP probes,ConcCost,multi,-time,fixed 100h,1 expl + 4 probes,5,700008,80.0,2591.892683024277,2591.892683024277,124.62042607123612,124.62042607123612,2467.272256953041,22.591049638730055,60.16715159136013,False,91972.32559897106,False,0,0.0243478260869565,130.0
MP probes,ConcCost,multi,-time,fixed 100h,1 expl + 4 probes,5,700009,80.0,2625.0973976555383,2625.0973976555383,129.9596381681772,129.9596381681772,2495.137759487361,22.837050373845717,62.96184616150822,False,92688.45527943816,False,0,0.0113043478260869,125.0
MP Type2 biomass split,ConcCost,multi,-time,biomass split,5 expl,5,700000,0.0,2603.2597108244486,2603.2597108244486,-864.069191440376,-864.069191440376,3467.3289022648246,22.875219844867622,72.21185714417942,False,95269.50669565836,False,0,0.0121739130434782,60.0
MP Type2 biomass split,ConcCost,multi,-time,biomass split,5 expl,5,700001,0.0,2691.9749760881136,2691.9749760881136,-881.9242345987373,-881.9242345987373,3573.899210686851,22.915112689783005,63.86457660939479,False,100595.86364185128,False,0,0.02,70.0
MP Type2 biomass split,ConcCost,multi,-time,biomass split,5 expl,5,700002,0.0,2792.1824590325177,2792.1824590325177,-904.4357642540344,-904.4357642540344,3696.618223286552,24.7722749449698,76.80093970353435,False,94217.6080879554,False,0,0.0,60.0
MP Type2 biomass split,ConcCost,multi,-time,biomass split,5 expl,5,700003,0.0,2627.582008077905,2627.582008077905,-899.0065920715169,-899.0065920715169,3526.588600149422,22.237545316958258,66.77470464697802,False,100492.32200869432,False,0,0.0217391304347826,70.0
MP Type2 biomass split,ConcCost,multi,-time,biomass split,5 expl,5,700004,0.0,2466.371311489964,2466.371311489964,-748.1352952673342,-748.1352952673342,3214.506606757298,21.174566545805344,71.33468015456847,False,95062.86831755798,False,0,0.0243478260869565,60.0
MP Type2 biomass split,ConcCost,multi,-time,biomass split,5 expl,5,700005,0.0,3011.059617195979,3011.059617195979,-1110.9352535435205,-1110.9352535435205,4121.9948707395,26.81870714270868,73.29689985810066,False,95763.29654290975,False,0,0.0,65.0
MP Type2 biomass split,ConcCost,multi,-time,biomass split,5 expl,5,700006,0.0,2971.042163745821,2971.042163745821,-1014.7160449932676,-1014.7160449932676,3985.758208739089,25.668934728033975,72.46116835252745,False,95102.4143838195,False,0,0.0,60.0
MP Type2 biomass split,ConcCost,multi,-time,biomass split,5 expl,5,700007,0.0,2533.3669654468176,2533.3669654468176,-821.8323413949665,-821.8323413949665,3355.199306841784,21.765217180944628,71.19842980595509,False,95095.06888028012,False,0,0.0,60.0
MP Type2 biomass split,ConcCost,multi,-time,biomass split,5 expl,5,700008,0.0,2506.5641382952317,2506.5641382952317,-797.2638570786876,-797.2638570786876,3303.8279953739193,20.86770659427997,65.94712376886322,False,99344.47920400748,False,0,0.0243478260869565,70.0
MP Type2 biomass split,ConcCost,multi,-time,biomass split,5 expl,5,700009,0.0,2545.554500595228,2545.554500595228,-843.235802823518,-843.235802823518,3388.790303418746,21.267443663010063,66.46582007739988,False,99642.66054042052,False,0,0.0104347826086956,70.0
MP Type2 biomass split,ConcCost,multi,-time,biomass split,5 expl,5,700000,20.0,2344.2425525510344,2344.2425525510344,-904.0678886413934,-904.0678886413934,3248.310441192428,21.768595628080178,69.42216816513324,False,91115.8167205146,False,0,0.0121739130434782,75.0
MP Type2 biomass split,ConcCost,multi,-time,biomass split,5 expl,5,700001,20.0,2486.012519715963,2486.012519715963,-914.8417734611503,-914.8417734611503,3400.8542931771135,22.208243604566903,61.33944484979822,False,96685.92173102258,False,0,0.02,85.0
MP Type2 biomass split,ConcCost,multi,-time,biomass split,5 expl,5,700002,20.0,2564.002480550097,2564.002480550097,-1022.8877815885244,-1022.8877815885244,3586.8902621386214,23.935964704124867,73.98665051735757,False,90065.60025064458,False,0,0.0,75.0
MP Type2 biomass split,ConcCost,multi,-time,biomass split,5 expl,5,700003,20.0,2411.6019985072153,2411.6019985072153,-921.8901569899745,-921.8901569899745,3333.4921554971897,21.46822132750205,64.08799126905852,False,96412.07632716295,False,0,0.0217391304347826,85.0
MP Type2 biomass split,ConcCost,multi,-time,biomass split,5 expl,5,700004,20.0,2222.8911632126565,2222.8911632126565,-797.9939892997104,-797.9939892997104,3020.885152512367,20.1034073044787,68.29054470319419,False,91078.52078575594,False,0,0.0243478260869565,75.0
MP Type2 biomass split,ConcCost,multi,-time,biomass split,5 expl,5,700005,20.0,2750.548879963971,2750.548879963971,-1127.799161530976,-1127.799161530976,3878.348041494947,25.857053341573707,71.0050971020261,False,91542.9286728344,False,0,0.0,80.0
MP Type2 biomass split,ConcCost,multi,-time,biomass split,5 expl,5,700006,20.0,2715.4588923676292,2715.4588923676292,-1008.3856552282914,-1008.3856552282914,3723.8445475959206,24.63504362910883,69.90989541782135,False,91112.35864953155,False,0,0.0,75.0
MP Type2 biomass split,ConcCost,multi,-time,biomass split,5 expl,5,700007,20.0,2313.024999427721,2313.024999427721,-810.0943173274127,-810.0943173274127,3123.1193167551337,20.85682517010408,68.57286863372094,False,91268.02735418796,False,0,0.0,75.0
MP Type2 biomass split,ConcCost,multi,-time,biomass split,5 expl,5,700008,20.0,2293.6903070939225,2293.6903070939225,-813.5108425901044,-813.5108425901044,3107.201149684027,20.08876712949058,63.39474395088793,False,95138.14822439522,False,0,0.0243478260869565,85.0
MP Type2 biomass split,ConcCost,multi,-time,biomass split,5 expl,5,700009,20.0,2349.005082201942,2349.005082201942,-841.6132554140581,-841.6132554140581,3190.618337616,20.58669251553261,64.50292801838083,False,95515.05358687093,False,0,0.0104347826086956,85.0
MP Type2 biomass split,ConcCost,multi,-time,biomass split,5 expl,5,700000,40.0,2265.0656277033295,2265.0656277033295,-752.1159844027584,-752.1159844027584,3017.181612106088,21.438704541375404,67.71201407296458,False,89130.98188722994,False,0,0.0121739130434782,85.0
MP Type2 biomass split,ConcCost,multi,-time,biomass split,5 expl,5,700001,40.0,2403.498169055071,2403.498169055071,-813.8408519847035,-813.8408519847035,3217.3390210397743,21.95045705738065,60.06317301175956,False,94868.86753790193,False,0,0.02,115.0
MP Type2 biomass split,ConcCost,multi,-time,biomass split,5 expl,5,700002,40.0,2449.3911894302223,2449.3911894302223,-895.6524616235006,-895.6524616235006,3345.043651053723,23.39250685161329,71.64275455237672,False,88150.91491408994,False,0,0.0,85.0
MP Type2 biomass split,ConcCost,multi,-time,biomass split,5 expl,5,700003,40.0,2339.5709071660676,2339.5709071660676,-799.6790230704814,-799.6790230704814,3139.249930236549,21.410131593386208,62.20421846820786,False,93111.24642959188,False,0,0.0217391304347826,110.0
MP Type2 biomass split,ConcCost,multi,-time,biomass split,5 expl,5,700004,40.0,2125.7702672857968,2125.7702672857968,-671.5853232873083,-671.5853232873083,2797.355590573105,19.608512131884872,66.82650366975152,False,89843.3701613548,False,0,0.0243478260869565,85.0
MP Type2 biomass split,ConcCost,multi,-time,biomass split,5 expl,5,700005,40.0,2655.730378280755,2655.730378280755,-956.4813225008634,-956.4813225008634,3612.211700781618,25.523785464774296,68.89278266316987,False,89383.31865145252,False,0,0.0,90.0
MP Type2 biomass split,ConcCost,multi,-time,biomass split,5 expl,5,700006,40.0,2575.32115012394,2575.32115012394,-877.5979345677952,-877.5979345677952,3452.919084691735,23.943335545411863,68.69147993551232,False,89193.63010896296,False,0,0.0,85.0
MP Type2 biomass split,ConcCost,multi,-time,biomass split,5 expl,5,700007,40.0,2195.52087777794,2195.52087777794,-716.7131122601932,-716.7131122601932,2912.233990038133,20.235432400958103,67.48631141426765,False,89566.35670449972,False,0,0.0,85.0
MP Type2 biomass split,ConcCost,multi,-time,biomass split,5 expl,5,700008,40.0,2217.7920736563437,2217.7920736563437,-707.5704918250744,-707.5704918250744,2925.362565481418,19.97305652447486,62.00705913291179,False,91900.0982757481,False,0,0.0243478260869565,100.0
MP Type2 biomass split,ConcCost,multi,-time,biomass split,5 expl,5,700009,40.0,2267.132011656995,2267.132011656995,-725.7414906639997,-725.7414906639997,2992.8735023209947,20.434507514739256,63.40238834091074,False,92394.13642870318,False,0,0.0104347826086956,95.0
MP Type2 biomass split,ConcCost,multi,-time,biomass split,5 expl,5,700000,60.0,2122.2282499241837,2122.2282499241837,-674.2018805659991,-674.2018805659991,2796.430130490183,20.73569805400515,63.27548133932517,False,86551.77211984286,False,0,0.0121739130434782,120.0
MP Type2 biomass split,ConcCost,multi,-time,biomass split,5 expl,5,700001,60.0,2295.3044020694065,2295.3044020694065,-739.6859874532051,-739.6859874532051,3034.9903895226116,21.61009255418111,56.69538969667937,False,91960.05615180338,False,0,0.02,145.0
MP Type2 biomass split,ConcCost,multi,-time,biomass split,5 expl,5,700002,60.0,2288.060094804964,2288.060094804964,-784.319526903726,-784.319526903726,3072.37962170869,22.637792197541533,66.54178147668645,False,85403.8168102162,False,0,0.0,110.0
MP Type2 biomass split,ConcCost,multi,-time,biomass split,5 expl,5,700003,60.0,2212.6475587113123,2212.6475587113123,-666.3240302155882,-666.3240302155882,2878.9715889269005,20.949610485309737,59.47081045128225,False,90278.96253663358,False,0,0.0217391304347826,125.0
MP Type2 biomass split,ConcCost,multi,-time,biomass split,5 expl,5,700004,60.0,1991.0770803464593,1991.0770803464593,-584.867972967746,-584.867972967746,2575.9450533142053,18.93073243277512,61.86680435111439,False,87074.62407076315,False,0,0.0243478260869565,120.0
MP Type2 biomass split,ConcCost,multi,-time,biomass split,5 expl,5,700005,60.0,2483.3592546586274,2483.3592546586274,-851.0690045268238,-851.0690045268238,3334.428259185451,24.74306744742468,65.11920155373004,False,86791.63066336644,False,0,0.0,115.0
MP Type2 biomass split,ConcCost,multi,-time,biomass split,5 expl,5,700006,60.0,2418.120281095941,2418.120281095941,-770.0648341451729,-770.0648341451729,3188.185115241114,23.276779171879557,63.293599403984565,False,86118.0769910931,False,0,0.0,115.0
MP Type2 biomass split,ConcCost,multi,-time,biomass split,5 expl,5,700007,60.0,2065.4440911447637,2065.4440911447637,-632.5450237828454,-632.5450237828454,2697.989114927609,19.667072448100097,61.9866603654427,False,86472.94915133687,False,0,0.0,120.0
MP Type2 biomass split,ConcCost,multi,-time,biomass split,5 expl,5,700008,60.0,2090.349699017282,2090.349699017282,-628.1253829906741,-628.1253829906741,2718.475082007956,19.493658970480748,59.27240010905915,False,88895.24119555217,False,0,0.0243478260869565,125.0
MP Type2 biomass split,ConcCost,multi,-time,biomass split,5 expl,5,700009,60.0,2130.3924124852697,2130.3924124852697,-651.8625837814602,-651.8625837814602,2782.25499626673,19.869956901491097,60.307713236282176,False,89483.13394532754,False,0,0.0104347826086956,120.0
MP Type2 biomass split,ConcCost,multi,-time,biomass split,5 expl,5,700000,80.0,1982.9855396271453,1982.9855396271453,-534.2246304305802,-534.2246304305802,2517.2101700577255,19.96800022250588,57.87166079675504,False,83578.20120083945,False,0,0.0121739130434782,90.0
MP Type2 biomass split,ConcCost,multi,-time,biomass split,5 expl,5,700001,80.0,2149.9975634367083,2149.9975634367083,-586.9482339984315,-586.9482339984315,2736.94579743514,21.010451643375944,52.53814107044912,False,88777.26558719376,False,0,0.02,90.0
MP Type2 biomass split,ConcCost,multi,-time,biomass split,5 expl,5,700002,80.0,2109.3184353350807,2109.3184353350807,-642.1585231568538,-642.1585231568538,2751.4769584919345,21.618261243383163,61.268158368016906,False,82468.76479783692,False,0,0.0,130.0
MP Type2 biomass split,ConcCost,multi,-time,biomass split,5 expl,5,700003,80.0,2059.5098117738617,2059.5098117738617,-556.6374987879594,-556.6374987879594,2616.147310561821,20.174692449325587,54.645527457230905,False,87157.44086581739,False,0,0.0217391304347826,165.0
MP Type2 biomass split,ConcCost,multi,-time,biomass split,5 expl,5,700004,80.0,1855.1428766987517,1855.1428766987517,-463.74700687522113,-463.74700687522113,2318.889883573973,18.19542988941986,56.76544591925168,False,84408.14837129237,False,0,0.0243478260869565,90.0
MP Type2 biomass split,ConcCost,multi,-time,biomass split,5 expl,5,700005,80.0,2301.5439279698385,2301.5439279698385,-680.5816929492526,-680.5816929492526,2982.125620919091,23.73348022343596,59.5459419390617,False,83811.57547294776,False,0,0.0,145.0
MP Type2 biomass split,ConcCost,multi,-time,biomass split,5 expl,5,700006,80.0,2232.4474589892393,2232.4474589892393,-629.1376326526456,-629.1376326526456,2861.585091641885,22.279818840372094,58.59814474830733,False,83035.5876591918,False,0,0.0,150.0
MP Type2 biomass split,ConcCost,multi,-time,biomass split,5 expl,5,700007,80.0,1925.8153706558428,1925.8153706558428,-528.4251938282855,-528.4251938282855,2454.2405644841283,18.93907461221644,57.02704542649853,False,83682.20381154164,False,0,0.0,90.0
MP Type2 biomass split,ConcCost,multi,-time,biomass split,5 expl,5,700008,80.0,1942.2972148090112,1942.2972148090112,-524.9750421440299,-524.9750421440299,2467.272256953041,18.719147176761552,54.43748647641906,False,85759.39642739877,False,0,0.0243478260869565,90.0
MP Type2 biomass split,ConcCost,multi,-time,biomass split,5 expl,5,700009,80.0,1976.6024994685908,1976.6024994685908,-518.5352600187703,-518.5352600187703,2495.137759487361,19.06021987908972,55.11995851956735,False,86366.72369612753,False,0,0.0104347826086956,165.0
MP Type3 biomass split+blend,ConcCost,multi,-time,biomass split+blend,5 expl,5,700000,0.0,3394.8810717217966,3394.8810717217966,-72.44783054302798,-72.44783054302798,3467.3289022648246,26.649159730775633,91.49582770100216,False,105320.46479263889,False,0,0.0121739130434782,50.0
MP Type3 biomass split+blend,ConcCost,multi,-time,biomass split+blend,5 expl,5,700001,0.0,3867.16277018928,3867.16277018928,293.26355950242896,293.26355950242896,3573.899210686851,28.880476071484782,77.26450696556238,False,110822.25727771372,False,0,0.0191304347826086,55.0
MP Type3 biomass split+blend,ConcCost,multi,-time,biomass split+blend,5 expl,5,700002,0.0,3442.014319066325,0.0,-254.60390422022738,-3696.618223286552,3696.618223286552,27.87821518126591,106.43547066272669,True,101899.70883931027,False,1,0.0,50.0
MP Type3 biomass split+blend,ConcCost,multi,-time,biomass split+blend,5 expl,5,700003,0.0,3794.3457701763314,3794.3457701763314,267.75717002690953,267.75717002690953,3526.588600149422,28.208766472239382,80.8744947020592,False,109566.01624492518,False,0,0.0208695652173913,60.0
MP Type3 biomass split+blend,ConcCost,multi,-time,biomass split+blend,5 expl,5,700004,0.0,3145.0645435234646,3145.0645435234646,-69.44206323383332,-69.44206323383332,3214.506606757298,24.184698499054058,90.49130290821915,False,105778.26330270576,False,0,0.0243478260869565,50.0
MP Type3 biomass split+blend,ConcCost,multi,-time,biomass split+blend,5 expl,5,700005,0.0,3961.703300604248,3961.703300604248,-160.29157013525173,-160.29157013525173,4121.9948707395,31.602065961912853,97.39577553760311,False,105469.70010823377,False,0,0.0,55.0
MP Type3 biomass split+blend,ConcCost,multi,-time,biomass split+blend,5 expl,5,700006,0.0,4088.476469504767,4088.476469504767,102.71826076567822,102.71826076567822,3985.758208739089,31.318598500264457,97.3389603952281,False,104545.26026910255,False,0,0.0,55.0
MP Type3 biomass split+blend,ConcCost,multi,-time,biomass split+blend,5 expl,5,700007,0.0,3270.089511911929,3270.089511911929,-85.10979492985507,-85.10979492985507,3355.199306841784,25.13887107847935,90.72397506698896,False,105308.91234011685,False,0,0.0,50.0
MP Type3 biomass split+blend,ConcCost,multi,-time,biomass split+blend,5 expl,5,700008,0.0,3560.7051905695685,3560.7051905695685,256.87719519564916,256.87719519564916,3303.8279953739193,25.968564588606316,79.22002986907447,False,109109.18805724473,False,0,0.0243478260869565,60.0
MP Type3 biomass split+blend,ConcCost,multi,-time,biomass split+blend,5 expl,5,700009,0.0,3655.454028012832,3655.454028012832,266.66372459408603,266.66372459408603,3388.790303418746,26.6134484792021,80.63583626889485,False,109627.02401424902,False,0,0.0104347826086956,60.0
MP Type3 biomass split+blend,ConcCost,multi,-time,biomass split+blend,5 expl,5,700000,20.0,3437.798837640513,3437.798837640513,189.48839644808504,189.48839644808504,3248.310441192428,27.336957662819472,83.30853025072511,False,101377.7668425842,False,0,0.0121739130434782,65.0
MP Type3 biomass split+blend,ConcCost,multi,-time,biomass split+blend,5 expl,5,700001,20.0,3546.268214030429,3546.268214030429,145.41392085331563,145.41392085331563,3400.8542931771135,27.823862222192258,74.1513204019761,False,105886.51302417292,False,0,0.02,75.0
MP Type3 biomass split+blend,ConcCost,multi,-time,biomass split+blend,5 expl,5,700002,20.0,3432.7074825036343,3432.7074825036343,-154.18277963498713,-154.18277963498713,3586.8902621386214,28.007031087848823,91.57569373120629,False,99946.84883586442,False,0,0.0,65.0
MP Type3 biomass split+blend,ConcCost,multi,-time,biomass split+blend,5 expl,5,700003,20.0,3419.4801071802276,3419.4801071802276,85.98795168303786,85.98795168303786,3333.4921554971897,26.9717129585659,76.59191378784485,False,102735.08606280452,False,0,0.0217391304347826,85.0
MP Type3 biomass split+blend,ConcCost,multi,-time,biomass split+blend,5 expl,5,700004,20.0,3219.5322924498823,3219.5322924498823,198.64713993751548,198.64713993751548,3020.885152512367,24.99578073528923,81.68746509585961,False,102681.03965410934,False,0,0.0243478260869565,60.0
MP Type3 biomass split+blend,ConcCost,multi,-time,biomass split+blend,5 expl,5,700005,20.0,3986.321181268741,3986.321181268741,107.97313977379372,107.97313977379372,3878.348041494947,32.417741605980474,86.0770243222642,False,101228.69389962273,False,0,0.0,65.0
MP Type3 biomass split+blend,ConcCost,multi,-time,biomass split+blend,5 expl,5,700006,20.0,3926.662321527509,3926.662321527509,202.81777393158836,202.81777393158836,3723.8445475959206,30.712710418615483,86.10279701808619,False,101321.30843814956,False,0,0.0,60.0
MP Type3 biomass split+blend,ConcCost,multi,-time,biomass split+blend,5 expl,5,700007,20.0,3322.9651959659095,3322.9651959659095,199.84587921077582,199.84587921077582,3123.1193167551337,25.781779981634195,82.72366412494232,False,101761.98402996312,False,0,0.0,60.0
MP Type3 biomass split+blend,ConcCost,multi,-time,biomass split+blend,5 expl,5,700008,20.0,3216.734580733413,3216.734580733413,109.53343104938631,109.53343104938631,3107.201149684027,24.834750991072575,75.51035533622228,False,103281.46315567684,False,0,0.0243478260869565,80.0
MP Type3 biomass split+blend,ConcCost,multi,-time,biomass split+blend,5 expl,5,700009,20.0,3313.0925827943815,3313.0925827943815,122.47424517838135,122.47424517838135,3190.618337616,25.51964775639146,77.00809487302477,False,103957.0064370664,False,0,0.0104347826086956,80.0
MP Type3 biomass split+blend,ConcCost,multi,-time,biomass split+blend,5 expl,5,700000,40.0,2887.709493167535,2887.709493167535,-129.47211893855274,-129.47211893855274,3017.181612106088,25.20427138962696,71.72991439430861,False,92467.58329248498,False,0,0.0121739130434782,110.0
MP Type3 biomass split+blend,ConcCost,multi,-time,biomass split+blend,5 expl,5,700001,40.0,3043.431742243538,3043.431742243538,-173.90727879623637,-173.90727879623637,3217.3390210397743,26.023426972950055,64.88462894785664,False,96725.07480700934,False,0,0.02,120.0
MP Type3 biomass split+blend,ConcCost,multi,-time,biomass split+blend,5 expl,5,700002,40.0,3128.220871765384,3128.220871765384,-216.822779288339,-216.822779288339,3345.043651053723,27.420272127833066,80.86649477426685,False,89984.52983857799,False,0,0.0,110.0
MP Type3 biomass split+blend,ConcCost,multi,-time,biomass split+blend,5 expl,5,700003,40.0,2894.2812344306317,2894.2812344306317,-244.96869580591738,-244.96869580591738,3139.249930236549,24.75005056397717,70.42425623215374,False,94953.46303339946,False,0,0.0217391304347826,120.0
MP Type3 biomass split+blend,ConcCost,multi,-time,biomass split+blend,5 expl,5,700004,40.0,2703.367972112333,2703.367972112333,-93.98761846077196,-93.98761846077196,2797.355590573105,23.029519094817633,69.38356625967207,False,93336.13165682944,False,0,0.0243478260869565,115.0
MP Type3 biomass split+blend,ConcCost,multi,-time,biomass split+blend,5 expl,5,700005,40.0,3383.7257070748383,3383.7257070748383,-228.48599370677994,-228.48599370677994,3612.211700781618,29.885112440316934,77.34516778606863,False,91991.3852308626,False,0,0.0,115.0
MP Type3 biomass split+blend,ConcCost,multi,-time,biomass split+blend,5 expl,5,700006,40.0,3273.40130770425,3273.40130770425,-179.51777698748492,-179.51777698748492,3452.919084691735,28.057970909575538,72.27796160532921,False,91251.60045814708,False,0,0.0,115.0
MP Type3 biomass split+blend,ConcCost,multi,-time,biomass split+blend,5 expl,5,700007,40.0,2837.887590602541,2837.887590602541,-74.34639943559205,-74.34639943559205,2912.233990038133,24.02392734356999,69.38161795521073,False,92749.85041180992,False,0,0.0,115.0
MP Type3 biomass split+blend,ConcCost,multi,-time,biomass split+blend,5 expl,5,700008,40.0,2749.8620446488203,2749.8620446488203,-175.50052083259789,-175.50052083259789,2925.362565481418,23.075642130593483,65.2316794486629,False,94543.67694608078,False,0,0.0243478260869565,120.0
MP Type3 biomass split+blend,ConcCost,multi,-time,biomass split+blend,5 expl,5,700009,40.0,2831.307599834624,2831.307599834624,-161.56590248637076,-161.56590248637076,2992.8735023209947,23.663175333368933,67.79319294624521,False,95694.00328502682,False,0,0.0104347826086956,120.0
MP Type3 biomass split+blend,ConcCost,multi,-time,biomass split+blend,5 expl,5,700000,60.0,2571.407655308205,2571.407655308205,-225.02247518197782,-225.02247518197782,2796.430130490183,23.637200936070695,66.7461342517752,False,87232.77620752572,False,0,0.0121739130434782,130.0
MP Type3 biomass split+blend,ConcCost,multi,-time,biomass split+blend,5 expl,5,700001,60.0,2684.9098436594836,2684.9098436594836,-350.080545863128,-350.080545863128,3034.9903895226116,24.26543064711768,60.85978514215812,False,90682.312732988,False,0,0.02,145.0
MP Type3 biomass split+blend,ConcCost,multi,-time,biomass split+blend,5 expl,5,700002,60.0,2771.6768351299006,2771.6768351299006,-300.7027865787895,-300.7027865787895,3072.37962170869,25.4880583452683,76.58776181269508,False,85258.80518445582,False,0,0.0,125.0
MP Type3 biomass split+blend,ConcCost,multi,-time,biomass split+blend,5 expl,5,700003,60.0,2575.2595033728085,2575.2595033728085,-303.712085554092,-303.712085554092,2878.9715889269005,23.225220123870788,65.99757398911449,False,89346.96516779259,False,0,0.0217391304347826,140.0
MP Type3 biomass split+blend,ConcCost,multi,-time,biomass split+blend,5 expl,5,700004,60.0,2379.58952781924,2379.58952781924,-196.35552549496515,-196.35552549496515,2575.9450533142053,21.345734730630795,61.60296898731184,False,88327.86696769086,False,0,0.0243478260869565,140.0
MP Type3 biomass split+blend,ConcCost,multi,-time,biomass split+blend,5 expl,5,700005,60.0,2978.4478701273474,2978.4478701273474,-355.9803890581038,-355.9803890581038,3334.428259185451,27.75730578107649,73.91538187217063,False,86878.60600323016,False,0,0.0,125.0
MP Type3 biomass split+blend,ConcCost,multi,-time,biomass split+blend,5 expl,5,700006,60.0,2890.3819903990343,2890.3819903990343,-297.8031248420798,-297.8031248420798,3188.185115241114,26.073399552275063,67.33961811554083,False,86195.46386175462,False,0,0.0,130.0
MP Type3 biomass split+blend,ConcCost,multi,-time,biomass split+blend,5 expl,5,700007,60.0,2505.6265329156745,2505.6265329156745,-192.3625820119346,-192.3625820119346,2697.989114927609,22.36813334292629,63.91050155833345,False,87583.08158135798,False,0,0.0,130.0
MP Type3 biomass split+blend,ConcCost,multi,-time,biomass split+blend,5 expl,5,700008,60.0,2446.991019677059,2446.991019677059,-271.48406233089736,-271.48406233089736,2718.475082007956,21.722171987721097,59.652517340257496,False,88666.53631412997,False,0,0.0243478260869565,140.0
MP Type3 biomass split+blend,ConcCost,multi,-time,biomass split+blend,5 expl,5,700009,60.0,2518.3009288366247,2518.3009288366247,-263.95406743010517,-263.95406743010517,2782.25499626673,22.140355548071327,63.8818691558441,False,90408.12214824247,False,0,0.0104347826086956,140.0
MP Type3 biomass split+blend,ConcCost,multi,-time,biomass split+blend,5 expl,5,700000,80.0,2170.5895964814913,2170.5895964814913,-346.62057357623416,-346.62057357623416,2517.2101700577255,21.22640864363434,60.33936233066811,False,82903.53688141715,False,0,0.0121739130434782,160.0
MP Type3 biomass split+blend,ConcCost,multi,-time,biomass split+blend,5 expl,5,700001,80.0,2274.1527059613773,2274.1527059613773,-462.7930914737626,-462.7930914737626,2736.94579743514,21.992194982583673,53.65049300849827,False,87272.28495631221,False,0,0.02,165.0
MP Type3 biomass split+blend,ConcCost,multi,-time,biomass split+blend,5 expl,5,700002,80.0,2425.541727123624,2425.541727123624,-325.9352313683107,-325.9352313683107,2751.4769584919345,23.491641499111555,69.27413940374048,False,81811.66787046152,False,0,0.0,145.0
MP Type3 biomass split+blend,ConcCost,multi,-time,biomass split+blend,5 expl,5,700003,80.0,2200.462380720143,2200.462380720143,-415.68492984167824,-415.68492984167824,2616.147310561821,21.026558098519697,57.93786785838677,False,86603.89077303545,False,0,0.0217391304347826,160.0
MP Type3 biomass split+blend,ConcCost,multi,-time,biomass split+blend,5 expl,5,700004,80.0,2007.6710707822815,2007.6710707822815,-311.21881279169133,-311.21881279169133,2318.889883573973,19.18657353183481,54.704437427526386,False,82988.4467597733,False,0,0.0243478260869565,160.0
MP Type3 biomass split+blend,ConcCost,multi,-time,biomass split+blend,5 expl,5,700005,80.0,2547.809066931911,2547.809066931911,-434.3165539871802,-434.3165539871802,2982.125620919091,25.18715991714115,66.69040794454817,False,83120.54586879398,False,0,0.0,150.0
MP Type3 biomass split+blend,ConcCost,multi,-time,biomass split+blend,5 expl,5,700006,80.0,2440.4715672325465,2440.4715672325465,-421.1135244093384,-421.1135244093384,2861.585091641885,23.52303642519751,60.19410518669912,False,82262.54617071537,False,0,0.0,160.0
MP Type3 biomass split+blend,ConcCost,multi,-time,biomass split+blend,5 expl,5,700007,80.0,2133.6008194163023,2133.6008194163023,-320.63974506782597,-320.63974506782597,2454.2405644841283,20.326718405321355,56.65774240292907,False,82741.22937345378,False,0,0.0,160.0
MP Type3 biomass split+blend,ConcCost,multi,-time,biomass split+blend,5 expl,5,700008,80.0,2065.515928285213,2065.515928285213,-401.75632866782826,-401.75632866782826,2467.272256953041,19.569874439700666,52.13170695266039,False,85122.42857418099,False,0,0.0243478260869565,165.0
MP Type3 biomass split+blend,ConcCost,multi,-time,biomass split+blend,5 expl,5,700009,80.0,2117.217748351215,2117.217748351215,-377.92001113614606,-377.92001113614606,2495.137759487361,19.85650029519374,55.680457869196545,False,85742.30096822605,False,0,0.0104347826086956,160.0
MassCost SP +time,MassCost,single,+time,-,5 expl,5,700000,0.0,3904.346626843071,3904.346626843071,437.01772457824654,437.01772457824654,3467.3289022648246,29.330562208695405,84.34377170322212,False,108571.2122090957,False,0,0.0113043478260869,
MassCost SP +time,MassCost,single,+time,-,5 expl,5,700001,0.0,4287.3385701333955,4287.3385701333955,713.4393594465446,713.4393594465446,3573.899210686851,31.297643325785582,78.56727305383379,False,114339.75802025768,False,0,0.0191304347826086,
MassCost SP +time,MassCost,single,+time,-,5 expl,5,700002,0.0,3726.230980266325,3726.230980266325,29.612756979772712,29.612756979772712,3696.618223286552,29.878909902158785,88.90927744290785,False,98982.85366495192,False,0,0.0,
MassCost SP +time,MassCost,single,+time,-,5 expl,5,700003,0.0,4150.377564280518,4150.377564280518,623.7889641310958,623.7889641310958,3526.588600149422,29.84501514754149,82.96814728407436,False,115639.96116174172,False,0,0.0208695652173913,
MassCost SP +time,MassCost,single,+time,-,5 expl,5,700004,0.0,3694.5971322121086,3694.5971322121086,480.09052545481063,480.09052545481063,3214.506606757298,26.98852754622111,82.77186509902239,False,110943.27831794068,False,0,0.0243478260869565,
MassCost SP +time,MassCost,single,+time,-,5 expl,5,700005,0.0,4391.599087117423,4391.599087117423,269.60421637792297,269.60421637792297,4121.9948707395,34.30217893654764,86.80083607730944,False,103763.32159297907,False,0,0.0,
MassCost SP +time,MassCost,single,+time,-,5 expl,5,700006,0.0,4379.309223973978,4379.309223973978,393.5510152348893,393.5510152348893,3985.758208739089,32.821192578375005,84.84345186489014,False,105768.72026917168,False,0,0.0,
MassCost SP +time,MassCost,single,+time,-,5 expl,5,700007,0.0,3816.25662881959,3816.25662881959,461.0573219778057,461.0573219778057,3355.199306841784,27.954075466792148,83.32384430903835,False,109766.30907638796,False,0,0.0,
MassCost SP +time,MassCost,single,+time,-,5 expl,5,700008,0.0,3905.9793397290623,3905.9793397290623,602.151344355143,602.151344355143,3303.8279953739193,27.55281907524617,81.22271640001384,False,115891.18660065989,False,0,0.0243478260869565,
MassCost SP +time,MassCost,single,+time,-,5 expl,5,700009,0.0,3978.9884460528974,3978.9884460528974,590.1981426341513,590.1981426341513,3388.790303418746,28.124106481383997,82.63857134374798,False,116269.57026766628,False,0,0.0104347826086956,
MassCost SP +time,MassCost,single,+time,-,5 expl,5,700000,20.0,3784.4530489616423,3784.4530489616423,536.1426077692145,536.1426077692145,3248.310441192428,28.960030115741635,83.09132095783016,False,108404.36297229234,False,0,0.0121739130434782,
MassCost SP +time,MassCost,single,+time,-,5 expl,5,700001,20.0,4166.600168104218,4166.600168104218,765.7458749271045,765.7458749271045,3400.8542931771135,31.19710226790966,76.51637605845725,False,113089.10415689315,False,0,0.0191304347826086,
MassCost SP +time,MassCost,single,+time,-,5 expl,5,700002,20.0,3580.923416278776,3580.923416278776,-5.966845859845307,-5.966845859845307,3586.8902621386214,29.41793084118447,88.63425427111008,False,98689.34581978056,False,0,0.0,
MassCost SP +time,MassCost,single,+time,-,5 expl,5,700003,20.0,3486.5055422970277,3486.5055422970277,153.01338679983792,153.01338679983792,3333.4921554971897,25.057904377620027,80.63620721209014,False,113283.40522674024,False,0,0.0217391304347826,
MassCost SP +time,MassCost,single,+time,-,5 expl,5,700004,20.0,3581.8166161286335,3581.8166161286335,560.9314636162667,560.9314636162667,3020.885152512367,26.709181790661884,81.58624930266242,False,110372.80680072564,False,0,0.0243478260869565,
MassCost SP +time,MassCost,single,+time,-,5 expl,5,700005,20.0,3961.716494319565,3961.716494319565,83.36845282461763,83.36845282461763,3878.348041494947,31.90793820352587,85.7120405471254,False,101866.11010786355,False,0,0.0,
MassCost SP +time,MassCost,single,+time,-,5 expl,5,700006,20.0,4223.397820229686,4223.397820229686,499.5532726337651,499.5532726337651,3723.8445475959206,32.111327761296295,83.320411275488,False,105965.05776580698,False,0,0.0,
MassCost SP +time,MassCost,single,+time,-,5 expl,5,700007,20.0,3728.5102755513954,3728.5102755513954,605.3909587962617,605.3909587962617,3123.1193167551337,27.664020906380543,81.79799456766682,False,109790.61547415126,False,0,0.0,
MassCost SP +time,MassCost,single,+time,-,5 expl,5,700008,20.0,3703.077299318856,3703.077299318856,595.8761496348293,595.8761496348293,3107.201149684027,26.928118897282523,78.10341431785707,False,113756.43993768006,False,0,0.0243478260869565,
MassCost SP +time,MassCost,single,+time,-,5 expl,5,700009,20.0,3797.289245386595,3797.289245386595,606.670907770595,606.670907770595,3190.618337616,27.58343945711908,79.39002169657657,False,114254.5020100868,False,0,0.0104347826086956,
MassCost SP +time,MassCost,single,+time,-,5 expl,5,700000,40.0,3685.2335740536087,3685.2335740536087,668.0519619475208,668.0519619475208,3017.181612106088,28.73639897248963,80.08656512638773,False,107136.25813962672,False,0,0.0121739130434782,
MassCost SP +time,MassCost,single,+time,-,5 expl,5,700001,40.0,3580.3124005626646,3580.3124005626646,362.97337952289035,362.97337952289035,3217.3390210397743,27.080940885286243,74.86271804840416,False,110419.41020628536,False,0,0.0191304347826086,
MassCost SP +time,MassCost,single,+time,-,5 expl,5,700002,40.0,3337.8091303844876,3337.8091303844876,-7.23452066923528,-7.23452066923528,3345.043651053723,27.29555223667769,89.14981403562936,False,96979.41921053406,False,0,0.0,
MassCost SP +time,MassCost,single,+time,-,5 expl,5,700003,40.0,3204.7176507671084,3204.7176507671084,65.46772053055929,65.46772053055929,3139.249930236549,23.88549100372827,78.88842323757953,False,109079.85951698676,False,0,0.0217391304347826,
MassCost SP +time,MassCost,single,+time,-,5 expl,5,700004,40.0,3460.585147184963,3460.585147184963,663.2295566118578,663.2295566118578,2797.355590573105,26.462213663018304,78.19305896735301,False,108166.20224403463,False,0,0.0243478260869565,
MassCost SP +time,MassCost,single,+time,-,5 expl,5,700005,40.0,3901.610656092352,3901.610656092352,289.398955310734,289.398955310734,3612.211700781618,31.925357589849163,81.87320213310761,False,100632.41934795308,False,0,0.0,
MassCost SP +time,MassCost,single,+time,-,5 expl,5,700006,40.0,4088.212954095374,4088.212954095374,635.2938694036388,635.2938694036388,3452.919084691735,31.65254353852501,80.21867488617254,False,104790.63033748676,False,0,0.0,
MassCost SP +time,MassCost,single,+time,-,5 expl,5,700007,40.0,3607.3957014791026,3607.3957014791026,695.1617114409696,695.1617114409696,2912.233990038133,27.395367744827844,78.30526285377866,False,107930.33794972594,False,0,0.0,
MassCost SP +time,MassCost,single,+time,-,5 expl,5,700008,40.0,3532.3594467974017,3532.3594467974017,606.9968813159835,606.9968813159835,2925.362565481418,26.542068696927057,74.08623386352185,False,110200.19680613306,False,0,0.0243478260869565,
MassCost SP +time,MassCost,single,+time,-,5 expl,5,700009,40.0,3603.697063768014,3603.697063768014,610.8235614470191,610.8235614470191,2992.8735023209947,27.01926515971689,76.85540733836547,False,111095.76023642012,False,0,0.0104347826086956,
MassCost SP +time,MassCost,single,+time,-,5 expl,5,700000,60.0,3409.7281669803333,3409.7281669803333,613.2980364901505,613.2980364901505,2796.430130490183,27.805513111877985,77.37486734241426,False,103262.7657811282,False,0,0.0121739130434782,
MassCost SP +time,MassCost,single,+time,-,5 expl,5,700001,60.0,3161.8245979668527,3161.8245979668527,126.83420844424109,126.83420844424109,3034.9903895226116,24.72217952842204,73.06481579935645,False,106779.77535544791,False,0,0.0191304347826086,
MassCost SP +time,MassCost,single,+time,-,5 expl,5,700002,60.0,3300.479497684415,3300.479497684415,228.0998759757249,228.0998759757249,3072.37962170869,28.140332628106428,81.92305312681917,False,93608.53761210456,False,0,0.0,
MassCost SP +time,MassCost,single,+time,-,5 expl,5,700003,60.0,2741.550843199538,2741.550843199538,-137.42074572736237,-137.42074572736237,2878.9715889269005,21.541023101689262,77.66287066357343,False,103782.5530846636,False,0,0.0217391304347826,
MassCost SP +time,MassCost,single,+time,-,5 expl,5,700004,60.0,3131.2246306681513,3131.2246306681513,555.279577353946,555.279577353946,2575.9450533142053,25.131696347447253,72.34505109040686,False,103566.54568108045,False,0,0.0243478260869565,
MassCost SP +time,MassCost,single,+time,-,5 expl,5,700005,60.0,3682.35945836787,3682.35945836787,347.9311991824188,347.9311991824188,3334.428259185451,31.037449975754992,80.50310369287624,False,98585.28408001988,False,0,0.0,
MassCost SP +time,MassCost,single,+time,-,5 expl,5,700006,60.0,3838.485268243961,3838.485268243961,650.3001530028469,650.3001530028469,3188.185115241114,30.749607355546747,77.0132773402321,False,102123.51099022424,False,0,0.0,
MassCost SP +time,MassCost,single,+time,-,5 expl,5,700007,60.0,3298.111726558514,3298.111726558514,600.1226116309049,600.1226116309049,2697.989114927609,26.19368991617244,74.96317570087355,False,103828.26902743494,False,0,0.0,
MassCost SP +time,MassCost,single,+time,-,5 expl,5,700008,60.0,3225.40161124984,3225.40161124984,506.9265292418836,506.9265292418836,2718.475082007956,25.43656675301518,71.91884306846309,False,105386.53750787096,False,0,0.0243478260869565,
MassCost SP +time,MassCost,single,+time,-,5 expl,5,700009,60.0,3326.449458401823,3326.449458401823,544.1944621350931,544.1944621350931,2782.25499626673,26.00374394750292,74.56657683729046,False,106788.4179955672,False,0,0.0104347826086956,
MassCost SP +time,MassCost,single,+time,-,5 expl,5,700000,80.0,2922.0187599787673,2922.0187599787673,404.80858992104186,404.80858992104186,2517.2101700577255,25.0576810190046,73.4048400966403,False,98377.29942769073,False,0,0.0121739130434782,
MassCost SP +time,MassCost,single,+time,-,5 expl,5,700001,80.0,2739.1969001586986,2739.1969001586986,2.251102723558688,2.251102723558688,2736.94579743514,22.686393448300652,70.70002710094148,False,101448.1032484388,False,0,0.0191304347826086,
MassCost SP +time,MassCost,single,+time,-,5 expl,5,700002,80.0,3095.52387970426,3095.52387970426,344.0469212123253,344.0469212123253,2751.4769584919345,27.24697478475814,78.72265925190428,False,91893.02928406694,False,0,0.0,
MassCost SP +time,MassCost,single,+time,-,5 expl,5,700003,80.0,2817.1169630823674,2817.1169630823674,200.96965252054633,200.96965252054633,2616.147310561821,23.97859127907736,72.37903842983302,False,99663.0193197302,False,0,0.0217391304347826,
MassCost SP +time,MassCost,single,+time,-,5 expl,5,700004,80.0,2677.9501557683916,2677.9501557683916,359.06027219441876,359.06027219441876,2318.889883573973,22.805692205343565,68.32908267783546,False,97584.95891389238,False,0,0.0243478260869565,
MassCost SP +time,MassCost,single,+time,-,5 expl,5,700005,80.0,3305.876044076799,3305.876044076799,323.75042315770816,323.75042315770816,2982.125620919091,29.176046995108496,77.55833322132835,False,95204.35071256295,False,0,0.0,
MassCost SP +time,MassCost,single,+time,-,5 expl,5,700006,80.0,3387.8326807382614,3387.8326807382614,526.2475890963765,526.2475890963765,2861.585091641885,28.520304246233945,73.43085105484028,False,97494.70912897168,False,0,0.0,
MassCost SP +time,MassCost,single,+time,-,5 expl,5,700007,80.0,2893.5256580860037,2893.5256580860037,439.28509360187536,439.28509360187536,2454.2405644841283,24.1609874583896,70.71983914742135,False,98899.67487908028,False,0,0.0,
MassCost SP +time,MassCost,single,+time,-,5 expl,5,700008,80.0,2741.1296669985395,2741.1296669985395,273.85741004549845,273.85741004549845,2467.272256953041,23.03757482006028,67.58493398039874,False,98302.88032232015,False,0,0.0243478260869565,
MassCost SP +time,MassCost,single,+time,-,5 expl,5,700009,80.0,2833.370518880626,2833.370518880626,338.23275939326504,338.23275939326504,2495.137759487361,23.499238164448965,69.9191522687419,False,100444.63256855492,False,0,0.0104347826086956,
MassCost SP -time,MassCost,single,-time,-,5 expl,5,700000,0.0,3493.79683731999,3493.79683731999,26.467935055165526,26.467935055165526,3467.3289022648246,27.11726391807572,79.90854288346524,False,103983.3302942994,False,0,0.0121739130434782,
MassCost SP -time,MassCost,single,-time,-,5 expl,5,700001,0.0,2951.4968063833467,2951.4968063833467,-622.4024043035042,-622.4024043035042,3573.899210686851,23.683274934344833,65.62494398125118,False,101479.6467268375,False,0,0.0191304347826086,
MassCost SP -time,MassCost,single,-time,-,5 expl,5,700002,0.0,3614.5892213961247,3614.5892213961247,-82.02900189042748,-82.02900189042748,3696.618223286552,29.66567190821595,88.43624426453961,False,98154.1006441874,False,0,0.0,
MassCost SP -time,MassCost,single,-time,-,5 expl,5,700003,0.0,2880.741931082619,2880.741931082619,-645.8466690668029,-645.8466690668029,3526.588600149422,22.73513878874303,68.54827885805227,False,101203.70188391273,False,0,0.0208695652173913,
MassCost SP -time,MassCost,single,-time,-,5 expl,5,700004,0.0,3279.169867390574,3279.169867390574,64.66326063327597,64.66326063327597,3214.506606757298,24.740475100612464,78.09450216079935,False,105989.9246580634,False,0,0.0243478260869565,
MassCost SP -time,MassCost,single,-time,-,5 expl,5,700005,0.0,3957.8108884639487,3957.8108884639487,-164.183982275551,-164.183982275551,4121.9948707395,31.78451313163733,83.65690496559326,False,100271.06993483313,False,0,0.0,
MassCost SP -time,MassCost,single,-time,-,5 expl,5,700006,0.0,4093.867296260709,4093.867296260709,108.10908752162004,108.10908752162004,3985.758208739089,31.29261287704115,82.42388205092803,False,103719.07837732196,False,0,0.0,
MassCost SP -time,MassCost,single,-time,-,5 expl,5,700007,0.0,3484.5779411692884,3484.5779411692884,129.3786343275042,129.3786343275042,3355.199306841784,26.355337204075337,78.97164876277819,False,105594.05115782596,False,0,0.0,
MassCost SP -time,MassCost,single,-time,-,5 expl,5,700008,0.0,2758.194332292619,2758.194332292619,-545.6336630813003,-545.6336630813003,3303.8279953739193,21.300491276312556,67.33358072413385,False,101759.19276741343,False,0,0.0243478260869565,
MassCost SP -time,MassCost,single,-time,-,5 expl,5,700009,0.0,2848.4335287598847,2848.4335287598847,-540.3567746588615,-540.3567746588615,3388.790303418746,21.970348541072667,68.37222234879556,False,103013.18418255684,False,0,0.0104347826086956,
MassCost SP -time,MassCost,single,-time,-,5 expl,5,700000,20.0,3400.8648277266584,3400.8648277266584,152.55438653423062,152.55438653423062,3248.310441192428,27.14572116513835,76.73741778823916,False,102299.80971679848,False,0,0.0121739130434782,
MassCost SP -time,MassCost,single,-time,-,5 expl,5,700001,20.0,2848.3125042771844,2848.3125042771844,-552.5417888999291,-552.5417888999291,3400.8542931771135,23.477497545988772,63.45735900734984,False,100302.66064642722,False,0,0.02,
MassCost SP -time,MassCost,single,-time,-,5 expl,5,700002,20.0,3239.253952983167,3239.253952983167,-347.63630915545446,-347.63630915545446,3586.8902621386214,27.253796559421716,82.7817893578977,False,94892.50110432506,False,0,0.0,
MassCost SP -time,MassCost,single,-time,-,5 expl,5,700003,20.0,3068.3605233326007,3068.3605233326007,-265.13163216458906,-265.13163216458906,3333.4921554971897,24.7218996524778,67.8908279779004,False,101581.15677981098,False,0,0.0217391304347826,
MassCost SP -time,MassCost,single,-time,-,5 expl,5,700004,20.0,3171.159485922935,3171.159485922935,150.27433341056803,150.27433341056803,3020.885152512367,24.6874254954262,74.96591556979968,False,103931.46515787204,False,0,0.0243478260869565,
MassCost SP -time,MassCost,single,-time,-,5 expl,5,700005,20.0,3724.4547618472034,3724.4547618472034,-153.89327964774384,-153.89327964774384,3878.348041494947,30.81899829714996,79.72887757515889,False,97805.93347326235,False,0,0.0,
MassCost SP -time,MassCost,single,-time,-,5 expl,5,700006,20.0,3882.240674629892,3882.240674629892,158.39612703397142,158.39612703397142,3723.8445475959206,30.612938622936912,78.97792846140396,False,101232.21077294348,False,0,0.0,
MassCost SP -time,MassCost,single,-time,-,5 expl,5,700007,20.0,3345.430057329214,3345.430057329214,222.31074057408023,222.31074057408023,3123.1193167551337,26.12315580787785,75.96066239375305,False,103335.7993980863,False,0,0.0,
MassCost SP -time,MassCost,single,-time,-,5 expl,5,700008,20.0,2883.3967930630547,2883.3967930630547,-223.80435662097216,-223.80435662097216,3107.201149684027,22.623551788724463,65.91192555124238,False,101865.34096115924,False,0,0.0243478260869565,
MassCost SP -time,MassCost,single,-time,-,5 expl,5,700009,20.0,3082.4905177909204,3082.4905177909204,-108.12781982507977,-108.12781982507977,3190.618337616,24.129744118208865,68.59848675055765,False,103787.92742300552,False,0,0.0104347826086956,
MassCost SP -time,MassCost,single,-time,-,5 expl,5,700000,40.0,3278.2510576386876,3278.2510576386876,261.06944553259973,261.06944553259973,3017.181612106088,27.03884284894247,74.42255986350568,False,100027.3380573456,False,0,0.0121739130434782,
MassCost SP -time,MassCost,single,-time,-,5 expl,5,700001,40.0,3007.360630935195,3007.360630935195,-209.97839010457938,-209.97839010457938,3217.3390210397743,25.26896519388888,64.3878801511433,False,100006.25117647616,False,0,0.02,
MassCost SP -time,MassCost,single,-time,-,5 expl,5,700002,40.0,2952.5635970588287,2952.5635970588287,-392.4800539948942,-392.4800539948942,3345.043651053723,25.922766579186646,79.04709769236706,False,91116.15235889546,False,0,0.0,
MassCost SP -time,MassCost,single,-time,-,5 expl,5,700003,40.0,3107.7173893538493,3107.7173893538493,-31.532540882699777,-31.532540882699777,3139.249930236549,25.5493743400161,70.7918884105491,False,101169.81124242498,False,0,0.0217391304347826,
MassCost SP -time,MassCost,single,-time,-,5 expl,5,700004,40.0,2990.8479492815104,2990.8479492815104,193.4923587084054,193.4923587084054,2797.355590573105,24.147934387787338,71.23021788798616,False,101305.4392047094,False,0,0.0243478260869565,
MassCost SP -time,MassCost,single,-time,-,5 expl,5,700005,40.0,3477.361827365926,3477.361827365926,-134.8498734156924,-134.8498734156924,3612.211700781618,29.918084920745223,76.86816956340222,False,94441.65615380443,False,0,0.0,
MassCost SP -time,MassCost,single,-time,-,5 expl,5,700006,40.0,3710.214004817316,3710.214004817316,257.29492012558103,257.29492012558103,3452.919084691735,30.06944526189648,74.62979900800617,False,99210.42925084571,False,0,0.0,
MassCost SP -time,MassCost,single,-time,-,5 expl,5,700007,40.0,3208.251244966904,3208.251244966904,296.01725492877085,296.01725492877085,2912.233990038133,25.777916653769143,72.27465679011028,False,101243.80512258026,False,0,0.0,
MassCost SP -time,MassCost,single,-time,-,5 expl,5,700008,40.0,2979.846570231657,2979.846570231657,54.48400475023891,54.48400475023891,2925.362565481418,23.912990579074,65.47315926469867,False,101335.82728273346,False,0,0.0243478260869565,
MassCost SP -time,MassCost,single,-time,-,5 expl,5,700009,40.0,3042.7484614793193,3042.7484614793193,49.8749591583246,49.8749591583246,2992.8735023209947,24.40596794414319,68.73463371781112,False,102495.91948634472,False,0,0.0104347826086956,
MassCost SP -time,MassCost,single,-time,-,5 expl,5,700000,60.0,2913.821760546521,2913.821760546521,117.39163005633827,117.39163005633827,2796.430130490183,25.00715977293577,73.21781356988772,False,96740.6840882033,False,0,0.0121739130434782,
MassCost SP -time,MassCost,single,-time,-,5 expl,5,700001,60.0,3022.455163285747,3022.455163285747,-12.535226236864673,-12.535226236864673,3034.9903895226116,25.600101608851663,66.05968954459168,False,100069.89815349976,False,0,0.02,
MassCost SP -time,MassCost,single,-time,-,5 expl,5,700002,60.0,2646.1995465429654,2646.1995465429654,-426.1800751657247,-426.1800751657247,3072.37962170869,24.197254346136337,76.64382089740792,False,87548.68635614021,False,0,0.0,
MassCost SP -time,MassCost,single,-time,-,5 expl,5,700003,60.0,2923.394156398482,2923.394156398482,44.422567471581715,44.422567471581715,2878.9715889269005,24.62280545807706,71.41057994528747,False,99155.67751053884,False,0,0.0217391304347826,
MassCost SP -time,MassCost,single,-time,-,5 expl,5,700004,60.0,2699.5187771449,2699.5187771449,123.57372383069469,123.57372383069469,2575.9450533142053,22.63313279037225,67.99506975120967,False,98558.16249565996,False,0,0.0243478260869565,
MassCost SP -time,MassCost,single,-time,-,5 expl,5,700005,60.0,2963.964798971038,2963.964798971038,-370.4634602144133,-370.4634602144133,3334.428259185451,26.74123976984824,76.25177751494275,False,90040.39336779356,False,0,0.0,
MassCost SP -time,MassCost,single,-time,-,5 expl,5,700006,60.0,3347.328391033271,3347.328391033271,159.14327579215706,159.14327579215706,3188.185115241114,28.17110379603131,73.62456023537631,False,96326.0396710988,False,0,0.0,
MassCost SP -time,MassCost,single,-time,-,5 expl,5,700007,60.0,2890.6149940306805,2890.6149940306805,192.62587910307138,192.62587910307138,2697.989114927609,24.183290274336045,70.91506181345773,False,98084.6665205247,False,0,0.0,
MassCost SP -time,MassCost,single,-time,-,5 expl,5,700008,60.0,2892.424659231885,2892.424659231885,173.94957722392883,173.94957722392883,2718.475082007956,23.790698939933105,65.74663190411808,False,100023.65259840628,False,0,0.0243478260869565,
MassCost SP -time,MassCost,single,-time,-,5 expl,5,700009,60.0,2917.0065174680285,2917.0065174680285,134.7515212012986,134.7515212012986,2782.25499626673,23.881465618477534,69.39345801140371,False,101375.24143651933,False,0,0.0104347826086956,
MassCost SP -time,MassCost,single,-time,-,5 expl,5,700000,80.0,2491.8043176648316,2491.8043176648316,-25.40585239289385,-25.40585239289385,2517.2101700577255,22.215515440272597,71.31037002011855,False,93286.037189139,False,0,0.0121739130434782,
MassCost SP -time,MassCost,single,-time,-,5 expl,5,700001,80.0,2855.9474795665355,2855.9474795665355,119.00168213139568,119.00168213139568,2736.94579743514,24.638210394674452,65.20226233659531,False,98749.74433329284,False,0,0.02,
MassCost SP -time,MassCost,single,-time,-,5 expl,5,700002,80.0,2540.6891424634982,2540.6891424634982,-210.78781602843628,-210.78781602843628,2751.4769584919345,23.62806254757438,74.50203980715216,False,84641.02662181319,False,0,0.0,
MassCost SP -time,MassCost,single,-time,-,5 expl,5,700003,80.0,2586.6782087694532,2586.6782087694532,-29.469101792367837,-29.469101792367837,2616.147310561821,22.55811309025626,68.85037808865032,False,95902.88355960896,False,0,0.0217391304347826,
MassCost SP -time,MassCost,single,-time,-,5 expl,5,700004,80.0,2441.1997878527063,2441.1997878527063,122.30990427873348,122.30990427873348,2318.889883573973,21.20689317041778,66.0963111596635,False,95980.18887500526,False,0,0.0243478260869565,
MassCost SP -time,MassCost,single,-time,-,5 expl,5,700005,80.0,2461.3280486278504,2461.3280486278504,-520.7975722912406,-520.7975722912406,2982.125620919091,23.274977441192675,74.31228454128585,False,85696.27896279783,False,0,0.0,
MassCost SP -time,MassCost,single,-time,-,5 expl,5,700006,80.0,2969.5682211413864,2969.5682211413864,107.9831294995015,107.9831294995015,2861.585091641885,25.93597163666138,71.70926703330011,False,93136.86729326402,False,0,0.0,
MassCost SP -time,MassCost,single,-time,-,5 expl,5,700007,80.0,2622.114277043989,2622.114277043989,167.8737125598609,167.8737125598609,2454.2405644841283,22.611619518570215,68.77589972920454,False,95418.8441303484,False,0,0.0,
MassCost SP -time,MassCost,single,-time,-,5 expl,5,700008,80.0,2607.4040367976077,2607.4040367976077,140.1317798445666,140.1317798445666,2467.272256953041,22.227729763560255,64.24686516034402,False,97039.03607334373,False,0,0.0243478260869565,
MassCost SP -time,MassCost,single,-time,-,5 expl,5,700009,80.0,2589.9807131116513,2589.9807131116513,94.8429536242902,94.8429536242902,2495.137759487361,21.988312597360068,67.14851382067128,False,98117.64851749055,False,0,0.0104347826086956,
MassCost MP +time,MassCost,multi,+time,fixed 100h,5 expl,5,700000,0.0,3759.331179166714,3759.331179166714,292.0022769018892,292.0022769018892,3467.3289022648246,28.62377952917257,82.66981911332444,False,106523.3226399538,False,0,0.0121739130434782,
MassCost MP +time,MassCost,multi,+time,fixed 100h,5 expl,5,700001,0.0,4164.814150751607,4164.814150751607,590.9149400647557,590.9149400647557,3573.899210686851,30.63206979026747,75.99977287199161,False,113374.78895461552,False,0,0.02,
MassCost MP +time,MassCost,multi,+time,fixed 100h,5 expl,5,700002,0.0,3935.377889939068,3935.377889939068,238.759666652516,238.759666652516,3696.618223286552,30.08444880407347,90.08404854308216,False,102425.31108967404,False,0,0.0,
MassCost MP +time,MassCost,multi,+time,fixed 100h,5 expl,5,700003,0.0,4070.940608097169,4070.940608097169,544.3520079477471,544.3520079477471,3526.588600149422,29.594349655768877,80.12750708720633,False,113890.8274155484,False,0,0.0217391304347826,
MassCost MP +time,MassCost,multi,+time,fixed 100h,5 expl,5,700004,0.0,3426.471827783405,3426.471827783405,211.96522102610697,211.96522102610697,3214.506606757298,25.8117669388363,80.64059777172899,False,106027.7964098266,False,0,0.0243478260869565,
MassCost MP +time,MassCost,multi,+time,fixed 100h,5 expl,5,700005,0.0,4731.105098557994,4731.105098557994,609.1102278184944,609.1102278184944,4121.9948707395,36.09216943945453,87.0923878534679,False,107681.92804643082,False,0,0.0,
MassCost MP +time,MassCost,multi,+time,fixed 100h,5 expl,5,700006,0.0,4557.333810722357,4557.333810722357,571.5756019832684,571.5756019832684,3985.758208739089,33.62418372088909,85.34949193945441,False,108612.60241489798,False,0,0.0,
MassCost MP +time,MassCost,multi,+time,fixed 100h,5 expl,5,700007,0.0,3704.59503061549,3704.59503061549,349.39572377370587,349.39572377370587,3355.199306841784,27.48814059735641,81.80356771211324,False,107950.30977491688,False,0,0.0,
MassCost MP +time,MassCost,multi,+time,fixed 100h,5 expl,5,700008,0.0,3751.3389723388177,3751.3389723388177,447.5109769648984,447.5109769648984,3303.8279953739193,27.00309664079972,78.51980337438347,False,112520.44528601848,False,0,0.0243478260869565,
MassCost MP +time,MassCost,multi,+time,fixed 100h,5 expl,5,700009,0.0,3903.540291543906,3903.540291543906,514.7499881251597,514.7499881251597,3388.790303418746,27.88177197980364,80.12514928716192,False,114606.29307289404,False,0,0.0104347826086956,
MassCost MP +time,MassCost,multi,+time,fixed 100h,5 expl,5,700000,20.0,3805.232909889322,3805.232909889322,556.9224686968942,556.9224686968942,3248.310441192428,29.122809056954384,81.81652377908641,False,107518.39369976276,False,0,0.0121739130434782,
MassCost MP +time,MassCost,multi,+time,fixed 100h,5 expl,5,700001,20.0,4139.701293570929,4139.701293570929,738.8470003938155,738.8470003938155,3400.8542931771135,31.015380898447777,74.70980948805047,False,112631.02581523189,False,0,0.02,
MassCost MP +time,MassCost,multi,+time,fixed 100h,5 expl,5,700002,20.0,3193.385851697634,3193.385851697634,-393.5044104409876,-393.5044104409876,3586.8902621386214,24.439074666896747,95.29890408944148,False,99717.47957549726,False,0,0.0,
MassCost MP +time,MassCost,multi,+time,fixed 100h,5 expl,5,700003,20.0,3923.4237554905862,3923.4237554905862,589.9315999933965,589.9315999933965,3333.4921554971897,29.077423434771617,77.36218064425354,False,112388.78813470094,False,0,0.0217391304347826,
MassCost MP +time,MassCost,multi,+time,fixed 100h,5 expl,5,700004,20.0,3408.8038682824017,3408.8038682824017,387.91871577003485,387.91871577003485,3020.885152512367,25.990230528104895,80.0870607952952,False,105908.7128351307,False,0,0.0243478260869565,
MassCost MP +time,MassCost,multi,+time,fixed 100h,5 expl,5,700005,20.0,3718.6945267552505,3718.6945267552505,-159.65351473969667,-159.65351473969667,3878.348041494947,27.933382943185197,87.72714552365669,False,105676.5128019428,False,0,0.0,
MassCost MP +time,MassCost,multi,+time,fixed 100h,5 expl,5,700006,20.0,4490.467836537209,4490.467836537209,766.6232889412886,766.6232889412886,3723.8445475959206,33.339635901586504,83.88940772598048,False,109274.11269835172,False,0,0.0,
MassCost MP +time,MassCost,multi,+time,fixed 100h,5 expl,5,700007,20.0,3665.741513996059,3665.741513996059,542.6221972409253,542.6221972409253,3123.1193167551337,27.47582640603907,81.1151319415974,False,108156.5651197211,False,0,0.0,
MassCost MP +time,MassCost,multi,+time,fixed 100h,5 expl,5,700008,20.0,3629.5627471473,3629.5627471473,522.361597463273,522.361597463273,3107.201149684027,26.707366317620792,76.17440116521121,False,110977.73502953348,False,0,0.0243478260869565,
MassCost MP +time,MassCost,multi,+time,fixed 100h,5 expl,5,700009,20.0,3819.4568577219775,3819.4568577219775,628.8385201059773,628.8385201059773,3190.618337616,27.81176902137726,77.64303964950155,False,113344.42122285598,False,0,0.0113043478260869,
MassCost MP +time,MassCost,multi,+time,fixed 100h,5 expl,5,700000,40.0,3401.329217409298,3401.329217409298,384.1476053032102,384.1476053032102,3017.181612106088,27.557380171902512,77.53200483507905,False,102448.60362800112,False,0,0.0121739130434782,
MassCost MP +time,MassCost,multi,+time,fixed 100h,5 expl,5,700001,40.0,3779.506952403681,3779.506952403681,562.167931363907,562.167931363907,3217.3390210397743,29.69585759983233,73.25724673560643,False,108827.65327008702,False,0,0.02,
MassCost MP +time,MassCost,multi,+time,fixed 100h,5 expl,5,700002,40.0,2997.7964811128604,2997.7964811128604,-347.2471699408625,-347.2471699408625,3345.043651053723,23.721259173733714,92.57564744764308,False,97497.00546312412,False,0,0.0,
MassCost MP +time,MassCost,multi,+time,fixed 100h,5 expl,5,700003,40.0,3470.249005557107,3470.249005557107,330.99907532055795,330.99907532055795,3139.249930236549,27.339354529379168,77.3684469067075,False,106645.2444903319,False,0,0.0217391304347826,
MassCost MP +time,MassCost,multi,+time,fixed 100h,5 expl,5,700004,40.0,3064.5465745420624,3064.5465745420624,267.1909839689574,267.1909839689574,2797.355590573105,24.701803200354338,75.66570103281853,False,100244.8321801053,False,0,0.0243478260869565,
MassCost MP +time,MassCost,multi,+time,fixed 100h,5 expl,5,700005,40.0,3186.325528055863,3186.325528055863,-425.8861727257554,-425.8861727257554,3612.211700781618,24.621536501408183,87.77644455469444,False,102033.2616486078,False,0,0.0,
MassCost MP +time,MassCost,multi,+time,fixed 100h,5 expl,5,700006,40.0,3871.119251682901,3871.119251682901,418.20016699116604,418.20016699116604,3452.919084691735,29.54133291004397,80.86181194852622,False,105763.53668250618,False,0,0.0,
MassCost MP +time,MassCost,multi,+time,fixed 100h,5 expl,5,700007,40.0,3421.677518779147,3421.677518779147,509.4435287410138,509.4435287410138,2912.233990038133,26.68255297027186,76.27764830177264,False,104602.9708317472,False,0,0.0,
MassCost MP +time,MassCost,multi,+time,fixed 100h,5 expl,5,700008,40.0,3205.0203909101056,3205.0203909101056,279.6578254286874,279.6578254286874,2925.362565481418,25.06874622656187,72.25061187703479,False,104203.42987280631,False,0,0.0243478260869565,
MassCost MP +time,MassCost,multi,+time,fixed 100h,5 expl,5,700009,40.0,3397.2714681876805,3397.2714681876805,404.3979658666858,404.3979658666858,2992.8735023209947,26.134887875360327,75.43050105143388,False,107770.262133104,False,0,0.0113043478260869,
MassCost MP +time,MassCost,multi,+time,fixed 100h,5 expl,5,700000,60.0,3015.1636800951483,3015.1636800951483,218.73354960496545,218.73354960496545,2796.430130490183,25.8583350798555,74.46933760892573,False,95931.43901918786,False,0,0.0121739130434782,
MassCost MP +time,MassCost,multi,+time,fixed 100h,5 expl,5,700001,60.0,3373.7362945578298,3373.7362945578298,338.74590503521813,338.74590503521813,3034.9903895226116,27.731822402964625,71.25619467726199,False,103488.74840088212,False,0,0.02,
MassCost MP +time,MassCost,multi,+time,fixed 100h,5 expl,5,700002,60.0,2739.8716430075588,2739.8716430075588,-332.5079787011314,-332.5079787011314,3072.37962170869,21.741012175941464,91.25390739696444,False,96135.7304510839,False,0,0.0,
MassCost MP +time,MassCost,multi,+time,fixed 100h,5 expl,5,700003,60.0,2846.1334523045607,2846.1334523045607,-32.83813662233979,-32.83813662233979,2878.9715889269005,24.28230856979256,73.7915353290484,False,96935.74759892622,False,0,0.0217391304347826,
MassCost MP +time,MassCost,multi,+time,fixed 100h,5 expl,5,700004,60.0,2768.006325998993,2768.006325998993,192.06127268478758,192.06127268478758,2575.9450533142053,23.376298730909244,69.21001545133757,False,95974.77518385892,False,0,0.0243478260869565,
MassCost MP +time,MassCost,multi,+time,fixed 100h,5 expl,5,700005,60.0,2878.410536351772,2878.410536351772,-456.0177228336793,-456.0177228336793,3334.428259185451,22.226320759088367,85.11770311896575,False,99718.45262055384,False,0,0.0,
MassCost MP +time,MassCost,multi,+time,fixed 100h,5 expl,5,700006,60.0,3800.342245591896,3800.342245591896,612.1571303507817,612.1571303507817,3188.185115241114,30.491740967310715,77.15727111816157,False,102420.14434521728,False,0,0.0,
MassCost MP +time,MassCost,multi,+time,fixed 100h,5 expl,5,700007,60.0,2984.43257858818,2984.43257858818,286.44346366057107,286.44346366057107,2697.989114927609,24.635724097224426,73.07517699174646,False,97737.62350675244,False,0,0.0,
MassCost MP +time,MassCost,multi,+time,fixed 100h,5 expl,5,700008,60.0,2873.4171388541163,2873.4171388541163,154.94205684616009,154.94205684616009,2718.475082007956,23.667654369273347,69.60666436631588,False,98754.54494739509,False,0,0.0243478260869565,
MassCost MP +time,MassCost,multi,+time,fixed 100h,5 expl,5,700009,60.0,3041.1094932163887,3041.1094932163887,258.8544969496588,258.8544969496588,2782.25499626673,24.624368933419596,73.24306331562858,False,101484.01289482262,False,0,0.0113043478260869,
MassCost MP +time,MassCost,multi,+time,fixed 100h,5 expl,5,700000,80.0,2664.6312405464196,2664.6312405464196,147.4210704886941,147.4210704886941,2517.2101700577255,23.814361375067683,70.31270398052405,False,91300.09601502666,False,0,0.0121739130434782,
MassCost MP +time,MassCost,multi,+time,fixed 100h,5 expl,5,700001,80.0,2899.8132327792755,2899.8132327792755,162.86743534413563,162.86743534413563,2736.94579743514,24.88150482576838,67.53532836219074,False,97959.14513096985,False,0,0.02,
MassCost MP +time,MassCost,multi,+time,fixed 100h,5 expl,5,700002,80.0,2782.5167215362603,2782.5167215362603,31.03976304432581,31.03976304432581,2751.4769584919345,23.363636510226428,81.13246827908426,False,93418.38536518272,False,0,0.0,
MassCost MP +time,MassCost,multi,+time,fixed 100h,5 expl,5,700003,80.0,2669.72331710883,2669.72331710883,53.576006547009,53.576006547009,2616.147310561821,23.3565501546956,70.04322994613842,False,94181.89268641944,False,0,0.0217391304347826,
MassCost MP +time,MassCost,multi,+time,fixed 100h,5 expl,5,700004,80.0,2544.700276583032,2544.700276583032,225.81039300905923,225.81039300905923,2318.889883573973,22.2623559841581,65.37134000579543,False,93209.78866372949,False,0,0.0243478260869565,
MassCost MP +time,MassCost,multi,+time,fixed 100h,5 expl,5,700005,80.0,3303.491384705926,3303.491384705926,321.36576378683503,321.36576378683503,2982.125620919091,28.988007875041333,77.56515298371572,False,95405.56184040214,False,0,0.0,
MassCost MP +time,MassCost,multi,+time,fixed 100h,5 expl,5,700006,80.0,3137.510667727304,3137.510667727304,275.9255760854189,275.9255760854189,2861.585091641885,27.019607967805353,72.80074595200882,False,92848.57056887617,False,0,0.0,
MassCost MP +time,MassCost,multi,+time,fixed 100h,5 expl,5,700007,80.0,2655.541486963408,2655.541486963408,201.3009224792795,201.3009224792795,2454.2405644841283,22.932370069800943,68.65010802837803,False,93059.895695135,False,0,0.0,
MassCost MP +time,MassCost,multi,+time,fixed 100h,5 expl,5,700008,80.0,2663.690491326546,2663.690491326546,196.41823437350513,196.41823437350513,2467.272256953041,22.79292509582611,65.71863880451346,False,95072.714316232,False,0,0.0243478260869565,
MassCost MP +time,MassCost,multi,+time,fixed 100h,5 expl,5,700009,80.0,2692.433048219882,2692.433048219882,197.29528873252093,197.29528873252093,2495.137759487361,22.896404234251765,68.41900634575455,False,96032.77807722232,False,0,0.0113043478260869,
MassCost MP -time,MassCost,multi,-time,fixed 100h,5 expl,5,700000,0.0,4033.873788919039,4033.873788919039,566.5448866542142,566.5448866542142,3467.3289022648246,29.51447145249719,92.12802158879896,False,113881.47294073392,False,0,0.0113043478260869,
MassCost MP -time,MassCost,multi,-time,fixed 100h,5 expl,5,700001,0.0,4410.826744106262,4410.826744106262,836.9275334194108,836.9275334194108,3573.899210686851,31.53578729612059,79.62227372633005,False,116984.9761450016,False,0,0.0191304347826086,
MassCost MP -time,MassCost,multi,-time,fixed 100h,5 expl,5,700002,0.0,1206.15420081772,0.0,-2490.464022468832,-3696.618223286552,3696.618223286552,7.462141500196883,166.38037032078003,True,103165.44218027976,False,1,0.0,
MassCost MP -time,MassCost,multi,-time,fixed 100h,5 expl,5,700003,0.0,4348.809347995607,4348.809347995607,822.2207478461851,822.2207478461851,3526.588600149422,30.63994605760949,83.63340079751157,False,117773.90985727958,False,0,0.02,
MassCost MP -time,MassCost,multi,-time,fixed 100h,5 expl,5,700004,0.0,3714.33898593547,3714.33898593547,499.83237917817223,499.83237917817223,3214.506606757298,26.62506177358888,90.38874959226514,False,115536.66169138276,False,0,0.0234782608695652,
MassCost MP -time,MassCost,multi,-time,fixed 100h,5 expl,5,700005,0.0,1612.3941953916717,0.0,-2509.6006753478277,-4121.9948707395,4121.9948707395,9.915518044913464,153.87253892361932,True,106002.46398161956,False,1,0.0,
MassCost MP -time,MassCost,multi,-time,fixed 100h,5 expl,5,700006,0.0,4274.018932436525,4274.018932436525,288.2607236974359,288.2607236974359,3985.758208739089,31.157617062600306,97.28546081347076,False,112593.66684209426,False,0,0.0,
MassCost MP -time,MassCost,multi,-time,fixed 100h,5 expl,5,700007,0.0,3874.788510929511,3874.788510929511,519.589204087727,519.589204087727,3355.199306841784,27.807824841750143,91.1852749632184,False,114511.59456966384,False,0,0.0,
MassCost MP -time,MassCost,multi,-time,fixed 100h,5 expl,5,700008,0.0,4045.891283946902,4045.891283946902,742.0632885729829,742.0632885729829,3303.8279953739193,28.002981147193974,81.90209424905031,False,118133.30842617284,False,0,0.0234782608695652,
MassCost MP -time,MassCost,multi,-time,fixed 100h,5 expl,5,700009,0.0,4159.803956872466,4159.803956872466,771.01365345372,771.01365345372,3388.790303418746,28.76044448336624,83.40615038579342,False,118980.3067707131,False,0,0.0095652173913043,
MassCost MP -time,MassCost,multi,-time,fixed 100h,5 expl,5,700000,20.0,3905.755489159777,3905.755489159777,657.4450479673492,657.4450479673492,3248.310441192428,29.556619924004437,83.56748125286312,False,110280.05625675802,False,0,0.0113043478260869,
MassCost MP -time,MassCost,multi,-time,fixed 100h,5 expl,5,700001,20.0,4163.716978534079,4163.716978534079,762.8626853569658,762.8626853569658,3400.8542931771135,31.22815328445572,75.71114791966984,False,113161.13107632945,False,0,0.0191304347826086,
MassCost MP -time,MassCost,multi,-time,fixed 100h,5 expl,5,700002,20.0,2532.908706515552,0.0,-1053.9815556230697,-3586.8902621386214,3586.8902621386214,18.68854156039767,109.9486677516686,True,103249.17107721024,False,1,0.0,
MassCost MP -time,MassCost,multi,-time,fixed 100h,5 expl,5,700003,20.0,3492.7874137273016,3492.7874137273016,159.2952582301118,159.2952582301118,3333.4921554971897,25.08733316086868,78.72577781800649,False,112829.69068270038,False,0,0.0208695652173913,
MassCost MP -time,MassCost,multi,-time,fixed 100h,5 expl,5,700004,20.0,3622.183593817536,3622.183593817536,601.298441305169,601.298441305169,3020.885152512367,26.886715507347663,81.71463175642417,False,111228.9586672016,False,0,0.0243478260869565,
MassCost MP -time,MassCost,multi,-time,fixed 100h,5 expl,5,700005,20.0,2782.518691318958,0.0,-1095.829350175989,-3878.348041494947,3878.348041494947,20.154813822357536,102.07267938753404,True,105886.94805096212,False,1,0.0,
MassCost MP -time,MassCost,multi,-time,fixed 100h,5 expl,5,700006,20.0,3658.888064958264,3658.888064958264,-64.95648263765679,-64.95648263765679,3723.8445475959206,26.739485036007174,87.67240507851794,False,108667.95154226516,False,0,0.0,
MassCost MP -time,MassCost,multi,-time,fixed 100h,5 expl,5,700007,20.0,3795.1301734575654,3795.1301734575654,672.0108567024317,672.0108567024317,3123.1193167551337,27.98802820578028,81.82979469038825,False,111015.4387057008,False,0,0.0,
MassCost MP -time,MassCost,multi,-time,fixed 100h,5 expl,5,700008,20.0,3725.746863292448,3725.746863292448,618.545713608421,618.545713608421,3107.201149684027,27.116291078908695,77.38363893286817,False,113862.16420762516,False,0,0.0243478260869565,
MassCost MP -time,MassCost,multi,-time,fixed 100h,5 expl,5,700009,20.0,3842.584953500485,3842.584953500485,651.9666158844848,651.9666158844848,3190.618337616,27.876392248236,78.61028531515694,False,114656.15817599888,False,0,0.0104347826086956,
MassCost MP -time,MassCost,multi,-time,fixed 100h,5 expl,5,700000,40.0,3686.8921517799886,3686.8921517799886,669.7105396739007,669.7105396739007,3017.181612106088,28.73289398944067,80.63391680220215,False,107538.4315250013,False,0,0.0113043478260869,
MassCost MP -time,MassCost,multi,-time,fixed 100h,5 expl,5,700001,40.0,3533.535481292979,3533.535481292979,316.1964602532048,316.1964602532048,3217.3390210397743,26.60093492214483,75.04876339404285,False,110796.10439505792,False,0,0.0191304347826086,
MassCost MP -time,MassCost,multi,-time,fixed 100h,5 expl,5,700002,40.0,2544.7638977679608,0.0,-800.2797532857621,-3345.043651053723,3345.043651053723,18.963485943544033,107.86373202530513,True,101787.74462047896,False,1,0.0,
MassCost MP -time,MassCost,multi,-time,fixed 100h,5 expl,5,700003,40.0,2833.0154370679375,2833.0154370679375,-306.2344931686116,-306.2344931686116,3139.249930236549,20.428047087656697,79.94813752049993,False,108123.39428900316,False,0,0.0208695652173913,
MassCost MP -time,MassCost,multi,-time,fixed 100h,5 expl,5,700004,40.0,3442.7251608690726,3442.7251608690726,645.3695702959676,645.3695702959676,2797.355590573105,26.3902162613824,77.31584640564837,False,108103.8137429932,False,0,0.0243478260869565,
MassCost MP -time,MassCost,multi,-time,fixed 100h,5 expl,5,700005,40.0,2759.191260878176,2759.191260878176,-853.0204399034424,-853.0204399034424,3612.211700781618,20.18842197726646,94.07970528639017,False,103692.32761667736,False,0,0.0,
MassCost MP -time,MassCost,multi,-time,fixed 100h,5 expl,5,700006,40.0,3736.9750561079536,3736.9750561079536,284.05597141621865,284.05597141621865,3452.919084691735,27.69463946108519,81.68472761880024,False,106616.9989385918,False,0,0.0,
MassCost MP -time,MassCost,multi,-time,fixed 100h,5 expl,5,700007,40.0,3609.656220820291,3609.656220820291,697.4222307821578,697.4222307821578,2912.233990038133,27.44384438495762,77.9878611713078,False,108079.72188701124,False,0,0.0,
MassCost MP -time,MassCost,multi,-time,fixed 100h,5 expl,5,700008,40.0,3553.055694886585,3553.055694886585,627.6931294051669,627.6931294051669,2925.362565481418,26.68349217520769,74.1467633672742,False,110679.84065198353,False,0,0.0243478260869565,
MassCost MP -time,MassCost,multi,-time,fixed 100h,5 expl,5,700009,40.0,3628.032931874372,3628.032931874372,635.1594295533773,635.1594295533773,2992.8735023209947,27.151489367377252,77.23980075999503,False,111735.69526333516,False,0,0.0104347826086956,
MassCost MP -time,MassCost,multi,-time,fixed 100h,5 expl,5,700000,60.0,3440.9243227528905,3440.9243227528905,644.4941922627077,644.4941922627077,2796.430130490183,27.925980879601735,78.33413565971163,False,103703.87079995958,False,0,0.0113043478260869,
MassCost MP -time,MassCost,multi,-time,fixed 100h,5 expl,5,700001,60.0,3214.955099650425,3214.955099650425,179.9647101278133,179.9647101278133,3034.9903895226116,24.81282147002951,73.609140044534,False,107866.27305834134,False,0,0.0191304347826086,
MassCost MP -time,MassCost,multi,-time,fixed 100h,5 expl,5,700002,60.0,2176.8567415319267,0.0,-895.5228801767635,-3072.37962170869,3072.37962170869,15.618496399329045,109.56404274343298,True,97847.58031232069,False,1,0.0,
MassCost MP -time,MassCost,multi,-time,fixed 100h,5 expl,5,700003,60.0,2482.0536497377557,2482.0536497377557,-396.9179391891448,-396.9179391891448,2878.9715889269005,18.52300069344056,80.30132996303986,False,104051.02577712457,False,0,0.0208695652173913,
MassCost MP -time,MassCost,multi,-time,fixed 100h,5 expl,5,700004,60.0,3152.166223231282,3152.166223231282,576.2211699170766,576.2211699170766,2575.9450533142053,25.11900964173605,73.2102121969275,False,104416.01309079638,False,0,0.0243478260869565,
MassCost MP -time,MassCost,multi,-time,fixed 100h,5 expl,5,700005,60.0,2875.138751811687,2875.138751811687,-459.2895073737641,-459.2895073737641,3334.428259185451,21.59222218664696,88.05632435795232,False,101365.82652012086,False,0,0.0,
MassCost MP -time,MassCost,multi,-time,fixed 100h,5 expl,5,700006,60.0,3917.137034784087,3917.137034784087,728.951919542973,728.951919542973,3188.185115241114,31.001452028663152,78.71469629082176,False,103558.48070853086,False,0,0.0,
MassCost MP -time,MassCost,multi,-time,fixed 100h,5 expl,5,700007,60.0,3309.492095643863,3309.492095643863,611.5029807162541,611.5029807162541,2697.989114927609,26.216826802820325,75.71269995626875,False,104148.61295980652,False,0,0.0,
MassCost MP -time,MassCost,multi,-time,fixed 100h,5 expl,5,700008,60.0,3310.701941059944,3310.701941059944,592.226859051988,592.226859051988,2718.475082007956,25.813497523246323,72.78135723570865,False,106875.20801668594,False,0,0.0243478260869565,
MassCost MP -time,MassCost,multi,-time,fixed 100h,5 expl,5,700009,60.0,3403.380699752545,3403.380699752545,621.1257034858149,621.1257034858149,2782.25499626673,26.37592053790239,75.43709914768729,False,107980.72608696696,False,0,0.0104347826086956,
MassCost MP -time,MassCost,multi,-time,fixed 100h,5 expl,5,700000,80.0,2930.0114902618934,2930.0114902618934,412.80132020416795,412.80132020416795,2517.2101700577255,24.942602751460154,75.37591175539696,False,98234.60505806706,False,0,0.0113043478260869,
MassCost MP -time,MassCost,multi,-time,fixed 100h,5 expl,5,700001,80.0,2859.179044826848,2859.179044826848,122.23324739170812,122.23324739170812,2736.94579743514,22.961718149103007,73.25384065993057,False,104236.6287882522,False,0,0.0191304347826086,
MassCost MP -time,MassCost,multi,-time,fixed 100h,5 expl,5,700002,80.0,2570.0985746379392,2570.0985746379392,-181.37838385399527,-181.37838385399527,2751.4769584919345,20.485073463811784,86.69243445670574,False,95233.1831498406,False,0,0.0,
MassCost MP -time,MassCost,multi,-time,fixed 100h,5 expl,5,700003,80.0,2605.0697654351516,2605.0697654351516,-11.07754512666952,-11.07754512666952,2616.147310561821,20.925009458463354,76.5081469577577,False,101742.7378753862,False,0,0.0208695652173913,
MassCost MP -time,MassCost,multi,-time,fixed 100h,5 expl,5,700004,80.0,2713.406971154533,2713.406971154533,394.5170875805602,394.5170875805602,2318.889883573973,22.717738195240734,70.06962903599766,False,99025.56314536244,False,0,0.0243478260869565,
MassCost MP -time,MassCost,multi,-time,fixed 100h,5 expl,5,700005,80.0,2615.2723273008833,2615.2723273008833,-366.8532936182078,-366.8532936182078,2982.125620919091,20.80153914170314,86.0514167123871,False,96555.86609912908,False,0,0.0,
MassCost MP -time,MassCost,multi,-time,fixed 100h,5 expl,5,700006,80.0,3337.6448523875624,3337.6448523875624,476.0597607456775,476.0597607456775,2861.585091641885,27.966632035308606,75.8308198670971,False,96916.75132794912,False,0,0.0,
MassCost MP -time,MassCost,multi,-time,fixed 100h,5 expl,5,700007,80.0,2870.1334885559386,2870.1334885559386,415.8929240718103,415.8929240718103,2454.2405644841283,23.895698239494973,72.50315413865987,False,98476.39122134476,False,0,0.0,
MassCost MP -time,MassCost,multi,-time,fixed 100h,5 expl,5,700008,80.0,2850.976766970562,2850.976766970562,383.704510017521,383.704510017521,2467.272256953041,23.473507073368772,69.61524130709992,False,100263.04691798217,False,0,0.0243478260869565,
MassCost MP -time,MassCost,multi,-time,fixed 100h,5 expl,5,700009,80.0,2952.1061215559876,2952.1061215559876,456.96836206862645,456.96836206862645,2495.137759487361,24.08879643965759,71.87196823039883,False,102080.95127271062,False,0,0.0104347826086956,
SP +time,ConcCost,single,+time,-,5 expl,6,700000,0.0,3979.291110141351,3979.291110141351,511.96220787652646,511.96220787652646,3467.3289022648246,29.62613382854325,85.23356508482854,False,109612.05107898494,False,0,0.0113043478260869,70.0
SP -time,ConcCost,single,-time,-,5 expl,6,700000,0.0,3658.466496831374,3658.466496831374,191.13759456654952,191.13759456654952,3467.3289022648246,28.114083732688727,82.84061676317714,False,103910.18363747749,False,0,0.0113043478260869,60.0
SP +time,ConcCost,single,+time,-,5 expl,6,700001,0.0,4192.155696378916,4192.155696378916,618.2564856920653,618.2564856920653,3573.899210686851,30.783446006175403,77.57979416749765,False,113099.1638787009,False,0,0.0191304347826086,75.0
SP -time,ConcCost,single,-time,-,5 expl,6,700001,0.0,3829.7174523398703,3829.7174523398703,255.8182416530194,255.8182416530194,3573.899210686851,28.851611969869555,74.00386843343213,False,108572.61383689137,False,0,0.0191304347826086,65.0
SP +time,ConcCost,single,+time,-,5 expl,6,700002,0.0,2990.711983594321,0.0,-705.9062396922313,-3696.618223286552,3696.618223286552,21.967285480335946,107.19077495143392,True,103323.81107019038,False,1,0.0,70.0
SP -time,ConcCost,single,-time,-,5 expl,6,700002,0.0,3657.1196537146425,3657.1196537146425,-39.498569571909684,-39.498569571909684,3696.618223286552,29.641191220245656,90.992131931842,False,98655.94641854572,False,0,0.0,55.0
SP +time,ConcCost,single,+time,-,5 expl,6,700003,0.0,4129.381518318187,4129.381518318187,602.792918168765,602.792918168765,3526.588600149422,29.855341163329573,82.40297967887105,False,114131.93118012432,False,0,0.0208695652173913,75.0
SP -time,ConcCost,single,-time,-,5 expl,6,700003,0.0,3771.231805280131,3771.231805280131,244.64320513070925,244.64320513070925,3526.588600149422,28.220951069905244,77.52483373612634,False,108041.03292238907,False,0,0.0208695652173913,70.0
SP +time,ConcCost,single,+time,-,5 expl,6,700004,0.0,3703.116219448044,3703.116219448044,488.60961269074596,488.60961269074596,3214.506606757298,26.98938006438034,83.46338460178619,False,111008.53809295512,False,0,0.0234782608695652,70.0
SP -time,ConcCost,single,-time,-,5 expl,6,700004,0.0,3365.1109490199883,3365.1109490199883,150.60434226269035,150.60434226269035,3214.506606757298,25.35636243053168,81.21339247746701,False,105291.90959973993,False,0,0.0234782608695652,60.0
SP +time,ConcCost,single,+time,-,5 expl,6,700005,0.0,3777.327569266827,3777.327569266827,-344.66730147267253,-344.66730147267253,4121.9948707395,27.8037855714629,93.6978905609342,False,107769.4942366467,False,0,0.0,70.0
SP -time,ConcCost,single,-time,-,5 expl,6,700005,0.0,4460.540632289098,4460.540632289098,338.54576154959796,338.54576154959796,4121.9948707395,34.71110914424351,86.92500272458169,False,103185.87572505591,False,0,0.0,60.0
SP +time,ConcCost,single,+time,-,5 expl,6,700006,0.0,4517.196179162921,4517.196179162921,531.4379704238322,531.4379704238322,3985.758208739089,33.095787516822426,87.476465246655,False,109330.7057694712,False,0,0.0,70.0
SP -time,ConcCost,single,-time,-,5 expl,6,700006,0.0,4193.819569548372,4193.819569548372,208.0613608092831,208.0613608092831,3985.758208739089,31.68498252627495,86.60997633099797,False,104666.01073007131,False,0,0.0,55.0
SP +time,ConcCost,single,+time,-,5 expl,6,700007,0.0,3832.197667523363,3832.197667523363,476.998360681579,476.998360681579,3355.199306841784,27.936035456133347,84.00215755567137,False,110269.18557664922,False,0,0.0,70.0
SP -time,ConcCost,single,-time,-,5 expl,6,700007,0.0,3442.9797540349327,3442.9797540349327,87.78044719314858,87.78044719314858,3355.199306841784,26.15174725802539,82.58371582423563,False,104212.62882422926,False,0,0.0,55.0
SP +time,ConcCost,single,+time,-,5 expl,6,700008,0.0,3839.912541527755,3839.912541527755,536.0845461538356,536.0845461538356,3303.8279953739193,27.310792181570836,80.43577070291992,False,114256.382968607,False,0,0.0234782608695652,80.0
SP -time,ConcCost,single,-time,-,5 expl,6,700008,0.0,3513.518437677333,3513.518437677333,209.69044230341387,209.69044230341387,3303.8279953739193,25.822579920051407,75.92772507925297,False,108395.30841838937,False,0,0.0234782608695652,70.0
SP +time,ConcCost,single,+time,-,5 expl,6,700009,0.0,3937.8264737261825,3937.8264737261825,549.0361703074364,549.0361703074364,3388.790303418746,28.02301523503598,81.89796348767369,False,114945.01112948166,False,0,0.0104347826086956,75.0
SP -time,ConcCost,single,-time,-,5 expl,6,700009,0.0,3609.888738575093,3609.888738575093,221.09843515634702,221.09843515634702,3388.790303418746,26.534418864147273,77.42593147773152,False,109141.87173754892,False,0,0.0104347826086956,70.0
SP +time,ConcCost,single,+time,-,5 expl,6,700000,20.0,3783.3751203539177,3783.3751203539177,535.06467916149,535.06467916149,3248.310441192428,29.039525295728353,83.1971411929365,False,108111.1656586169,False,0,0.0121739130434782,80.0
SP -time,ConcCost,single,-time,-,5 expl,6,700000,20.0,3409.4807946545375,3409.4807946545375,161.1703534621097,161.1703534621097,3248.310441192428,27.353347825848385,77.94687418911478,False,100386.5471542732,False,0,0.0121739130434782,75.0
SP +time,ConcCost,single,+time,-,5 expl,6,700001,20.0,4044.117662562744,4044.117662562744,643.2633693856305,643.2633693856305,3400.8542931771135,30.62820633274003,75.88585298360543,False,111353.07194511883,False,0,0.0191304347826086,85.0
SP -time,ConcCost,single,-time,-,5 expl,6,700001,20.0,3630.7963833727736,3630.7963833727736,229.94209019566006,229.94209019566006,3400.8542931771135,28.50781011776844,70.49307781614692,False,105286.21370250393,False,0,0.0191304347826086,85.0
SP +time,ConcCost,single,+time,-,5 expl,6,700002,20.0,2951.382476421242,0.0,-635.5077857173796,-3586.8902621386214,3586.8902621386214,23.06265786012315,106.35039571687078,True,102328.18696973709,False,1,0.0,80.0
SP -time,ConcCost,single,-time,-,5 expl,6,700002,20.0,3714.696449856534,3714.696449856534,127.80618771791251,127.80618771791251,3586.8902621386214,30.6901642377192,84.23856040335924,False,94915.32854873769,False,0,0.0,75.0
SP +time,ConcCost,single,+time,-,5 expl,6,700003,20.0,3482.5055497040285,3482.5055497040285,149.0133942068387,149.0133942068387,3333.4921554971897,25.31658657423477,78.84967769947866,False,111733.66708093492,False,0,0.0208695652173913,85.0
SP -time,ConcCost,single,-time,-,5 expl,6,700003,20.0,3596.806653673458,3596.806653673458,263.31449817626844,263.31449817626844,3333.4921554971897,28.03395087864042,73.60931710788114,False,104576.24740590538,False,0,0.0208695652173913,85.0
SP +time,ConcCost,single,+time,-,5 expl,6,700004,20.0,3524.6084595062302,3524.6084595062302,503.7233069938634,503.7233069938634,3020.885152512367,26.498344496593695,81.48371364810903,False,109183.075195173,False,0,0.0243478260869565,80.0
SP -time,ConcCost,single,-time,-,5 expl,6,700004,20.0,3134.1293456231588,3134.1293456231588,113.24419311079191,113.24419311079191,3020.885152512367,24.614088178738076,75.738658345086,False,101760.3996927996,False,0,0.0243478260869565,75.0
SP +time,ConcCost,single,+time,-,5 expl,6,700005,20.0,2871.665094829671,2871.665094829671,-1006.6829466652762,-1006.6829466652762,3878.348041494947,21.027973565872383,97.18596544564916,False,104520.84031320206,False,0,0.0,80.0
SP -time,ConcCost,single,-time,-,5 expl,6,700005,20.0,4172.090193616881,4172.090193616881,293.74215212193394,293.74215212193394,3878.348041494947,34.02982435666183,81.46277450836108,False,99254.5076828737,False,0,0.0,80.0
SP +time,ConcCost,single,+time,-,5 expl,6,700006,20.0,3816.553322333479,3816.553322333479,92.70877473755854,92.70877473755854,3723.8445475959206,28.50412187901276,86.51584456291583,False,107137.71732764693,False,0,0.0,80.0
SP -time,ConcCost,single,-time,-,5 expl,6,700006,20.0,4028.4783769553624,4028.4783769553624,304.63382935944173,304.63382935944173,3723.8445475959206,31.634790903723427,80.68635593544712,False,100889.95655802389,False,0,0.0,80.0
SP +time,ConcCost,single,+time,-,5 expl,6,700007,20.0,3680.995304803053,3680.995304803053,557.8759880479192,557.8759880479192,3123.1193167551337,27.479471038058794,81.9086294938369,False,108957.35332360944,False,0,0.0,80.0
SP -time,ConcCost,single,-time,-,5 expl,6,700007,20.0,3292.3998551060963,3292.3998551060963,169.28053835096262,169.28053835096262,3123.1193167551337,25.91776834945586,77.03991330444084,False,101064.32238366616,False,0,0.0,75.0
SP +time,ConcCost,single,+time,-,5 expl,6,700008,20.0,3640.93707522269,3640.93707522269,533.7359255386632,533.7359255386632,3107.201149684027,26.695526285817987,77.86580392729134,False,112359.15543391496,False,0,0.0243478260869565,85.0
SP -time,ConcCost,single,-time,-,5 expl,6,700008,20.0,3305.578938387083,3305.578938387083,198.377788703056,198.377788703056,3107.201149684027,25.370081032708583,72.27814293504366,False,104573.3551196875,False,0,0.0243478260869565,85.0
SP +time,ConcCost,single,+time,-,5 expl,6,700009,20.0,3754.580392125552,3754.580392125552,563.9620545095518,563.9620545095518,3190.618337616,27.439718868067423,79.1605354741909,False,113190.6331157837,False,0,0.0104347826086956,85.0
SP -time,ConcCost,single,-time,-,5 expl,6,700009,20.0,3411.699729518412,3411.699729518412,221.08139190241172,221.08139190241172,3190.618337616,26.169528405727796,73.64741087232882,False,105308.5840630303,False,0,0.0104347826086956,85.0
SP +time,ConcCost,single,+time,-,5 expl,6,700000,40.0,3613.103504791391,3613.103504791391,595.9218926853032,595.9218926853032,3017.181612106088,28.43226939973933,80.26274236020178,False,105922.14242942816,False,0,0.0121739130434782,90.0
SP -time,ConcCost,single,-time,-,5 expl,6,700000,40.0,3251.1790657412685,3251.1790657412685,233.9974536351806,233.9974536351806,3017.181612106088,26.977413401887492,73.89571778673537,False,98014.28405322925,False,0,0.0121739130434782,90.0
SP +time,ConcCost,single,+time,-,5 expl,6,700001,40.0,3519.751930384402,3519.751930384402,302.4129093446277,302.4129093446277,3217.3390210397743,26.724346523483774,74.74113068781014,False,109648.04412243524,False,0,0.0191304347826086,95.0
SP -time,ConcCost,single,-time,-,5 expl,6,700001,40.0,3526.2220377111566,3526.2220377111566,308.8830166713824,308.8830166713824,3217.3390210397743,28.598819164772618,66.53086597663871,False,102902.7448190914,False,0,0.0191304347826086,100.0
SP +time,ConcCost,single,+time,-,5 expl,6,700002,40.0,2712.445693831281,0.0,-632.5979572224419,-3345.043651053723,3345.043651053723,20.7573788027172,106.11142649984797,True,100711.16797761669,False,1,0.0,90.0
SP -time,ConcCost,single,-time,-,5 expl,6,700002,40.0,3567.7653273987394,3567.7653273987394,222.72167634501648,222.72167634501648,3345.043651053723,30.00130753414743,83.93941367780882,False,93999.0951814233,False,0,0.0,90.0
SP +time,ConcCost,single,+time,-,5 expl,6,700003,40.0,3202.1084055913298,3202.1084055913298,62.858475354780694,62.858475354780694,3139.249930236549,23.963647943425755,79.63486067969951,False,108830.51803825362,False,0,0.0208695652173913,95.0
SP -time,ConcCost,single,-time,-,5 expl,6,700003,40.0,3426.182787751565,3426.182787751565,286.9328575150157,286.9328575150157,3139.249930236549,27.64224032614997,71.09788817027274,False,101739.4961786795,False,0,0.0208695652173913,100.0
SP +time,ConcCost,single,+time,-,5 expl,6,700004,40.0,3374.7702704505136,3374.7702704505136,577.4146798774086,577.4146798774086,2797.355590573105,26.086351999893665,77.00990241212176,False,106500.5124713783,False,0,0.0243478260869565,90.0
SP -time,ConcCost,single,-time,-,5 expl,6,700004,40.0,2997.312686691949,2997.312686691949,199.95709611884376,199.95709611884376,2797.355590573105,24.30593853457209,71.9194595854665,False,99353.97912072166,False,0,0.0243478260869565,90.0
SP +time,ConcCost,single,+time,-,5 expl,6,700005,40.0,2745.022087454639,2745.022087454639,-867.1896133269793,-867.1896133269793,3612.211700781618,20.260197515398264,93.3591081363815,False,102418.97374754556,False,0,0.0,90.0
SP -time,ConcCost,single,-time,-,5 expl,6,700005,40.0,3943.152561775032,3943.152561775032,330.94086099341393,330.94086099341393,3612.211700781618,33.141736205904955,80.15440690776153,False,97136.05367906998,False,0,0.0,95.0
SP +time,ConcCost,single,+time,-,5 expl,6,700006,40.0,3900.868698066668,3900.868698066668,447.94961337493305,447.94961337493305,3452.919084691735,29.67361829565186,81.36430835718474,False,105302.07000954416,False,0,0.0,90.0
SP -time,ConcCost,single,-time,-,5 expl,6,700006,40.0,3834.228165922511,3834.228165922511,381.309081230776,381.309081230776,3452.919084691735,30.99354863623791,75.39710562427267,False,98595.5123061185,False,0,0.0,95.0
SP +time,ConcCost,single,+time,-,5 expl,6,700007,40.0,3530.7030377494457,3530.7030377494457,618.4690477113127,618.4690477113127,2912.233990038133,27.057450969222664,77.61607900197414,False,106411.02387919696,False,0,0.0,90.0
SP -time,ConcCost,single,-time,-,5 expl,6,700007,40.0,3190.4488449204223,3190.4488449204223,278.2148548822893,278.2148548822893,2912.233990038133,25.78480237821628,72.26250015785088,False,99075.23922568966,False,0,0.0,95.0
SP +time,ConcCost,single,+time,-,5 expl,6,700008,40.0,3473.6891665732464,3473.6891665732464,548.3266010918283,548.3266010918283,2925.362565481418,26.27574253568368,73.92053527318713,False,109094.98630924257,False,0,0.0243478260869565,95.0
SP -time,ConcCost,single,-time,-,5 expl,6,700008,40.0,3182.242763850508,3182.242763850508,256.8801983690896,256.8801983690896,2925.362565481418,25.225308775404304,68.6242350229604,False,101760.74073605162,False,0,0.0243478260869565,100.0
SP +time,ConcCost,single,+time,-,5 expl,6,700009,40.0,3543.6569920612387,3543.6569920612387,550.783489740244,550.783489740244,2992.8735023209947,26.720714148396524,77.01116545373932,False,110125.31036713692,False,0,0.0104347826086956,95.0
SP -time,ConcCost,single,-time,-,5 expl,6,700009,40.0,3261.37887949358,3261.37887949358,268.5053771725852,268.5053771725852,2992.8735023209947,25.84540954737773,70.07611493797681,False,102485.05573692282,False,0,0.0104347826086956,95.0
SP +time,ConcCost,single,+time,-,5 expl,6,700000,60.0,3377.6421542222715,3377.6421542222715,581.2120237320887,581.2120237320887,2796.430130490183,27.6034946989401,77.87071935495169,False,102387.18699766314,False,0,0.0121739130434782,100.0
SP -time,ConcCost,single,-time,-,5 expl,6,700000,60.0,3049.250069554371,3049.250069554371,252.81993906418802,252.81993906418802,2796.430130490183,26.18720583997637,71.40020972268597,False,95605.12526644827,False,0,0.0121739130434782,110.0
SP +time,ConcCost,single,+time,-,5 expl,6,700001,60.0,3281.399757724598,3281.399757724598,246.40936820198658,246.40936820198658,3034.9903895226116,25.7454259200097,73.25441159326213,False,106411.89095838016,False,0,0.0191304347826086,115.0
SP -time,ConcCost,single,-time,-,5 expl,6,700001,60.0,3341.19326748339,3341.19326748339,306.20287796077855,306.20287796077855,3034.9903895226116,28.008974746176712,66.39087929207457,False,100332.45311732896,False,0,0.0191304347826086,120.0
SP +time,ConcCost,single,+time,-,5 expl,6,700002,60.0,2204.8466255187536,0.0,-867.5329961899365,-3072.37962170869,3072.37962170869,16.038910273179532,108.7279712324994,True,96799.73810093707,False,1,0.0,95.0
SP -time,ConcCost,single,-time,-,5 expl,6,700002,60.0,3282.6599679430665,3282.6599679430665,210.28034623437634,210.28034623437634,3072.37962170869,28.244933015430636,82.25586196484315,False,92910.31830171484,False,0,0.0,100.0
SP +time,ConcCost,single,+time,-,5 expl,6,700003,60.0,2473.944766603988,2473.944766603988,-405.0268223229127,-405.0268223229127,2878.9715889269005,18.560631939192778,80.00701546264744,False,103287.16990378188,False,0,0.0208695652173913,110.0
SP -time,ConcCost,single,-time,-,5 expl,6,700003,60.0,3144.470650302867,3144.470650302867,265.49906137596645,265.49906137596645,2878.9715889269005,26.411373457324327,70.85247188963541,False,98481.83862542796,False,0,0.0208695652173913,115.0
SP +time,ConcCost,single,+time,-,5 expl,6,700004,60.0,3115.9122819569707,3115.9122819569707,539.9672286427653,539.9672286427653,2575.9450533142053,25.017798537491416,72.77820667343482,False,103101.43405898008,False,0,0.0243478260869565,100.0
SP -time,ConcCost,single,-time,-,5 expl,6,700004,60.0,2758.687387897163,2758.687387897163,182.74233458295748,182.74233458295748,2575.9450533142053,23.113841628676173,67.06165973003682,False,96738.41045815693,False,0,0.0243478260869565,115.0
SP +time,ConcCost,single,+time,-,5 expl,6,700005,60.0,2985.85164364115,2985.85164364115,-348.57661554430115,-348.57661554430115,3334.428259185451,22.810991959259404,85.92415281750793,False,100391.309126338,False,0,0.0,100.0
SP -time,ConcCost,single,-time,-,5 expl,6,700005,60.0,3631.3478165398938,3631.3478165398938,296.91955735444253,296.91955735444253,3334.428259185451,31.34766404382553,78.9594777158131,False,95586.00084734084,False,0,0.0,110.0
SP +time,ConcCost,single,+time,-,5 expl,6,700006,60.0,3850.624962554088,3850.624962554088,662.439847312974,662.439847312974,3188.185115241114,30.679223044511325,78.35013099727888,False,102282.34579841014,False,0,0.0,100.0
SP -time,ConcCost,single,-time,-,5 expl,6,700006,60.0,3551.198848467008,3551.198848467008,363.0137332258937,363.0137332258937,3188.185115241114,29.643128143124017,73.33770036122988,False,96319.90801983589,False,0,0.0,110.0
SP +time,ConcCost,single,+time,-,5 expl,6,700007,60.0,3259.0634730810452,3259.0634730810452,561.0743581534362,561.0743581534362,2697.989114927609,25.969605058961907,75.37691625951874,False,102929.3569376273,False,0,0.0,100.0
SP -time,ConcCost,single,-time,-,5 expl,6,700007,60.0,2955.687520880916,2955.687520880916,257.698405953307,257.698405953307,2697.989114927609,24.727215577341948,69.00112347468313,False,96678.4784086534,False,0,0.0,110.0
SP +time,ConcCost,single,+time,-,5 expl,6,700008,60.0,3235.9917920764497,3235.9917920764497,517.5167100684935,517.5167100684935,2718.475082007956,25.435085734134603,72.33039255916941,False,105271.46163571168,False,0,0.0243478260869565,110.0
SP -time,ConcCost,single,-time,-,5 expl,6,700008,60.0,2956.625197979989,2956.625197979989,238.15011597203284,238.15011597203284,2718.475082007956,24.33499750242201,65.42179462485907,False,98584.88785422665,False,0,0.0243478260869565,120.0
SP +time,ConcCost,single,+time,-,5 expl,6,700009,60.0,3321.0730009382187,3321.0730009382187,538.8180046714888,538.8180046714888,2782.25499626673,25.9194534605611,75.01140124357221,False,106426.28095824976,False,0,0.0104347826086956,110.0
SP -time,ConcCost,single,-time,-,5 expl,6,700009,60.0,3042.4720641311824,3042.4720641311824,260.2170678644525,260.2170678644525,2782.25499626673,24.92483083742056,68.55684083763202,False,99758.22544492398,False,0,0.0104347826086956,115.0
SP +time,ConcCost,single,+time,-,5 expl,6,700000,80.0,2960.0386405634235,2960.0386405634235,442.8284705056981,442.8284705056981,2517.2101700577255,25.26993101290539,75.20291688105236,False,98384.55211717516,False,0,0.0121739130434782,120.0
SP -time,ConcCost,single,-time,-,5 expl,6,700000,80.0,2682.0366950259827,2682.0366950259827,164.82652496825722,164.82652496825722,2517.2101700577255,24.085948535205087,68.42318973051542,False,91853.0821931672,False,0,0.0121739130434782,130.0
SP +time,ConcCost,single,+time,-,5 expl,6,700001,80.0,2869.0317768056525,2869.0317768056525,132.08597937051263,132.08597937051263,2736.94579743514,23.34845147472984,72.1854350688131,False,102931.14635161193,False,0,0.0191304347826086,125.0
SP -time,ConcCost,single,-time,-,5 expl,6,700001,80.0,2947.147933150679,2947.147933150679,210.20213571553904,210.20213571553904,2736.94579743514,25.910202529462723,64.06296622534514,False,96005.43424231974,False,0,0.0191304347826086,145.0
SP +time,ConcCost,single,+time,-,5 expl,6,700002,80.0,2836.4908215532914,2836.4908215532914,85.01386306135691,85.01386306135691,2751.4769584919345,23.392980321356458,85.7012198687072,False,95543.34730188096,False,0,0.0,110.0
SP -time,ConcCost,single,-time,-,5 expl,6,700002,80.0,2914.3573226451163,2914.3573226451163,162.88036415318174,162.88036415318174,2751.4769584919345,25.934347035644045,78.43300439200118,False,90433.7851329873,False,0,0.0,120.0
SP +time,ConcCost,single,+time,-,5 expl,6,700003,80.0,2752.989594458254,2752.989594458254,136.84228389643295,136.84228389643295,2616.147310561821,22.572830906130022,74.39685591971906,False,100983.35469069694,False,0,0.0208695652173913,125.0
SP -time,ConcCost,single,-time,-,5 expl,6,700003,80.0,2799.547555483754,2799.547555483754,183.40024492193288,183.40024492193288,2616.147310561821,24.510928631602575,67.19630587489748,False,94674.94548331144,False,0,0.0208695652173913,140.0
SP +time,ConcCost,single,+time,-,5 expl,6,700004,80.0,2762.8439659937244,2762.8439659937244,443.95408241975156,443.95408241975156,2318.889883573973,23.243402453763707,69.87571023408191,False,99211.6761076592,False,0,0.0243478260869565,120.0
SP -time,ConcCost,single,-time,-,5 expl,6,700004,80.0,2419.6979741625737,2419.6979741625737,100.80809058860086,100.80809058860086,2318.889883573973,21.25287776968768,62.25933438379383,False,92388.21570437663,False,0,0.0243478260869565,140.0
SP +time,ConcCost,single,+time,-,5 expl,6,700005,80.0,2595.9472711259114,2595.9472711259114,-386.1783497931797,-386.1783497931797,2982.125620919091,20.691989298344556,86.549562989808,False,95961.79308488798,False,0,0.0,115.0
SP -time,ConcCost,single,-time,-,5 expl,6,700005,80.0,3182.9050709188077,3182.9050709188077,200.7794499997167,200.7794499997167,2982.125620919091,28.641296842003054,75.37083790440946,False,92302.6754700938,False,0,0.0,125.0
SP +time,ConcCost,single,+time,-,5 expl,6,700006,80.0,3402.3654150182037,3402.3654150182037,540.7803233763188,540.7803233763188,2861.585091641885,28.55412852829539,75.74820620462108,False,97442.5895779049,False,0,0.0,115.0
SP -time,ConcCost,single,-time,-,5 expl,6,700006,80.0,3111.0133877445305,3111.0133877445305,249.42829610264562,249.42829610264562,2861.585091641885,27.22044805643105,70.10347338972458,False,92364.69790844116,False,0,0.0,125.0
SP +time,ConcCost,single,+time,-,5 expl,6,700007,80.0,2905.904129450112,2905.904129450112,451.6635649659838,451.6635649659838,2454.2405644841283,24.203227629584845,72.48693069849683,False,98941.95748033904,False,0,0.0,120.0
SP -time,ConcCost,single,-time,-,5 expl,6,700007,80.0,2649.2806105611035,2649.2806105611035,195.04004607697516,195.04004607697516,2454.2405644841283,23.188088898567784,65.80423262696723,False,92699.8477424512,False,0,0.0,130.0
SP +time,ConcCost,single,+time,-,5 expl,6,700008,80.0,2876.438005811121,2876.438005811121,409.16574885807995,409.16574885807995,2467.272256953041,23.765762834911452,69.27183638134505,False,100245.72293751506,False,0,0.0243478260869565,125.0
SP -time,ConcCost,single,-time,-,5 expl,6,700008,80.0,2628.330525303297,2628.330525303297,161.05826835025573,161.05826835025573,2467.272256953041,22.676000344627496,61.616377333324714,False,94008.95532538228,False,0,0.0243478260869565,140.0
SP +time,ConcCost,single,+time,-,5 expl,6,700009,80.0,2929.5925779348845,2929.5925779348845,434.4548184475234,434.4548184475234,2495.137759487361,23.98797408939625,71.59877460609658,False,101574.39109104064,False,0,0.0104347826086956,120.0
SP -time,ConcCost,single,-time,-,5 expl,6,700009,80.0,2662.563126556389,2662.563126556389,167.42536706902774,167.42536706902774,2495.137759487361,22.837045649229815,65.00317427088721,False,95383.53520050069,False,0,0.0104347826086956,130.0
MP fixed +time,ConcCost,multi,+time,fixed 100h,5 expl,6,700000,0.0,3033.8339442146844,3033.8339442146844,-433.4949580501402,-433.4949580501402,3467.3289022648246,25.12125874781586,74.90850055185125,False,96280.59718514651,False,0,0.0113043478260869,55.0
MP fixed -time,ConcCost,multi,-time,fixed 100h,5 expl,6,700000,0.0,3063.3545844883784,3063.3545844883784,-403.97431777644624,-403.97431777644624,3467.3289022648246,25.326112191972047,93.86345231191316,False,102394.88409318398,False,0,0.0113043478260869,55.0
MP fixed +time,ConcCost,multi,+time,fixed 100h,5 expl,6,700001,0.0,3172.720726664972,3172.720726664972,-401.17848402187883,-401.17848402187883,3573.899210686851,25.61379196368125,67.25678549004704,False,101715.84746902694,False,0,0.0191304347826086,60.0
MP fixed -time,ConcCost,multi,-time,fixed 100h,5 expl,6,700001,0.0,3412.8438278365757,3412.8438278365757,-161.05538285027524,-161.05538285027524,3573.899210686851,26.637091061335298,73.76833894300273,False,107834.8128994199,False,0,0.0191304347826086,60.0
MP fixed +time,ConcCost,multi,+time,fixed 100h,5 expl,6,700002,0.0,3336.585716068239,3336.585716068239,-360.0325072183132,-360.0325072183132,3696.618223286552,28.15121939589063,80.24540592856343,False,94885.27515109496,False,0,0.0,55.0
MP fixed -time,ConcCost,multi,-time,fixed 100h,5 expl,6,700002,0.0,3384.10874150424,3384.10874150424,-312.5094817823124,-312.5094817823124,3696.618223286552,28.656035229835005,98.85728520162029,False,99998.48840750488,False,0,0.0,55.0
MP fixed +time,ConcCost,multi,+time,fixed 100h,5 expl,6,700003,0.0,3124.181613352692,3124.181613352692,-402.40698679673005,-402.40698679673005,3526.588600149422,25.064687576264205,69.95716657324625,False,101097.03873935202,False,0,0.02,65.0
MP fixed -time,ConcCost,multi,-time,fixed 100h,5 expl,6,700003,0.0,3266.2198750455054,3266.2198750455054,-260.3687251039164,-260.3687251039164,3526.588600149422,25.511054900465584,76.95663763137061,False,106876.38872937704,False,0,0.02,60.0
MP fixed +time,ConcCost,multi,+time,fixed 100h,5 expl,6,700004,0.0,2843.0723624619327,2843.0723624619327,-371.43424429536526,-371.43424429536526,3214.506606757298,23.010981083432128,73.98037477045024,False,96106.0885585796,False,0,0.0234782608695652,55.0
MP fixed -time,ConcCost,multi,-time,fixed 100h,5 expl,6,700004,0.0,3051.655603309803,3051.655603309803,-162.8510034474948,-162.8510034474948,3214.506606757298,24.559767718637683,94.82711649719296,False,103015.49142658852,False,0,0.0234782608695652,55.0
MP fixed +time,ConcCost,multi,+time,fixed 100h,5 expl,6,700005,0.0,3603.6405273626215,3603.6405273626215,-518.3543433768782,-518.3543433768782,4121.9948707395,30.32573665560791,76.59132137883256,False,96780.38884266546,False,0,0.0,55.0
MP fixed -time,ConcCost,multi,-time,fixed 100h,5 expl,6,700005,0.0,3331.0123394109087,3331.0123394109087,-790.982531328591,-790.982531328591,4121.9948707395,28.343573045650857,90.35304282347369,False,101732.64917410848,False,0,0.0,55.0
MP fixed +time,ConcCost,multi,+time,fixed 100h,5 expl,6,700006,0.0,3497.7698146723833,3497.7698146723833,-487.9883940667055,-487.9883940667055,3985.758208739089,28.596452339853226,75.55561067674905,False,95587.91228579749,False,0,0.0,55.0
MP fixed -time,ConcCost,multi,-time,fixed 100h,5 expl,6,700006,0.0,3680.164353864372,3680.164353864372,-305.5938548747167,-305.5938548747167,3985.758208739089,29.846648585565813,93.45554136876449,False,101350.83002983293,False,0,0.0,55.0
MP fixed +time,ConcCost,multi,+time,fixed 100h,5 expl,6,700007,0.0,2960.3300689388093,2960.3300689388093,-394.8692379029749,-394.8692379029749,3355.199306841784,24.068532742629735,74.29187700163884,False,95803.63924255656,False,0,0.0,55.0
MP fixed -time,ConcCost,multi,-time,fixed 100h,5 expl,6,700007,0.0,3227.7097314367174,3227.7097314367174,-127.48957540506672,-127.48957540506672,3355.199306841784,25.751860387365262,94.4806961077441,False,102915.42576823402,False,0,0.0,55.0
MP fixed +time,ConcCost,multi,+time,fixed 100h,5 expl,6,700008,0.0,2919.8293443639286,2919.8293443639286,-383.9986510099907,-383.9986510099907,3303.8279953739193,22.975306256295944,68.46119951846076,False,100047.69082852204,False,0,0.0234782608695652,65.0
MP fixed -time,ConcCost,multi,-time,fixed 100h,5 expl,6,700008,0.0,3132.924197885537,3132.924197885537,-170.90379748838222,-170.90379748838222,3303.8279953739193,24.02724901480117,75.70633540238559,False,105842.62898532486,False,0,0.0234782608695652,60.0
MP fixed +time,ConcCost,multi,+time,fixed 100h,5 expl,6,700009,0.0,3001.0248104312595,3001.0248104312595,-387.7654929874866,-387.7654929874866,3388.790303418746,23.57773329304121,69.59384526254716,False,100920.41737142322,False,0,0.0095652173913043,60.0
MP fixed -time,ConcCost,multi,-time,fixed 100h,5 expl,6,700009,0.0,3176.5924083782065,3176.5924083782065,-212.1978950405396,-212.1978950405396,3388.790303418746,24.34063234092287,76.86598037028153,False,106540.43303306703,False,0,0.0095652173913043,60.0
MP fixed +time,ConcCost,multi,+time,fixed 100h,5 expl,6,700000,20.0,2867.3403156437503,2867.3403156437503,-380.9701255486775,-380.9701255486775,3248.310441192428,24.739863554400717,72.53382846263369,False,92103.95733485816,False,0,0.0113043478260869,70.0
MP fixed -time,ConcCost,multi,-time,fixed 100h,5 expl,6,700000,20.0,2801.273621618454,2801.273621618454,-447.03681957397384,-447.03681957397384,3248.310441192428,24.179182275702484,77.01695238785844,False,96482.4883625448,False,0,0.0113043478260869,80.0
MP fixed +time,ConcCost,multi,+time,fixed 100h,5 expl,6,700001,20.0,3057.7549883528627,3057.7549883528627,-343.0993048242508,-343.0993048242508,3400.8542931771135,25.633079828048096,65.52960286462631,False,98357.19299799448,False,0,0.0191304347826086,80.0
MP fixed -time,ConcCost,multi,-time,fixed 100h,5 expl,6,700001,20.0,3160.445714636816,3160.445714636816,-240.40857854029764,-240.40857854029764,3400.8542931771135,26.10311024716916,69.0403430250251,False,101516.61872096776,False,0,0.0191304347826086,85.0
MP fixed +time,ConcCost,multi,+time,fixed 100h,5 expl,6,700002,20.0,3199.82048574691,3199.82048574691,-387.06977639171146,-387.06977639171146,3586.8902621386214,28.02441057379675,78.64098501970061,False,91023.48416274608,False,0,0.0,70.0
MP fixed -time,ConcCost,multi,-time,fixed 100h,5 expl,6,700002,20.0,3076.785446883231,3076.785446883231,-510.10481525539035,-510.10481525539035,3586.8902621386214,26.800208186040265,82.82433018675303,False,95083.65743559285,False,0,0.0,75.0
MP fixed +time,ConcCost,multi,+time,fixed 100h,5 expl,6,700003,20.0,3011.7275695096328,3011.7275695096328,-321.764585987557,-321.764585987557,3333.4921554971897,25.165171041486552,68.82371509210773,False,96798.39820018642,False,0,0.0208695652173913,85.0
MP fixed -time,ConcCost,multi,-time,fixed 100h,5 expl,6,700003,20.0,2993.3554366314415,2993.3554366314415,-340.1367188657482,-340.1367188657482,3333.4921554971897,24.764118986264137,71.9328719623385,False,100571.2621206796,False,0,0.0208695652173913,85.0
MP fixed +time,ConcCost,multi,+time,fixed 100h,5 expl,6,700004,20.0,2663.9391502218823,2663.9391502218823,-356.94600229048456,-356.94600229048456,3020.885152512367,22.43320047047157,71.22494294095341,False,92685.1550493895,False,0,0.0243478260869565,70.0
MP fixed -time,ConcCost,multi,-time,fixed 100h,5 expl,6,700004,20.0,2695.722808090816,2695.722808090816,-325.16234442155064,-325.16234442155064,3020.885152512367,22.506569646718855,75.29613326237909,False,97438.2329095923,False,0,0.0243478260869565,75.0
MP fixed +time,ConcCost,multi,+time,fixed 100h,5 expl,6,700005,20.0,3482.4148675799297,3482.4148675799297,-395.9331739150175,-395.9331739150175,3878.348041494947,30.511277529951553,75.42568075575554,False,92429.49009734036,False,0,0.0,75.0
MP fixed -time,ConcCost,multi,-time,fixed 100h,5 expl,6,700005,20.0,3246.99138176561,3246.99138176561,-631.356659729337,-631.356659729337,3878.348041494947,28.56234650733263,79.57013520843219,False,96225.10163168014,False,0,0.0,80.0
MP fixed +time,ConcCost,multi,+time,fixed 100h,5 expl,6,700006,20.0,3328.313284916551,3328.313284916551,-395.5312626793698,-395.5312626793698,3723.8445475959206,28.238409870646446,74.40958778151563,False,91781.6508388779,False,0,0.0,70.0
MP fixed -time,ConcCost,multi,-time,fixed 100h,5 expl,6,700006,20.0,3317.393149852845,3317.393149852845,-406.45139774307563,-406.45139774307563,3723.8445475959206,28.007552748108015,78.61487509925198,False,96208.88489039584,False,0,0.0,75.0
MP fixed +time,ConcCost,multi,+time,fixed 100h,5 expl,6,700007,20.0,2783.3866639812013,2783.3866639812013,-339.7326527739324,-339.7326527739324,3123.1193167551337,23.51973520467085,72.10199895995311,False,92262.99423812838,False,0,0.0,70.0
MP fixed -time,ConcCost,multi,-time,fixed 100h,5 expl,6,700007,20.0,2781.325453467475,2781.325453467475,-341.7938632876585,-341.7938632876585,3123.1193167551337,23.25195612944808,76.11053547194855,False,97227.59419726393,False,0,0.0,75.0
MP fixed +time,ConcCost,multi,+time,fixed 100h,5 expl,6,700008,20.0,2797.7277205474247,2797.7277205474247,-309.47342913660214,-309.47342913660214,3107.201149684027,22.883560846583975,67.38760803602456,False,96144.21314079197,False,0,0.0243478260869565,85.0
MP fixed -time,ConcCost,multi,-time,fixed 100h,5 expl,6,700008,20.0,2905.980425999658,2905.980425999658,-201.22072368436875,-201.22072368436875,3107.201149684027,23.49172445752398,71.20086694629464,False,99778.47223295447,False,0,0.0243478260869565,85.0
MP fixed +time,ConcCost,multi,+time,fixed 100h,5 expl,6,700009,20.0,2888.559174799131,2888.559174799131,-302.05916281686905,-302.05916281686905,3190.618337616,23.623374340132273,68.81162970918346,False,96428.07914041824,False,0,0.0104347826086956,80.0
MP fixed -time,ConcCost,multi,-time,fixed 100h,5 expl,6,700009,20.0,2914.4403805645,2914.4403805645,-276.1779570515,-276.1779570515,3190.618337616,23.664325435335,72.42698913858582,False,99936.0507112296,False,0,0.0104347826086956,85.0
MP fixed +time,ConcCost,multi,+time,fixed 100h,5 expl,6,700000,40.0,2764.1200512170517,2764.1200512170517,-253.06156088903617,-253.06156088903617,3017.181612106088,24.53048728441642,70.75690559002314,False,89745.02304411707,False,0,0.0113043478260869,85.0
MP fixed -time,ConcCost,multi,-time,fixed 100h,5 expl,6,700000,40.0,2650.400404300958,2650.400404300958,-366.7812078051297,-366.7812078051297,3017.181612106088,23.476963402777187,74.42897885407719,False,93716.129646099,False,0,0.0113043478260869,90.0
MP fixed +time,ConcCost,multi,+time,fixed 100h,5 expl,6,700001,40.0,3012.356772825898,3012.356772825898,-204.98224821387612,-204.98224821387612,3217.3390210397743,25.943727330496323,64.09558283877591,False,95958.4831496238,False,0,0.0191304347826086,115.0
MP fixed -time,ConcCost,multi,-time,fixed 100h,5 expl,6,700001,40.0,3033.44494562441,3033.44494562441,-183.8940754153641,-183.8940754153641,3217.3390210397743,25.753944096371292,66.37531335177076,False,98854.25167183336,False,0,0.0191304347826086,100.0
MP fixed +time,ConcCost,multi,+time,fixed 100h,5 expl,6,700002,40.0,3095.0474047497805,3095.0474047497805,-249.99624630394237,-249.99624630394237,3345.043651053723,27.78521065322091,76.94979927279434,False,87708.60715492745,False,0,0.0,90.0
MP fixed -time,ConcCost,multi,-time,fixed 100h,5 expl,6,700002,40.0,2852.173624275034,2852.173624275034,-492.87002677868895,-492.87002677868895,3345.043651053723,25.46906872265902,79.21090358971324,False,92488.29329558623,False,0,0.0,90.0
MP fixed +time,ConcCost,multi,+time,fixed 100h,5 expl,6,700003,40.0,2925.9851469133387,2925.9851469133387,-213.2647833232104,-213.2647833232104,3139.249930236549,25.122748901122996,67.32817274375807,False,94247.86996711104,False,0,0.0208695652173913,100.0
MP fixed -time,ConcCost,multi,-time,fixed 100h,5 expl,6,700003,40.0,2813.7520055753785,2813.7520055753785,-325.4979246611706,-325.4979246611706,3139.249930236549,24.10282660420106,69.65066993199143,False,97111.79341094046,False,0,0.0208695652173913,100.0
MP fixed +time,ConcCost,multi,+time,fixed 100h,5 expl,6,700004,40.0,2546.602802067763,2546.602802067763,-250.75278850534187,-250.75278850534187,2797.355590573105,22.053759259506673,69.12360775279869,False,90630.96294066364,False,0,0.0243478260869565,85.0
MP fixed -time,ConcCost,multi,-time,fixed 100h,5 expl,6,700004,40.0,2593.1346567792284,2593.1346567792284,-204.2209337938766,-204.2209337938766,2797.355590573105,22.232373449962285,72.4267785291619,False,94378.27254732412,False,0,0.0243478260869565,90.0
MP fixed +time,ConcCost,multi,+time,fixed 100h,5 expl,6,700005,40.0,3368.528136106232,3368.528136106232,-243.68356467538615,-243.68356467538615,3612.211700781618,30.326863084352603,72.93156322358008,False,89579.32793330157,False,0,0.0,90.0
MP fixed -time,ConcCost,multi,-time,fixed 100h,5 expl,6,700005,40.0,3046.25701752001,3046.25701752001,-565.9546832616084,-565.9546832616084,3612.211700781618,27.533377815020067,76.63554645445518,False,93385.95163797356,False,0,0.0,90.0
MP fixed +time,ConcCost,multi,+time,fixed 100h,5 expl,6,700006,40.0,3220.427719272482,3220.427719272482,-232.49136541925282,-232.49136541925282,3452.919084691735,28.03082209486982,71.64932981863923,False,89067.7582632148,False,0,0.0,90.0
MP fixed -time,ConcCost,multi,-time,fixed 100h,5 expl,6,700006,40.0,3141.541909725212,3141.541909725212,-311.37717496652294,-311.37717496652294,3452.919084691735,27.27637607405473,75.44191670795206,False,93124.26396214066,False,0,0.0,90.0
MP fixed +time,ConcCost,multi,+time,fixed 100h,5 expl,6,700007,40.0,2683.470770566603,2683.470770566603,-228.7632194715302,-228.7632194715302,2912.233990038133,23.26652859264598,69.54881788969242,False,90120.40020349562,False,0,0.0,85.0
MP fixed -time,ConcCost,multi,-time,fixed 100h,5 expl,6,700007,40.0,2655.068514786888,2655.068514786888,-257.16547525124497,-257.16547525124497,2912.233990038133,22.79471432729221,73.00108173097443,False,94109.50086897112,False,0,0.0,90.0
MP fixed +time,ConcCost,multi,+time,fixed 100h,5 expl,6,700008,40.0,2722.8515051946542,2722.8515051946542,-202.51106028676395,-202.51106028676395,2925.362565481418,22.98088620330355,65.90936616243721,False,93068.66186093466,False,0,0.0243478260869565,115.0
MP fixed -time,ConcCost,multi,-time,fixed 100h,5 expl,6,700008,40.0,2730.666142491332,2730.666142491332,-194.69642299008638,-194.69642299008638,2925.362565481418,22.83932570396581,68.68335436339613,False,96089.92985391132,False,0,0.0243478260869565,100.0
MP fixed +time,ConcCost,multi,+time,fixed 100h,5 expl,6,700009,40.0,2800.794158684673,2800.794158684673,-192.07934363632148,-192.07934363632148,2992.8735023209947,23.616092028978738,67.25728096075669,False,93369.32789674823,False,0,0.0104347826086956,100.0
MP fixed -time,ConcCost,multi,-time,fixed 100h,5 expl,6,700009,40.0,2728.6418491260256,2728.6418491260256,-264.2316531949691,-264.2316531949691,2992.8735023209947,22.963618056445053,70.12994777618344,False,96294.57699695822,False,0,0.0104347826086956,95.0
MP fixed +time,ConcCost,multi,+time,fixed 100h,5 expl,6,700000,60.0,2619.6300327041076,2619.6300327041076,-176.80009778607518,-176.80009778607518,2796.430130490183,23.933750083422808,66.00251181012115,False,86917.97987194794,False,0,0.0113043478260869,120.0
MP fixed -time,ConcCost,multi,-time,fixed 100h,5 expl,6,700000,60.0,2443.450183714857,2443.450183714857,-352.97994677532597,-352.97994677532597,2796.430130490183,22.325411775622925,69.69480684854312,False,90450.99863856584,False,0,0.0113043478260869,110.0
MP fixed +time,ConcCost,multi,+time,fixed 100h,5 expl,6,700001,60.0,2838.164650875663,2838.164650875663,-196.8257386469486,-196.8257386469486,3034.9903895226116,25.300015301013683,60.65316325216772,False,92708.8266523308,False,0,0.0191304347826086,130.0
MP fixed -time,ConcCost,multi,-time,fixed 100h,5 expl,6,700001,60.0,2866.276016731551,2866.276016731551,-168.71437279106067,-168.71437279106067,3034.9903895226116,25.109455208770928,62.70244592548634,False,94790.64755820336,False,0,0.0191304347826086,120.0
MP fixed +time,ConcCost,multi,+time,fixed 100h,5 expl,6,700002,60.0,2872.731036292976,2872.731036292976,-199.64858541571402,-199.64858541571402,3072.37962170869,26.442849826073743,75.8984211341403,False,85041.15651157252,False,0,0.0,115.0
MP fixed -time,ConcCost,multi,-time,fixed 100h,5 expl,6,700002,60.0,2696.3217958629994,2696.3217958629994,-376.0578258456908,-376.0578258456908,3072.37962170869,24.684711286293147,76.91453798996358,False,88642.9792208408,False,0,0.0,110.0
MP fixed +time,ConcCost,multi,+time,fixed 100h,5 expl,6,700003,60.0,2666.5642574287476,2666.5642574287476,-212.40733149815287,-212.40733149815287,2878.9715889269005,23.898157408851223,65.48129221235232,False,90577.89807775638,False,0,0.0208695652173913,125.0
MP fixed -time,ConcCost,multi,-time,fixed 100h,5 expl,6,700003,60.0,2518.4846382265914,2518.4846382265914,-360.4869507003091,-360.4869507003091,2878.9715889269005,22.465192058991853,66.6440494968588,False,92709.42702214756,False,0,0.0208695652173913,115.0
MP fixed +time,ConcCost,multi,+time,fixed 100h,5 expl,6,700004,60.0,2405.533510867567,2405.533510867567,-170.41154244663812,-170.41154244663812,2575.9450533142053,21.351477818403932,64.07679638339127,False,88495.93494799566,False,0,0.0243478260869565,125.0
MP fixed -time,ConcCost,multi,-time,fixed 100h,5 expl,6,700004,60.0,2380.9183200369785,2380.9183200369785,-195.02673327722687,-195.02673327722687,2575.9450533142053,21.082085716206095,67.47580090215543,False,91344.76114891874,False,0,0.0243478260869565,115.0
MP fixed +time,ConcCost,multi,+time,fixed 100h,5 expl,6,700005,60.0,3109.3656183972826,3109.3656183972826,-225.06264078816866,-225.06264078816866,3334.428259185451,28.956156175868845,72.56029491226681,False,86540.94550567838,False,0,0.0,120.0
MP fixed -time,ConcCost,multi,-time,fixed 100h,5 expl,6,700005,60.0,2843.945064974551,2843.945064974551,-490.48319421090036,-490.48319421090036,3334.428259185451,26.409347243956148,73.1064637708312,False,89730.46342262375,False,0,0.0,110.0
MP fixed +time,ConcCost,multi,+time,fixed 100h,5 expl,6,700006,60.0,3010.529445424602,3010.529445424602,-177.65566981651227,-177.65566981651227,3188.185115241114,26.95144791815434,66.94896548671679,False,86743.95596113428,False,0,0.0,120.0
MP fixed -time,ConcCost,multi,-time,fixed 100h,5 expl,6,700006,60.0,2905.817879939817,2905.817879939817,-282.3672353012971,-282.3672353012971,3188.185115241114,26.033262792639217,70.09961235049325,False,89093.9636910446,False,0,0.0,110.0
MP fixed +time,ConcCost,multi,+time,fixed 100h,5 expl,6,700007,60.0,2548.014178763279,2548.014178763279,-149.9749361643303,-149.9749361643303,2697.989114927609,22.64758593490808,64.61562525970832,False,87936.7405264988,False,0,0.0,120.0
MP fixed -time,ConcCost,multi,-time,fixed 100h,5 expl,6,700007,60.0,2431.9134884519813,2431.9134884519813,-266.0756264756278,-266.0756264756278,2697.989114927609,21.537214562167907,67.81262131503743,False,90660.39977938926,False,0,0.0,110.0
MP fixed +time,ConcCost,multi,+time,fixed 100h,5 expl,6,700008,60.0,2533.6680021653488,2533.6680021653488,-184.80707984260744,-184.80707984260744,2718.475082007956,22.17323566692615,62.76459244210575,False,90105.09366360008,False,0,0.0243478260869565,125.0
MP fixed -time,ConcCost,multi,-time,fixed 100h,5 expl,6,700008,60.0,2512.78905445256,2512.78905445256,-205.68602755539632,-205.68602755539632,2718.475082007956,21.797654459912756,65.5514014136714,False,92101.77763631906,False,0,0.0243478260869565,115.0
MP fixed +time,ConcCost,multi,+time,fixed 100h,5 expl,6,700009,60.0,2607.2421786247114,2607.2421786247114,-175.0128176420185,-175.0128176420185,2782.25499626673,22.74954748735255,63.841443717683326,False,91001.50677400013,False,0,0.0104347826086956,125.0
MP fixed -time,ConcCost,multi,-time,fixed 100h,5 expl,6,700009,60.0,2527.836994345809,2527.836994345809,-254.4180019209207,-254.4180019209207,2782.25499626673,22.02797321084035,66.6247785408139,False,92232.9038340528,False,0,0.0104347826086956,115.0
MP fixed +time,ConcCost,multi,+time,fixed 100h,5 expl,6,700000,80.0,2384.060892604139,2384.060892604139,-133.14927745358636,-133.14927745358636,2517.2101700577255,22.62000624949424,61.67120086795088,False,83685.15277380821,False,0,0.0113043478260869,145.0
MP fixed -time,ConcCost,multi,-time,fixed 100h,5 expl,6,700000,80.0,2258.616919513591,2258.616919513591,-258.59325054413466,-258.59325054413466,2517.2101700577255,21.307664841126,64.32661710169577,False,86691.25315819542,False,0,0.0113043478260869,125.0
MP fixed +time,ConcCost,multi,+time,fixed 100h,5 expl,6,700001,80.0,2599.317053563659,2599.317053563659,-137.62874387148076,-137.62874387148076,2736.94579743514,24.183506982098944,57.96231520882798,False,88812.68199538787,False,0,0.0191304347826086,150.0
MP fixed -time,ConcCost,multi,-time,fixed 100h,5 expl,6,700001,80.0,2517.6952114991373,2517.6952114991373,-219.2505859360026,-219.2505859360026,2736.94579743514,22.899239130120684,63.30033282430913,False,91264.30918006365,False,0,0.0191304347826086,140.0
MP fixed +time,ConcCost,multi,+time,fixed 100h,5 expl,6,700002,80.0,2630.7039926487364,2630.7039926487364,-120.77296584319811,-120.77296584319811,2751.4769584919345,25.09543434741918,71.25250941768775,False,82317.83703170014,False,0,0.0,130.0
MP fixed -time,ConcCost,multi,-time,fixed 100h,5 expl,6,700002,80.0,2444.5492463394908,2444.5492463394908,-306.92771215244375,-306.92771215244375,2751.4769584919345,23.25652722569246,72.55694822227197,False,84225.01163174708,False,0,0.0,120.0
MP fixed +time,ConcCost,multi,+time,fixed 100h,5 expl,6,700003,80.0,2452.716001787372,2452.716001787372,-163.431308774449,-163.431308774449,2616.147310561821,22.81015110229908,61.2086818126645,False,87141.8456089619,False,0,0.0208695652173913,140.0
MP fixed -time,ConcCost,multi,-time,fixed 100h,5 expl,6,700003,80.0,2294.057082845855,2294.057082845855,-322.0902277159662,-322.0902277159662,2616.147310561821,21.121843102488857,65.63273022690103,False,88889.60046944943,False,0,0.0208695652173913,130.0
MP fixed +time,ConcCost,multi,+time,fixed 100h,5 expl,6,700004,80.0,2198.3411034475225,2198.3411034475225,-120.54878012645031,-120.54878012645031,2318.889883573973,20.164887711799935,57.48276561739829,False,85192.92788921332,False,0,0.0243478260869565,150.0
MP fixed -time,ConcCost,multi,-time,fixed 100h,5 expl,6,700004,80.0,2194.5705542947826,2194.5705542947826,-124.31932927919024,-124.31932927919024,2318.889883573973,20.04975512114291,61.53581433184672,False,88269.18512359618,False,0,0.0243478260869565,130.0
MP fixed +time,ConcCost,multi,+time,fixed 100h,5 expl,6,700005,80.0,2827.9052596418906,2827.9052596418906,-154.22036127720048,-154.22036127720048,2982.125620919091,27.35270216177079,68.23703951983,False,83633.02688548737,False,0,0.0,130.0
MP fixed -time,ConcCost,multi,-time,fixed 100h,5 expl,6,700005,80.0,2568.985544326212,2568.985544326212,-413.1400765928788,-413.1400765928788,2982.125620919091,24.789612614588556,69.39074582181277,False,85240.64519934639,False,0,0.0,125.0
MP fixed +time,ConcCost,multi,+time,fixed 100h,5 expl,6,700006,80.0,2761.2479006716676,2761.2479006716676,-100.3371909702173,-100.3371909702173,2861.585091641885,25.67400792079825,62.73572147741877,False,83230.06179491941,False,0,0.0,140.0
MP fixed -time,ConcCost,multi,-time,fixed 100h,5 expl,6,700006,80.0,2636.9125325011983,2636.9125325011983,-224.67255914068664,-224.67255914068664,2861.585091641885,24.525317482443484,65.40286459946616,False,85011.9958718392,False,0,0.0,125.0
MP fixed +time,ConcCost,multi,+time,fixed 100h,5 expl,6,700007,80.0,2369.515552335484,2369.515552335484,-84.72501214864451,-84.72501214864451,2454.2405644841283,21.78678474491956,58.91988332570356,False,84657.38676381965,False,0,0.0,145.0
MP fixed -time,ConcCost,multi,-time,fixed 100h,5 expl,6,700007,80.0,2264.472273572281,2264.472273572281,-189.7682909118471,-189.7682909118471,2454.2405644841283,20.706034875594632,62.71952013950976,False,87154.24406403488,False,0,0.0,130.0
MP fixed +time,ConcCost,multi,+time,fixed 100h,5 expl,6,700008,80.0,2325.1618436857943,2325.1618436857943,-142.1104132672467,-142.1104132672467,2467.272256953041,21.095182740643793,56.10463209454188,False,86448.5413964355,False,0,0.0243478260869565,145.0
MP fixed -time,ConcCost,multi,-time,fixed 100h,5 expl,6,700008,80.0,2341.342823538877,2341.342823538877,-125.92943341416412,-125.92943341416412,2467.272256953041,20.92866152244359,61.13061577001513,False,89107.3376134076,False,0,0.0243478260869565,130.0
MP fixed +time,ConcCost,multi,+time,fixed 100h,5 expl,6,700009,80.0,2372.863318372488,2372.863318372488,-122.2744411148733,-122.2744411148733,2495.137759487361,21.478402247375342,58.85277588713128,False,87271.11549077775,False,0,0.0104347826086956,145.0
MP fixed -time,ConcCost,multi,-time,fixed 100h,5 expl,6,700009,80.0,2318.0652240051404,2318.0652240051404,-177.0725354822207,-177.0725354822207,2495.137759487361,20.825556202611928,63.069534318942,False,88842.08818533982,False,0,0.0104347826086956,130.0
MP 10expl,ConcCost,multi,-time,fixed 100h,10 expl,6,700000,0.0,3218.9472152442395,3218.9472152442395,-248.3816870205851,-248.3816870205851,3467.3289022648246,25.6636666160792,97.38194720451844,False,104916.37024658652,False,0,0.0113043478260869,50.0
MP 10expl,ConcCost,multi,-time,fixed 100h,10 expl,6,700001,0.0,3930.35030531595,3930.35030531595,356.4510946290993,356.4510946290993,3573.899210686851,29.03208638976825,77.6121438833315,False,112401.29674148044,False,0,0.0191304347826086,50.0
MP 10expl,ConcCost,multi,-time,fixed 100h,10 expl,6,700002,0.0,3202.9003860463135,0.0,-493.7178372402386,-3696.618223286552,3696.618223286552,26.54377927100764,103.0437122653081,True,102466.06101395488,False,1,0.0,50.0
MP 10expl,ConcCost,multi,-time,fixed 100h,10 expl,6,700003,0.0,3810.6649983253938,3810.6649983253938,284.0763981759719,284.0763981759719,3526.588600149422,28.16776205963421,82.00022158973374,False,110890.1649372452,False,0,0.02,55.0
MP 10expl,ConcCost,multi,-time,fixed 100h,10 expl,6,700004,0.0,3227.374819424113,3227.374819424113,12.868212666814998,12.868212666814998,3214.506606757298,25.017972469428233,99.86323035803667,False,106685.15808304552,False,0,0.0234782608695652,50.0
MP 10expl,ConcCost,multi,-time,fixed 100h,10 expl,6,700005,0.0,3647.5527824350183,3647.5527824350183,-474.44208830448133,-474.44208830448133,4121.9948707395,29.76051840290602,95.94747593972696,False,104983.97899792947,False,0,0.0,50.0
MP 10expl,ConcCost,multi,-time,fixed 100h,10 expl,6,700006,0.0,3599.649802397374,3599.649802397374,-386.1084063417147,-386.1084063417147,3985.758208739089,28.36974321066541,95.929610078988,False,104192.05018139113,False,0,0.0,50.0
MP 10expl,ConcCost,multi,-time,fixed 100h,10 expl,6,700007,0.0,3210.713766162848,3210.713766162848,-144.4855406789361,-144.4855406789361,3355.199306841784,24.87319925795649,97.82259895612648,False,105276.25307187007,False,0,0.0,50.0
MP 10expl,ConcCost,multi,-time,fixed 100h,10 expl,6,700008,0.0,3551.984242343362,3551.984242343362,248.1562469694427,248.1562469694427,3303.8279953739193,25.830593291895717,80.61096892986438,False,109984.97319983409,False,0,0.0234782608695652,55.0
MP 10expl,ConcCost,multi,-time,fixed 100h,10 expl,6,700009,0.0,3583.570442633439,3583.570442633439,194.780139214693,194.780139214693,3388.790303418746,26.114283425071207,82.78387571339564,False,110631.63250864764,False,0,0.0095652173913043,55.0
MP 10expl,ConcCost,multi,-time,fixed 100h,10 expl,6,700000,20.0,3411.5582651942595,3411.5582651942595,163.24782400183176,163.24782400183176,3248.310441192428,27.20209806132777,82.42038771600205,False,101530.75561931483,False,0,0.0113043478260869,60.0
MP 10expl,ConcCost,multi,-time,fixed 100h,10 expl,6,700001,20.0,3700.376146749026,3700.376146749026,299.5218535719123,299.5218535719123,3400.8542931771135,28.547242829875643,75.29567423648079,False,107125.9612764733,False,0,0.0191304347826086,65.0
MP 10expl,ConcCost,multi,-time,fixed 100h,10 expl,6,700002,20.0,3507.07819056247,3507.07819056247,-79.81207157615154,-79.81207157615154,3586.8902621386214,28.925587047733693,88.97719288170563,False,99173.6964112008,False,0,0.0,60.0
MP 10expl,ConcCost,multi,-time,fixed 100h,10 expl,6,700003,20.0,3604.6720974225864,3604.6720974225864,271.17994192539663,271.17994192539663,3333.4921554971897,27.720314634200747,78.00852381061826,False,105762.42099769964,False,0,0.0208695652173913,70.0
MP 10expl,ConcCost,multi,-time,fixed 100h,10 expl,6,700004,20.0,3209.6400177945843,3209.6400177945843,188.75486528221745,188.75486528221745,3020.885152512367,24.90208476412985,80.91316299639621,False,102398.3817558835,False,0,0.0243478260869565,60.0
MP 10expl,ConcCost,multi,-time,fixed 100h,10 expl,6,700005,20.0,3986.701867970716,3986.701867970716,108.35382647576898,108.35382647576898,3878.348041494947,32.49812557715176,85.15730113443519,False,101214.02913582225,False,0,0.0,65.0
MP 10expl,ConcCost,multi,-time,fixed 100h,10 expl,6,700006,20.0,3863.572325524002,3863.572325524002,139.7277779280812,139.7277779280812,3723.8445475959206,30.49110852681826,84.30835436245881,False,100649.98843925,False,0,0.0,60.0
MP 10expl,ConcCost,multi,-time,fixed 100h,10 expl,6,700007,20.0,3288.5970936914873,3288.5970936914873,165.47777693635362,165.47777693635362,3123.1193167551337,25.620682406050054,81.70948147845884,False,101921.66074673548,False,0,0.0,60.0
MP 10expl,ConcCost,multi,-time,fixed 100h,10 expl,6,700008,20.0,3370.0994533841836,3370.0994533841836,262.8983037001567,262.8983037001567,3107.201149684027,25.473846433497865,76.94462564746598,False,105218.13450949352,False,0,0.0243478260869565,70.0
MP 10expl,ConcCost,multi,-time,fixed 100h,10 expl,6,700009,20.0,3452.602421989611,3452.602421989611,261.9840843736106,261.9840843736106,3190.618337616,26.05942326960627,78.35490144042308,False,105954.3334899044,False,0,0.0104347826086956,70.0
MP 10expl,ConcCost,multi,-time,fixed 100h,10 expl,6,700000,40.0,3031.3091944289517,3031.3091944289517,14.127582322863873,14.127582322863873,3017.181612106088,25.638079461781786,78.37703511921117,False,96111.89583846377,False,0,0.0113043478260869,75.0
MP 10expl,ConcCost,multi,-time,fixed 100h,10 expl,6,700001,40.0,3444.5063652755807,3444.5063652755807,227.16734423580647,227.16734423580647,3217.3390210397743,27.9009595136762,71.15835902041329,False,101662.81435438954,False,0,0.0191304347826086,90.0
MP 10expl,ConcCost,multi,-time,fixed 100h,10 expl,6,700002,40.0,3118.2516372095106,3118.2516372095106,-226.7920138442123,-226.7920138442123,3345.043651053723,27.195233396439736,82.40311562754513,False,93914.87728958575,False,0,0.0,80.0
MP 10expl,ConcCost,multi,-time,fixed 100h,10 expl,6,700003,40.0,3319.041965560776,3319.041965560776,179.79203532422707,179.79203532422707,3139.249930236549,26.746262830537393,74.24003891587459,False,100472.97886091864,False,0,0.0208695652173913,90.0
MP 10expl,ConcCost,multi,-time,fixed 100h,10 expl,6,700004,40.0,2872.3646946487816,2872.3646946487816,75.00910407567653,75.00910407567653,2797.355590573105,23.582275410039905,76.75874748013756,False,96894.73950790704,False,0,0.0243478260869565,75.0
MP 10expl,ConcCost,multi,-time,fixed 100h,10 expl,6,700005,40.0,3493.9146053018612,3493.9146053018612,-118.29709547975699,-118.29709547975699,3612.211700781618,30.33719749956268,79.91124627140114,False,95494.99201461796,False,0,0.0,80.0
MP 10expl,ConcCost,multi,-time,fixed 100h,10 expl,6,700006,40.0,3435.9737717456533,3435.9737717456533,-16.945312946081685,-16.945312946081685,3452.919084691735,28.815245115579252,78.48075371107676,False,94681.6770679084,False,0,0.0,80.0
MP 10expl,ConcCost,multi,-time,fixed 100h,10 expl,6,700007,40.0,2963.00291562454,2963.00291562454,50.76892558640702,50.76892558640702,2912.233990038133,24.42132645177611,76.85313181210675,False,96171.53496100548,False,0,0.0,75.0
MP 10expl,ConcCost,multi,-time,fixed 100h,10 expl,6,700008,40.0,3101.436849574019,3101.436849574019,176.07428409260092,176.07428409260092,2925.362565481418,24.68565066111802,72.68108952883661,False,100119.63192558957,False,0,0.0243478260869565,90.0
MP 10expl,ConcCost,multi,-time,fixed 100h,10 expl,6,700009,40.0,3153.7238077735483,3153.7238077735483,160.85030545255358,160.85030545255358,2992.8735023209947,25.104962002825264,74.21147210339494,False,100580.63811127642,False,0,0.0104347826086956,85.0
MP 10expl,ConcCost,multi,-time,fixed 100h,10 expl,6,700000,60.0,2809.891750542826,2809.891750542826,13.461620052642957,13.461620052642957,2796.430130490183,24.88946729383271,69.90256161470367,False,89878.38585624931,False,0,0.0113043478260869,100.0
MP 10expl,ConcCost,multi,-time,fixed 100h,10 expl,6,700001,60.0,3202.094119578709,3202.094119578709,167.10373005609745,167.10373005609745,3034.9903895226116,27.08688188652633,65.54626305073477,False,97716.70891487604,False,0,0.0191304347826086,115.0
MP 10expl,ConcCost,multi,-time,fixed 100h,10 expl,6,700002,60.0,2877.146023330401,2877.146023330401,-195.23359837828912,-195.23359837828912,3072.37962170869,26.2756575624781,75.85751212007104,False,87525.36763474187,False,0,0.0,100.0
MP 10expl,ConcCost,multi,-time,fixed 100h,10 expl,6,700003,60.0,2949.753792164028,2949.753792164028,70.7822032371273,70.7822032371273,2878.9715889269005,25.23832112269551,69.22914180226425,False,94542.64177700604,False,0,0.0208695652173913,115.0
MP 10expl,ConcCost,multi,-time,fixed 100h,10 expl,6,700004,60.0,2639.84339547555,2639.84339547555,63.89834216134477,63.89834216134477,2575.9450533142053,22.62749722733806,68.14145451918542,False,92685.89149102409,False,0,0.0243478260869565,100.0
MP 10expl,ConcCost,multi,-time,fixed 100h,10 expl,6,700005,60.0,3203.747059444288,3203.747059444288,-130.68119974116325,-130.68119974116325,3334.428259185451,29.2318521300924,73.05782259055115,False,89236.19385536188,False,0,0.0,100.0
MP 10expl,ConcCost,multi,-time,fixed 100h,10 expl,6,700006,60.0,3172.5651214954196,3172.5651214954196,-15.6199937456945,-15.6199937456945,3188.185115241114,27.83759071878008,70.0980959941391,False,88397.32348557752,False,0,0.0,110.0
MP 10expl,ConcCost,multi,-time,fixed 100h,10 expl,6,700007,60.0,2738.5508456206553,2738.5508456206553,40.56173069304623,40.56173069304623,2697.989114927609,23.57754220370779,68.39334304215618,False,91282.12575420392,False,0,0.0,100.0
MP 10expl,ConcCost,multi,-time,fixed 100h,10 expl,6,700008,60.0,2825.046214694291,2825.046214694291,106.57113268633475,106.57113268633475,2718.475082007956,23.66406589998147,66.31376274426181,False,95062.75762793284,False,0,0.0243478260869565,115.0
MP 10expl,ConcCost,multi,-time,fixed 100h,10 expl,6,700009,60.0,2876.7179596519595,2876.7179596519595,94.46296338522961,94.46296338522961,2782.25499626673,24.076485373364573,67.55487782506277,False,95515.21113350632,False,0,0.0104347826086956,110.0
MP 10expl,ConcCost,multi,-time,fixed 100h,10 expl,6,700000,80.0,2542.205330006951,2542.205330006951,24.99515994922558,24.99515994922558,2517.2101700577255,23.538948804940276,64.63096459734287,False,86452.39436383633,False,0,0.0113043478260869,125.0
MP 10expl,ConcCost,multi,-time,fixed 100h,10 expl,6,700001,80.0,2842.5586205306145,2842.5586205306145,105.6128230954746,105.6128230954746,2736.94579743514,25.418891995827423,62.88939343019647,False,92464.76089549832,False,0,0.0191304347826086,140.0
MP 10expl,ConcCost,multi,-time,fixed 100h,10 expl,6,700002,80.0,2667.308675631156,2667.308675631156,-84.16828286077862,-84.16828286077862,2751.4769584919345,25.20608005684273,73.70244634084794,False,83602.89897704698,False,0,0.0,120.0
MP 10expl,ConcCost,multi,-time,fixed 100h,10 expl,6,700003,80.0,2686.4558645032785,2686.4558645032785,70.30855394145738,70.30855394145738,2616.147310561821,24.10100190592684,64.70604184597504,False,90018.47500850468,False,0,0.0208695652173913,130.0
MP 10expl,ConcCost,multi,-time,fixed 100h,10 expl,6,700004,80.0,2352.5801917720173,2352.5801917720173,33.69030819804448,33.69030819804448,2318.889883573973,21.129899889463232,61.7829925942886,False,88532.46752684873,False,0,0.0243478260869565,125.0
MP 10expl,ConcCost,multi,-time,fixed 100h,10 expl,6,700005,80.0,2947.278243372989,2947.278243372989,-34.84737754610205,-34.84737754610205,2982.125620919091,27.935583066124693,70.36837023007536,False,85185.67907774843,False,0,0.0,120.0
MP 10expl,ConcCost,multi,-time,fixed 100h,10 expl,6,700006,80.0,2866.2588563056843,2866.2588563056843,4.673764663799375,4.673764663799375,2861.585091641885,26.259839723364156,65.40441381221345,False,85020.36270440035,False,0,0.0,120.0
MP 10expl,ConcCost,multi,-time,fixed 100h,10 expl,6,700007,80.0,2475.771477513633,2475.771477513633,21.530913029504518,21.530913029504518,2454.2405644841283,22.352476534717,62.48362241511491,False,87336.11630764348,False,0,0.0,125.0
MP 10expl,ConcCost,multi,-time,fixed 100h,10 expl,6,700008,80.0,2519.960602964819,2519.960602964819,52.68834601177787,52.68834601177787,2467.272256953041,22.211443814805193,59.85618306739059,False,90177.34748317936,False,0,0.0243478260869565,130.0
MP 10expl,ConcCost,multi,-time,fixed 100h,10 expl,6,700009,80.0,2559.032006854705,2559.032006854705,63.89424736734372,63.89424736734372,2495.137759487361,22.513276973474575,62.270500073893494,False,90883.95023751564,False,0,0.0104347826086956,125.0
MP priors,ConcCost,multi,-time,fixed 100h,5 expl + recipe priors,6,700000,0.0,3756.8345226841698,3756.8345226841698,289.5056204193452,289.5056204193452,3467.3289022648246,28.54898807694064,80.883173570699,False,106769.513914072,False,0,0.0113043478260869,60.0
MP priors,ConcCost,multi,-time,fixed 100h,5 expl + recipe priors,6,700001,0.0,3882.425700072858,3882.425700072858,308.52648938600714,308.52648938600714,3573.899210686851,29.19007826148326,72.22848134820072,False,110729.47976781036,False,0,0.0191304347826086,65.0
MP priors,ConcCost,multi,-time,fixed 100h,5 expl + recipe priors,6,700002,0.0,3820.6123338609896,3820.6123338609896,123.9941105744374,123.9941105744374,3696.618223286552,28.52889942940093,88.90778911670938,False,103820.35417396588,False,0,0.0,60.0
MP priors,ConcCost,multi,-time,fixed 100h,5 expl + recipe priors,6,700003,0.0,3807.8549771495072,3807.8549771495072,281.2663770000854,281.2663770000854,3526.588600149422,28.56106277846443,76.88528065617709,False,110175.33438918872,False,0,0.0208695652173913,75.0
MP priors,ConcCost,multi,-time,fixed 100h,5 expl + recipe priors,6,700004,0.0,3489.7318393406067,3489.7318393406067,275.22523258330875,275.22523258330875,3214.506606757298,25.904465439958805,79.30828094949611,False,108401.4738364838,False,0,0.0243478260869565,60.0
MP priors,ConcCost,multi,-time,fixed 100h,5 expl + recipe priors,6,700005,0.0,4579.638637947093,4579.638637947093,457.64376720759356,457.64376720759356,4121.9948707395,35.322448620751295,84.75405572688169,False,106174.57074515594,False,0,0.0,60.0
MP priors,ConcCost,multi,-time,fixed 100h,5 expl + recipe priors,6,700006,0.0,4409.687334229903,4409.687334229903,423.9291254908144,423.9291254908144,3985.758208739089,32.919325116568366,83.23650092996213,False,106863.6381808068,False,0,0.0,60.0
MP priors,ConcCost,multi,-time,fixed 100h,5 expl + recipe priors,6,700007,0.0,3674.7486557302823,3674.7486557302823,319.5493488884981,319.5493488884981,3355.199306841784,27.305547755539717,80.30406858090693,False,107938.79658976248,False,0,0.0,60.0
MP priors,ConcCost,multi,-time,fixed 100h,5 expl + recipe priors,6,700008,0.0,3573.115031234387,3573.115031234387,269.28703586046777,269.28703586046777,3303.8279953739193,26.14694502505509,74.69412786204258,False,110761.78452935904,False,0,0.0243478260869565,75.0
MP priors,ConcCost,multi,-time,fixed 100h,5 expl + recipe priors,6,700009,0.0,3668.146858036226,3668.146858036226,279.35655461748,279.35655461748,3388.790303418746,26.876912485667884,76.20414410146066,False,111513.80295656426,False,0,0.0104347826086956,75.0
MP priors,ConcCost,multi,-time,fixed 100h,5 expl + recipe priors,6,700000,20.0,3782.98264217777,3782.98264217777,534.672200985342,534.672200985342,3248.310441192428,29.142997977125297,80.30855834315362,False,106937.57983525874,False,0,0.0121739130434782,75.0
MP priors,ConcCost,multi,-time,fixed 100h,5 expl + recipe priors,6,700001,20.0,3920.181918348713,3920.181918348713,519.3276251715997,519.3276251715997,3400.8542931771135,30.05211094215405,71.80057813566386,False,110274.56888337254,False,0,0.02,90.0
MP priors,ConcCost,multi,-time,fixed 100h,5 expl + recipe priors,6,700002,20.0,2869.717280356507,2869.717280356507,-717.1729817821142,-717.1729817821142,3586.8902621386214,20.69211519286573,99.30290498609249,False,102720.10518045592,False,0,0.0,75.0
MP priors,ConcCost,multi,-time,fixed 100h,5 expl + recipe priors,6,700003,20.0,3757.808577450688,3757.808577450688,424.3164219534983,424.3164219534983,3333.4921554971897,28.650790304563607,76.5444253749427,False,109595.1677826547,False,0,0.0217391304347826,95.0
MP priors,ConcCost,multi,-time,fixed 100h,5 expl + recipe priors,6,700004,20.0,3487.7650481706696,3487.7650481706696,466.87989565830276,466.87989565830276,3020.885152512367,26.33729536114747,78.75086254508888,False,108097.67616121008,False,0,0.0243478260869565,75.0
MP priors,ConcCost,multi,-time,fixed 100h,5 expl + recipe priors,6,700005,20.0,3913.405671388595,3913.405671388595,35.05762989364757,35.05762989364757,3878.348041494947,29.331813935202277,84.97272778872684,False,106044.62240046028,False,0,0.0,80.0
MP priors,ConcCost,multi,-time,fixed 100h,5 expl + recipe priors,6,700006,20.0,4381.173205653212,4381.173205653212,657.3286580572912,657.3286580572912,3723.8445475959206,32.99269837728816,82.49431025452736,False,107398.33053244752,False,0,0.0,75.0
MP priors,ConcCost,multi,-time,fixed 100h,5 expl + recipe priors,6,700007,20.0,3648.211738329095,3648.211738329095,525.0924215739615,525.0924215739615,3123.1193167551337,27.493096521811303,79.53439478065765,False,107837.30544207607,False,0,0.0,75.0
MP priors,ConcCost,multi,-time,fixed 100h,5 expl + recipe priors,6,700008,20.0,3557.5992900704905,3557.5992900704905,450.39814038646364,450.39814038646364,3107.201149684027,26.51232791076968,73.66771804788479,False,110142.15092093154,False,0,0.0243478260869565,90.0
MP priors,ConcCost,multi,-time,fixed 100h,5 expl + recipe priors,6,700009,20.0,3641.7995434922577,3641.7995434922577,451.18120587625754,451.18120587625754,3190.618337616,27.145228676519377,74.92839424914382,False,110711.05200846668,False,0,0.0104347826086956,90.0
MP priors,ConcCost,multi,-time,fixed 100h,5 expl + recipe priors,6,700000,40.0,3571.1711107973047,3571.1711107973047,553.9894986912168,553.9894986912168,3017.181612106088,28.31025265752096,79.36133947057817,False,105864.77637960349,False,0,0.0121739130434782,90.0
MP priors,ConcCost,multi,-time,fixed 100h,5 expl + recipe priors,6,700001,40.0,3457.4514193879386,3457.4514193879386,240.11239834816433,240.11239834816433,3217.3390210397743,26.661309366083312,73.75616104268484,False,108981.0496552979,False,0,0.02,110.0
MP priors,ConcCost,multi,-time,fixed 100h,5 expl + recipe priors,6,700002,40.0,2585.676083805084,2585.676083805084,-759.3675672486388,-759.3675672486388,3345.043651053723,19.001597926186296,99.05191258002232,False,101102.65580353617,False,0,0.0,90.0
MP priors,ConcCost,multi,-time,fixed 100h,5 expl + recipe priors,6,700003,40.0,2993.5488550896157,2993.5488550896157,-145.70107514693336,-145.70107514693336,3139.249930236549,22.721524168399338,78.79222135238714,False,107426.48685073612,False,0,0.0217391304347826,105.0
MP priors,ConcCost,multi,-time,fixed 100h,5 expl + recipe priors,6,700004,40.0,3335.494545118842,3335.494545118842,538.1389545457369,538.1389545457369,2797.355590573105,25.9298384721306,75.64001309815401,False,106473.15018699969,False,0,0.0243478260869565,90.0
MP priors,ConcCost,multi,-time,fixed 100h,5 expl + recipe priors,6,700005,40.0,3067.3643774645648,3067.3643774645648,-544.8473233170535,-544.8473233170535,3612.211700781618,22.878394361300284,87.48524572737989,False,103300.451810521,False,0,0.0,95.0
MP priors,ConcCost,multi,-time,fixed 100h,5 expl + recipe priors,6,700006,40.0,3989.6083856932582,3989.6083856932582,536.6893010015233,536.6893010015233,3452.919084691735,30.504533301570294,80.79553164690024,False,106174.89982930444,False,0,0.0,90.0
MP priors,ConcCost,multi,-time,fixed 100h,5 expl + recipe priors,6,700007,40.0,3518.532967612022,3518.532967612022,606.2989775738888,606.2989775738888,2912.233990038133,27.102907056563016,77.002837850284,False,106624.14024928244,False,0,0.0,90.0
MP priors,ConcCost,multi,-time,fixed 100h,5 expl + recipe priors,6,700008,40.0,3411.4506655535133,3411.4506655535133,486.08810007209513,486.08810007209513,2925.362565481418,26.079797715837746,72.76706902467646,False,108819.87930710052,False,0,0.0243478260869565,100.0
MP priors,ConcCost,multi,-time,fixed 100h,5 expl + recipe priors,6,700009,40.0,3467.85043800524,3467.85043800524,474.9769356842453,474.9769356842453,2992.8735023209947,26.450401320702255,75.97405066283203,False,109758.27910037308,False,0,0.0104347826086956,100.0
MP priors,ConcCost,multi,-time,fixed 100h,5 expl + recipe priors,6,700000,60.0,3368.6922913933977,3368.6922913933977,572.2621609032149,572.2621609032149,2796.430130490183,27.59472670975037,77.20835977701871,False,102975.51339170124,False,0,0.0121739130434782,110.0
MP priors,ConcCost,multi,-time,fixed 100h,5 expl + recipe priors,6,700001,60.0,3125.387113700674,3125.387113700674,90.39672417806241,90.39672417806241,3034.9903895226116,24.421909671705382,73.29769973080589,False,106964.03492242252,False,0,0.02,115.0
MP priors,ConcCost,multi,-time,fixed 100h,5 expl + recipe priors,6,700002,60.0,2192.0043569463987,0.0,-880.3752647622914,-3072.37962170869,3072.37962170869,15.94087553956492,106.2305183554759,True,97134.5703982579,False,1,0.0,100.0
MP priors,ConcCost,multi,-time,fixed 100h,5 expl + recipe priors,6,700003,60.0,2369.466733678464,2369.466733678464,-509.50485524843634,-509.50485524843634,2878.9715889269005,17.923987011637482,80.05183511962585,False,102947.55819458926,False,0,0.0217391304347826,115.0
MP priors,ConcCost,multi,-time,fixed 100h,5 expl + recipe priors,6,700004,60.0,3098.190070229477,3098.190070229477,522.2450169152717,522.2450169152717,2575.9450533142053,24.881316708971475,71.93706749758118,False,103657.69023275128,False,0,0.0243478260869565,110.0
MP priors,ConcCost,multi,-time,fixed 100h,5 expl + recipe priors,6,700005,60.0,2903.119456477032,2903.119456477032,-431.3088027084191,-431.3088027084191,3334.428259185451,22.229788838569608,85.70551400185609,False,100492.78695192936,False,0,0.0,110.0
MP priors,ConcCost,multi,-time,fixed 100h,5 expl + recipe priors,6,700006,60.0,3873.243095025843,3873.243095025843,685.057979784729,685.057979784729,3188.185115241114,30.832455469052213,77.53444591231576,False,103193.2474360539,False,0,0.0,110.0
MP priors,ConcCost,multi,-time,fixed 100h,5 expl + recipe priors,6,700007,60.0,3275.957958698792,3275.957958698792,577.968843771183,577.968843771183,2697.989114927609,26.09615144212874,74.60089642024748,False,103665.25880169154,False,0,0.0,110.0
MP priors,ConcCost,multi,-time,fixed 100h,5 expl + recipe priors,6,700008,60.0,3218.5837500266316,3218.5837500266316,500.1086680186754,500.1086680186754,2718.475082007956,25.397665581274392,71.71363757337306,False,105796.9837997684,False,0,0.0243478260869565,115.0
MP priors,ConcCost,multi,-time,fixed 100h,5 expl + recipe priors,6,700009,60.0,3296.6567001326075,3296.6567001326075,514.4017038658776,514.4017038658776,2782.25499626673,25.85448997023092,74.34742241779601,False,106875.36252236157,False,0,0.0104347826086956,115.0
MP priors,ConcCost,multi,-time,fixed 100h,5 expl + recipe priors,6,700000,80.0,2996.7823935594247,2996.7823935594247,479.5722235016992,479.5722235016992,2517.2101700577255,25.444284977669376,74.29395855097326,False,99635.39026092448,False,0,0.0121739130434782,120.0
MP priors,ConcCost,multi,-time,fixed 100h,5 expl + recipe priors,6,700001,80.0,2813.5339007632792,2813.5339007632792,76.58810332813937,76.58810332813937,2736.94579743514,22.670187592382536,72.60169130244668,False,103886.30490179032,False,0,0.02,125.0
MP priors,ConcCost,multi,-time,fixed 100h,5 expl + recipe priors,6,700002,80.0,2377.8547085443015,2377.8547085443015,-373.622249947633,-373.622249947633,2751.4769584919345,18.662705179044927,89.77837895604245,False,94483.1159376351,False,0,0.0,115.0
MP priors,ConcCost,multi,-time,fixed 100h,5 expl + recipe priors,6,700003,80.0,2527.408363403435,2527.408363403435,-88.73894715838605,-88.73894715838605,2616.147310561821,20.351279722343477,75.7334638887154,False,101316.16176554398,False,0,0.0217391304347826,125.0
MP priors,ConcCost,multi,-time,fixed 100h,5 expl + recipe priors,6,700004,80.0,2777.9970634739466,2777.9970634739466,459.10717989997374,459.10717989997374,2318.889883573973,23.214395181230024,69.12390749558752,False,100311.53962107068,False,0,0.0243478260869565,125.0
MP priors,ConcCost,multi,-time,fixed 100h,5 expl + recipe priors,6,700005,80.0,2580.8605731864363,2580.8605731864363,-401.2650477326547,-401.2650477326547,2982.125620919091,20.508349937011435,85.3161908322928,False,96581.67485511488,False,0,0.0,120.0
MP priors,ConcCost,multi,-time,fixed 100h,5 expl + recipe priors,6,700006,80.0,3464.5064614492144,3464.5064614492144,602.9213698073295,602.9213698073295,2861.585091641885,28.88327462196387,74.85414642159958,False,98803.70899846897,False,0,0.0,120.0
MP priors,ConcCost,multi,-time,fixed 100h,5 expl + recipe priors,6,700007,80.0,2956.008083460695,2956.008083460695,501.76751897656686,501.76751897656686,2454.2405644841283,24.48949868749298,71.63583481159125,False,100148.7366544686,False,0,0.0,120.0
MP priors,ConcCost,multi,-time,fixed 100h,5 expl + recipe priors,6,700008,80.0,2912.1801290600733,2912.1801290600733,444.9078721070323,444.9078721070323,2467.272256953041,23.95594898831899,68.5774382158935,False,101475.01368681413,False,0,0.0243478260869565,125.0
MP priors,ConcCost,multi,-time,fixed 100h,5 expl + recipe priors,6,700009,80.0,2966.038634178255,2966.038634178255,470.90087469089394,470.90087469089394,2495.137759487361,24.196569827652624,70.89132877354551,False,102751.72261980172,False,0,0.0104347826086956,125.0
MP probes,ConcCost,multi,-time,fixed 100h,1 expl + 4 probes,6,700000,0.0,3534.8901136765417,3534.8901136765417,67.56121141171707,67.56121141171707,3467.3289022648246,27.102068543221577,93.70651900767427,False,108459.72375703909,False,0,0.0113043478260869,50.0
MP probes,ConcCost,multi,-time,fixed 100h,1 expl + 4 probes,6,700001,0.0,4171.602842447479,4171.602842447479,597.703631760628,597.703631760628,3573.899210686851,30.307142867041232,78.02559103218222,False,113255.0022010138,False,0,0.0191304347826086,55.0
MP probes,ConcCost,multi,-time,fixed 100h,1 expl + 4 probes,6,700002,0.0,3040.260104910405,0.0,-656.3581183761471,-3696.618223286552,3696.618223286552,23.74341457270855,110.68703228938466,True,103556.44425578287,False,1,0.0,50.0
MP probes,ConcCost,multi,-time,fixed 100h,1 expl + 4 probes,6,700003,0.0,4126.2385297298,4126.2385297298,599.6499295803778,599.6499295803778,3526.588600149422,29.64645284288969,81.96685224219118,False,113532.41407812329,False,0,0.02,60.0
MP probes,ConcCost,multi,-time,fixed 100h,1 expl + 4 probes,6,700004,0.0,3226.1944834858277,3226.1944834858277,11.687876728529773,11.687876728529773,3214.506606757298,24.273643193292237,92.90708385907628,False,110340.22517192642,False,0,0.0234782608695652,50.0
MP probes,ConcCost,multi,-time,fixed 100h,1 expl + 4 probes,6,700005,0.0,4123.106722304403,4123.106722304403,1.1118515649031906,1.1118515649031906,4121.9948707395,32.1764571182357,98.02505700695882,False,107007.12334118584,False,0,0.0,50.0
MP probes,ConcCost,multi,-time,fixed 100h,1 expl + 4 probes,6,700006,0.0,3952.900478981814,3952.900478981814,-32.85772975727468,-32.85772975727468,3985.758208739089,29.963360936332144,96.97710643406003,False,107945.63779377834,False,0,0.0,50.0
MP probes,ConcCost,multi,-time,fixed 100h,1 expl + 4 probes,6,700007,0.0,3339.804068767864,3339.804068767864,-15.395238073920154,-15.395238073920154,3355.199306841784,25.22050995384197,93.79790234796538,False,108933.5772150988,False,0,0.0,50.0
MP probes,ConcCost,multi,-time,fixed 100h,1 expl + 4 probes,6,700008,0.0,3851.5204638960886,3851.5204638960886,547.6924685221693,547.6924685221693,3303.8279953739193,27.18622578492368,80.37174416011904,False,113951.32360401582,False,0,0.0234782608695652,60.0
MP probes,ConcCost,multi,-time,fixed 100h,1 expl + 4 probes,6,700009,0.0,3929.057800742935,3929.057800742935,540.2674973241888,540.2674973241888,3388.790303418746,27.70924964337019,81.984326214034,False,114983.79034974634,False,0,0.0095652173913043,60.0
MP probes,ConcCost,multi,-time,fixed 100h,1 expl + 4 probes,6,700000,20.0,3603.970471603042,3603.970471603042,355.6600304106141,355.6600304106141,3248.310441192428,28.294921305330742,81.2206382090461,False,103303.37760407146,False,0,0.0113043478260869,70.0
MP probes,ConcCost,multi,-time,fixed 100h,1 expl + 4 probes,6,700001,20.0,3884.294959968026,3884.294959968026,483.4406667909125,483.4406667909125,3400.8542931771135,29.813262827934324,74.34416780259977,False,108258.44134964352,False,0,0.0191304347826086,80.0
MP probes,ConcCost,multi,-time,fixed 100h,1 expl + 4 probes,6,700002,20.0,3647.700721819415,3647.700721819415,60.81045968079343,60.81045968079343,3586.8902621386214,28.635398764236346,88.84360084265938,False,99548.60930493976,False,0,0.0,70.0
MP probes,ConcCost,multi,-time,fixed 100h,1 expl + 4 probes,6,700003,20.0,3764.630660486937,3764.630660486937,431.13850498974716,431.13850498974716,3333.4921554971897,28.650018295192915,77.05323925321301,False,108176.7580861849,False,0,0.0208695652173913,80.0
MP probes,ConcCost,multi,-time,fixed 100h,1 expl + 4 probes,6,700004,20.0,3359.5640298021976,3359.5640298021976,338.6788772898308,338.6788772898308,3020.885152512367,25.68295684049191,79.75536515171505,False,105365.61751036967,False,0,0.0243478260869565,70.0
MP probes,ConcCost,multi,-time,fixed 100h,1 expl + 4 probes,6,700005,20.0,4354.729461038774,4354.729461038774,476.3814195438272,476.3814195438272,3878.348041494947,34.68790417680991,84.23078328207365,False,102323.76122723184,False,0,0.0,75.0
MP probes,ConcCost,multi,-time,fixed 100h,1 expl + 4 probes,6,700006,20.0,4194.917293768705,4194.917293768705,471.0727461727847,471.0727461727847,3723.8445475959206,32.15926100140189,83.51375954021125,False,103709.19950860157,False,0,0.0,70.0
MP probes,ConcCost,multi,-time,fixed 100h,1 expl + 4 probes,6,700007,20.0,3504.751518951793,3504.751518951793,381.63220219665936,381.63220219665936,3123.1193167551337,26.712060133750487,81.01179372046481,False,104968.8594358136,False,0,0.0,70.0
MP probes,ConcCost,multi,-time,fixed 100h,1 expl + 4 probes,6,700008,20.0,3521.5633264085845,3521.5633264085845,414.3621767245577,414.3621767245577,3107.201149684027,26.245714238751304,76.23234913563634,False,108723.94900756968,False,0,0.0243478260869565,80.0
MP probes,ConcCost,multi,-time,fixed 100h,1 expl + 4 probes,6,700009,20.0,3615.007396222571,3615.007396222571,424.38905860657087,424.38905860657087,3190.618337616,26.94948733937456,77.57090734629683,False,109168.60389912136,False,0,0.0104347826086956,80.0
MP probes,ConcCost,multi,-time,fixed 100h,1 expl + 4 probes,6,700000,40.0,3384.5423236804645,3384.5423236804645,367.36071157437664,367.36071157437664,3017.181612106088,27.47912693291169,78.51741801982618,False,100475.13101804932,False,0,0.0113043478260869,80.0
MP probes,ConcCost,multi,-time,fixed 100h,1 expl + 4 probes,6,700001,40.0,3701.7594255195663,3701.7594255195663,484.42040447979207,484.42040447979207,3217.3390210397743,29.287225228121105,71.72853202867582,False,105970.33677737504,False,0,0.0191304347826086,90.0
MP probes,ConcCost,multi,-time,fixed 100h,1 expl + 4 probes,6,700002,40.0,3547.053285376018,3547.053285376018,202.00963432229491,202.00963432229491,3345.043651053723,28.734545291932527,86.39279632880405,False,96589.09236750996,False,0,0.0,80.0
MP probes,ConcCost,multi,-time,fixed 100h,1 expl + 4 probes,6,700003,40.0,3582.8525294171136,3582.8525294171136,443.60259918056454,443.60259918056454,3139.249930236549,28.124036627995523,74.73464178831138,False,105132.16817011888,False,0,0.0208695652173913,90.0
MP probes,ConcCost,multi,-time,fixed 100h,1 expl + 4 probes,6,700004,40.0,3139.7881991947525,3139.7881991947525,342.43260862164743,342.43260862164743,2797.355590573105,24.897665101854123,76.95320203193876,False,102293.93252865392,False,0,0.0243478260869565,80.0
MP probes,ConcCost,multi,-time,fixed 100h,1 expl + 4 probes,6,700005,40.0,4086.0630017066087,4086.0630017066087,473.8513009249905,473.8513009249905,3612.211700781618,33.69027150136144,81.86551085517156,False,99147.67513919194,False,0,0.0,80.0
MP probes,ConcCost,multi,-time,fixed 100h,1 expl + 4 probes,6,700006,40.0,3892.164624265586,3892.164624265586,439.24553957385115,439.24553957385115,3452.919084691735,31.07362812970233,79.46966939506186,False,99879.03376860345,False,0,0.0,80.0
MP probes,ConcCost,multi,-time,fixed 100h,1 expl + 4 probes,6,700007,40.0,3270.1625789900954,3270.1625789900954,357.9285889519624,357.9285889519624,2912.233990038133,25.935808219817552,77.42367087155291,False,101353.60598294118,False,0,0.0,80.0
MP probes,ConcCost,multi,-time,fixed 100h,1 expl + 4 probes,6,700008,40.0,3330.4136790366274,3330.4136790366274,405.0511135552092,405.0511135552092,2925.362565481418,25.767028548012178,73.02954711908836,False,104832.08045253497,False,0,0.0243478260869565,90.0
MP probes,ConcCost,multi,-time,fixed 100h,1 expl + 4 probes,6,700009,40.0,3396.412509850781,3396.412509850781,403.53900752978643,403.53900752978643,2992.8735023209947,26.254575825797556,74.5287133675174,False,105586.90268485426,False,0,0.0104347826086956,90.0
MP probes,ConcCost,multi,-time,fixed 100h,1 expl + 4 probes,6,700000,60.0,3096.985308053049,3096.985308053049,300.555177562866,300.555177562866,2796.430130490183,26.40625871595733,72.80884585053995,False,95935.51111414662,False,0,0.0113043478260869,95.0
MP probes,ConcCost,multi,-time,fixed 100h,1 expl + 4 probes,6,700001,60.0,3440.43562495632,3440.43562495632,405.4452354337086,405.4452354337086,3034.9903895226116,28.36005073675057,68.65107739433726,False,102135.4775223699,False,0,0.0191304347826086,115.0
MP probes,ConcCost,multi,-time,fixed 100h,1 expl + 4 probes,6,700002,60.0,3412.2680151583895,3412.2680151583895,339.8883934496994,339.8883934496994,3072.37962170869,29.15540598775679,83.93849688200898,False,93528.87430611555,False,0,0.0,95.0
MP probes,ConcCost,multi,-time,fixed 100h,1 expl + 4 probes,6,700003,60.0,3193.4301961819324,3193.4301961819324,314.4586072550319,314.4586072550319,2878.9715889269005,26.47688955599959,72.88056777351997,False,99881.19646908838,False,0,0.0208695652173913,110.0
MP probes,ConcCost,multi,-time,fixed 100h,1 expl + 4 probes,6,700004,60.0,2851.396737415881,2851.396737415881,275.4516841016757,275.4516841016757,2575.9450533142053,23.67486710587057,70.12251409090358,False,97706.01170986213,False,0,0.0243478260869565,95.0
MP probes,ConcCost,multi,-time,fixed 100h,1 expl + 4 probes,6,700005,60.0,3701.230614122276,3701.230614122276,366.80235493682494,366.80235493682494,3334.428259185451,31.925627141842273,79.88718886679003,False,95168.90894405462,False,0,0.0,95.0
MP probes,ConcCost,multi,-time,fixed 100h,1 expl + 4 probes,6,700006,60.0,3563.3966092765436,3563.3966092765436,375.2114940354295,375.2114940354295,3188.185115241114,29.75299742450459,74.214962226452,False,95529.56131604878,False,0,0.0,100.0
MP probes,ConcCost,multi,-time,fixed 100h,1 expl + 4 probes,6,700007,60.0,2996.7084754146877,2996.7084754146877,298.7193604870786,298.7193604870786,2697.989114927609,24.862858608204665,70.51525204111286,False,97025.28705057631,False,0,0.0,100.0
MP probes,ConcCost,multi,-time,fixed 100h,1 expl + 4 probes,6,700008,60.0,3027.6180183664906,3027.6180183664906,309.14293635853437,309.14293635853437,2718.475082007956,24.632938619024547,67.81261899862375,False,99830.8158130377,False,0,0.0243478260869565,110.0
MP probes,ConcCost,multi,-time,fixed 100h,1 expl + 4 probes,6,700009,60.0,3099.75983564124,3099.75983564124,317.5048393745101,317.5048393745101,2782.25499626673,25.154816736852887,70.14135139725444,False,100573.38325756283,False,0,0.0104347826086956,110.0
MP probes,ConcCost,multi,-time,fixed 100h,1 expl + 4 probes,6,700000,80.0,2752.9631524981332,2752.9631524981332,235.75298244040778,235.75298244040778,2517.2101700577255,24.46702886640977,70.5970490639446,False,92479.8310898383,False,0,0.0113043478260869,120.0
MP probes,ConcCost,multi,-time,fixed 100h,1 expl + 4 probes,6,700001,80.0,3014.0561115530645,3014.0561115530645,277.11031411792464,277.11031411792464,2736.94579743514,26.210403410762424,66.12700754042808,False,96812.18655367776,False,0,0.0191304347826086,130.0
MP probes,ConcCost,multi,-time,fixed 100h,1 expl + 4 probes,6,700002,80.0,3026.062640878569,3026.062640878569,274.5856823866343,274.5856823866343,2751.4769584919345,26.642957819636543,80.69352921897212,False,91226.66541039644,False,0,0.0,115.0
MP probes,ConcCost,multi,-time,fixed 100h,1 expl + 4 probes,6,700003,80.0,2811.0175963468573,2811.0175963468573,194.87028578503623,194.87028578503623,2616.147310561821,24.488752591043735,69.2631642097176,False,94760.60921290822,False,0,0.0208695652173913,130.0
MP probes,ConcCost,multi,-time,fixed 100h,1 expl + 4 probes,6,700004,80.0,2540.1324190231057,2540.1324190231057,221.2425354491329,221.2425354491329,2318.889883573973,22.04073767760508,65.09939368712423,False,93837.08454827266,False,0,0.0243478260869565,125.0
MP probes,ConcCost,multi,-time,fixed 100h,1 expl + 4 probes,6,700005,80.0,3234.869920285104,3234.869920285104,252.7442993660129,252.7442993660129,2982.125620919091,28.954523150300883,77.2595355977473,False,92202.31416032225,False,0,0.0,120.0
MP probes,ConcCost,multi,-time,fixed 100h,1 expl + 4 probes,6,700006,80.0,3159.0893023837752,3159.0893023837752,297.50421074189035,297.50421074189035,2861.585091641885,27.416950508064332,72.24841819236042,False,92435.28045110995,False,0,0.0,120.0
MP probes,ConcCost,multi,-time,fixed 100h,1 expl + 4 probes,6,700007,80.0,2696.5826717252075,2696.5826717252075,242.34210724107925,242.34210724107925,2454.2405644841283,23.3322869197191,68.1281325503999,False,93335.03561103914,False,0,0.0,120.0
MP probes,ConcCost,multi,-time,fixed 100h,1 expl + 4 probes,6,700008,80.0,2698.7838928780616,2698.7838928780616,231.51163592502053,231.51163592502053,2467.272256953041,23.040312942203233,64.03237841999405,False,95087.9781229226,False,0,0.0243478260869565,130.0
MP probes,ConcCost,multi,-time,fixed 100h,1 expl + 4 probes,6,700009,80.0,2710.870723147775,2710.870723147775,215.73296366041404,215.73296366041404,2495.137759487361,23.061133616983117,66.84916527326804,False,95904.66999615388,False,0,0.0104347826086956,125.0
MP Type2 biomass split,ConcCost,multi,-time,biomass split,5 expl,6,700000,0.0,3663.061947548876,3663.061947548876,195.7330452840515,195.7330452840515,3467.3289022648246,28.320967200545837,80.07507073683051,False,104024.2432412197,False,0,0.0113043478260869,65.0
MP Type2 biomass split,ConcCost,multi,-time,biomass split,5 expl,6,700001,0.0,3730.1342068312338,3730.1342068312338,156.23499614438288,156.23499614438288,3573.899210686851,28.6279548367858,70.48415607611102,False,106753.62497996428,False,0,0.0191304347826086,75.0
MP Type2 biomass split,ConcCost,multi,-time,biomass split,5 expl,6,700002,0.0,4060.733355561797,4060.733355561797,364.11513227524483,364.11513227524483,3696.618223286552,32.09110167653708,87.95125538024253,False,99885.02521339532,False,0,0.0,65.0
MP Type2 biomass split,ConcCost,multi,-time,biomass split,5 expl,6,700003,0.0,3722.5095784035,3722.5095784035,195.92097825407836,195.92097825407836,3526.588600149422,28.252029804710997,74.91531599976685,False,107173.67306327296,False,0,0.0208695652173913,75.0
MP Type2 biomass split,ConcCost,multi,-time,biomass split,5 expl,6,700004,0.0,3393.812240284849,3393.812240284849,179.30563352755098,179.30563352755098,3214.506606757298,25.61578862143793,78.22908956880366,False,105675.8943396336,False,0,0.0234782608695652,65.0
MP Type2 biomass split,ConcCost,multi,-time,biomass split,5 expl,6,700005,0.0,4407.296031902587,4407.296031902587,285.3011611630873,285.3011611630873,4121.9948707395,34.83546111896482,83.50573966890128,False,102314.20952394124,False,0,0.0,70.0
MP Type2 biomass split,ConcCost,multi,-time,biomass split,5 expl,6,700006,0.0,4256.630696440821,4256.630696440821,270.87248770173255,270.87248770173255,3985.758208739089,32.50454539800691,81.72413488682228,False,103216.24192442204,False,0,0.0,70.0
MP Type2 biomass split,ConcCost,multi,-time,biomass split,5 expl,6,700007,0.0,3560.5574526972787,3560.5574526972787,205.3581458554945,205.3581458554945,3355.199306841784,26.969905717294473,79.21289348892016,False,104873.69992644608,False,0,0.0,65.0
MP Type2 biomass split,ConcCost,multi,-time,biomass split,5 expl,6,700008,0.0,3470.911293570178,3470.911293570178,167.0832981962585,167.0832981962585,3303.8279953739193,25.814729540003412,73.43956409102063,False,107472.92898269596,False,0,0.0234782608695652,75.0
MP Type2 biomass split,ConcCost,multi,-time,biomass split,5 expl,6,700009,0.0,3569.6730029179716,3569.6730029179716,180.8826994992255,180.8826994992255,3388.790303418746,26.58409588942993,74.88579152464676,False,108135.95416225393,False,0,0.0104347826086956,75.0
MP Type2 biomass split,ConcCost,multi,-time,biomass split,5 expl,6,700000,20.0,3619.838318263294,3619.838318263294,371.527877070866,371.527877070866,3248.310441192428,28.48055743326567,78.83091495584992,False,103572.05505677636,False,0,0.0113043478260869,75.0
MP Type2 biomass split,ConcCost,multi,-time,biomass split,5 expl,6,700001,20.0,3738.225479272609,3738.225479272609,337.37118609549543,337.37118609549543,3400.8542931771135,29.211105642624553,70.12527858695307,False,106447.2454715063,False,0,0.0191304347826086,85.0
MP Type2 biomass split,ConcCost,multi,-time,biomass split,5 expl,6,700002,20.0,3568.923909095943,3568.923909095943,-17.966353042678293,-17.966353042678293,3586.8902621386214,27.648967573624383,87.4105333953817,False,99442.4072900722,False,0,0.0,75.0
MP Type2 biomass split,ConcCost,multi,-time,biomass split,5 expl,6,700003,20.0,3670.176264323564,3670.176264323564,336.6841088263741,336.6841088263741,3333.4921554971897,28.422646407074566,73.36705443469783,False,106256.85031161508,False,0,0.0208695652173913,85.0
MP Type2 biomass split,ConcCost,multi,-time,biomass split,5 expl,6,700004,20.0,3331.3063828405707,3331.3063828405707,310.4212303282038,310.4212303282038,3020.885152512367,25.61779333792436,77.21525215856549,False,105108.52667719638,False,0,0.0243478260869565,75.0
MP Type2 biomass split,ConcCost,multi,-time,biomass split,5 expl,6,700005,20.0,4332.683894769695,4332.683894769695,454.33585327474793,454.33585327474793,3878.348041494947,34.71857481457913,82.20218020739162,False,102030.66218700157,False,0,0.0,80.0
MP Type2 biomass split,ConcCost,multi,-time,biomass split,5 expl,6,700006,20.0,4160.714871543892,4160.714871543892,436.870323947971,436.870323947971,3723.8445475959206,32.27914972306417,80.45424338362282,False,102835.47111402624,False,0,0.0,80.0
MP Type2 biomass split,ConcCost,multi,-time,biomass split,5 expl,6,700007,20.0,3483.1902400455415,3483.1902400455415,360.0709232904078,360.0709232904078,3123.1193167551337,26.822533669008536,77.999237194363,False,104473.73079953996,False,0,0.0,75.0
MP Type2 biomass split,ConcCost,multi,-time,biomass split,5 expl,6,700008,20.0,3422.290572416063,3422.290572416063,315.0894227320359,315.0894227320359,3107.201149684027,25.96521901673832,72.38554955225129,False,106684.43364812245,False,0,0.0243478260869565,85.0
MP Type2 biomass split,ConcCost,multi,-time,biomass split,5 expl,6,700009,20.0,3513.39702199197,3513.39702199197,322.77868437597,322.77868437597,3190.618337616,26.670252019484973,73.49869921376413,False,107236.63778634089,False,0,0.0104347826086956,85.0
MP Type2 biomass split,ConcCost,multi,-time,biomass split,5 expl,6,700000,40.0,3466.687578825406,3466.687578825406,449.50596671931817,449.50596671931817,3017.181612106088,27.98227740062871,76.93172080465958,False,102564.60578292362,False,0,0.0113043478260869,90.0
MP Type2 biomass split,ConcCost,multi,-time,biomass split,5 expl,6,700001,40.0,3640.339783150995,3640.339783150995,423.00076211122087,423.00076211122087,3217.3390210397743,29.146367634424973,70.03842189907327,False,105620.06773868838,False,0,0.0191304347826086,110.0
MP Type2 biomass split,ConcCost,multi,-time,biomass split,5 expl,6,700002,40.0,3301.8246977647914,3301.8246977647914,-43.218953288931516,-43.218953288931516,3345.043651053723,25.8794471486833,87.70637826607894,False,99380.24673825307,False,0,0.0,90.0
MP Type2 biomass split,ConcCost,multi,-time,biomass split,5 expl,6,700003,40.0,3511.742608087032,3511.742608087032,372.4926778504828,372.4926778504828,3139.249930236549,27.844904253390855,75.39634719510946,False,105203.86772228222,False,0,0.0208695652173913,100.0
MP Type2 biomass split,ConcCost,multi,-time,biomass split,5 expl,6,700004,40.0,3207.7650934663397,3207.7650934663397,410.40950289323473,410.40950289323473,2797.355590573105,25.341602446928867,74.13645343286045,False,103622.57184740069,False,0,0.0243478260869565,90.0
MP Type2 biomass split,ConcCost,multi,-time,biomass split,5 expl,6,700005,40.0,3670.881667365439,3670.881667365439,58.66996658382095,58.66996658382095,3612.211700781618,29.109363175137737,82.90718923134598,False,101427.898966506,False,0,0.0,90.0
MP Type2 biomass split,ConcCost,multi,-time,biomass split,5 expl,6,700006,40.0,3975.739663412907,3975.739663412907,522.8205787211718,522.8205787211718,3452.919084691735,31.45667456835542,77.7704033899636,False,102064.08192462612,False,0,0.0,90.0
MP Type2 biomass split,ConcCost,multi,-time,biomass split,5 expl,6,700007,40.0,3372.823833689363,3372.823833689363,460.5898436512298,460.5898436512298,2912.233990038133,26.544667431375743,74.38836298892583,False,103259.5876691608,False,0,0.0,90.0
MP Type2 biomass split,ConcCost,multi,-time,biomass split,5 expl,6,700008,40.0,3317.057350614076,3317.057350614076,391.69478513265767,391.69478513265767,2925.362565481418,25.81323015910855,70.117835440716,False,105187.70662409508,False,0,0.0243478260869565,100.0
MP Type2 biomass split,ConcCost,multi,-time,biomass split,5 expl,6,700009,40.0,3372.3869378130794,3372.3869378130794,379.5134354920847,379.5134354920847,2992.8735023209947,26.23648293879728,73.08085173514516,False,105934.05568979256,False,0,0.0104347826086956,100.0
MP Type2 biomass split,ConcCost,multi,-time,biomass split,5 expl,6,700000,60.0,3237.224599119549,3237.224599119549,440.7944686293663,440.7944686293663,2796.430130490183,27.022623106842087,75.64797596962588,False,100381.38401363198,False,0,0.0113043478260869,115.0
MP Type2 biomass split,ConcCost,multi,-time,biomass split,5 expl,6,700001,60.0,3418.781152536745,3418.781152536745,383.7907630141335,383.7907630141335,3034.9903895226116,28.12483792893918,70.59007979806084,False,104045.70639363868,False,0,0.0191304347826086,120.0
MP Type2 biomass split,ConcCost,multi,-time,biomass split,5 expl,6,700002,60.0,2902.871704335372,2902.871704335372,-169.50791737331792,-169.50791737331792,3072.37962170869,23.108128843698857,88.18747434442203,False,96621.83916697836,False,0,0.0,110.0
MP Type2 biomass split,ConcCost,multi,-time,biomass split,5 expl,6,700003,60.0,3063.1214164744933,3063.1214164744933,184.14982754759285,184.14982754759285,2878.9715889269005,25.086514817507673,76.038253769395,False,102944.44896869607,False,0,0.0208695652173913,120.0
MP Type2 biomass split,ConcCost,multi,-time,biomass split,5 expl,6,700004,60.0,2963.60468356821,2963.60468356821,387.6596302540047,387.6596302540047,2575.9450533142053,24.233503736656584,70.28028379040073,False,101171.73116758802,False,0,0.0243478260869565,115.0
MP Type2 biomass split,ConcCost,multi,-time,biomass split,5 expl,6,700005,60.0,3226.1860686588234,3226.1860686588234,-108.24219052662784,-108.24219052662784,3334.428259185451,26.220118421178224,82.62285358575706,False,99187.195231118,False,0,0.0,110.0
MP Type2 biomass split,ConcCost,multi,-time,biomass split,5 expl,6,700006,60.0,3691.9441632828994,3691.9441632828994,503.75904804178526,503.75904804178526,3188.185115241114,30.097716725478502,75.65528236243792,False,99993.99528595064,False,0,0.0,110.0
MP Type2 biomass split,ConcCost,multi,-time,biomass split,5 expl,6,700007,60.0,3132.260319015006,3132.260319015006,434.2712040873971,434.2712040873971,2697.989114927609,25.44448911823122,72.84563797578444,False,101132.11370333182,False,0,0.0,115.0
MP Type2 biomass split,ConcCost,multi,-time,biomass split,5 expl,6,700008,60.0,3069.934259699756,3069.934259699756,351.4591776917996,351.4591776917996,2718.475082007956,24.735009237507732,70.0134416627308,False,102884.75164708692,False,0,0.0243478260869565,120.0
MP Type2 biomass split,ConcCost,multi,-time,biomass split,5 expl,6,700009,60.0,3142.9871836550524,3142.9871836550524,360.7321873883225,360.7321873883225,2782.25499626673,25.177810048135953,72.6318382611357,False,103854.47849890451,False,0,0.0104347826086956,115.0
MP Type2 biomass split,ConcCost,multi,-time,biomass split,5 expl,6,700000,80.0,2852.15150481352,2852.15150481352,334.94133475579474,334.94133475579474,2517.2101700577255,24.627037815278,72.49394736360027,False,97636.78878313628,False,0,0.0113043478260869,130.0
MP Type2 biomass split,ConcCost,multi,-time,biomass split,5 expl,6,700001,80.0,2716.617237337946,2716.617237337946,-20.328560097193986,-20.328560097193986,2736.94579743514,22.546612468453755,69.19171081613672,False,101227.97818971124,False,0,0.0191304347826086,140.0
MP Type2 biomass split,ConcCost,multi,-time,biomass split,5 expl,6,700002,80.0,2400.4031700782684,2400.4031700782684,-351.0737884136661,-351.0737884136661,2751.4769584919345,19.322558364174228,86.6629056225777,False,92887.4778730284,False,0,0.0,120.0
MP Type2 biomass split,ConcCost,multi,-time,biomass split,5 expl,6,700003,80.0,2811.876921441176,2811.876921441176,195.72961087935482,195.72961087935482,2616.147310561821,23.963366694018134,71.79190153123857,False,99806.55915182029,False,0,0.0208695652173913,130.0
MP Type2 biomass split,ConcCost,multi,-time,biomass split,5 expl,6,700004,80.0,2652.7444445930546,2652.7444445930546,333.85456101908176,333.85456101908176,2318.889883573973,22.563647815133912,67.40908687211473,False,98160.99368534896,False,0,0.0243478260869565,130.0
MP Type2 biomass split,ConcCost,multi,-time,biomass split,5 expl,6,700005,80.0,2435.480670112338,2435.480670112338,-546.6449508067531,-546.6449508067531,2982.125620919091,19.65313367285786,85.35694939016207,False,94430.87200184744,False,0,0.0,125.0
MP Type2 biomass split,ConcCost,multi,-time,biomass split,5 expl,6,700006,80.0,3289.2161877109957,3289.2161877109957,427.63109606911075,427.63109606911075,2861.585091641885,27.960014178074537,72.55688559309017,False,96440.1463061835,False,0,0.0,125.0
MP Type2 biomass split,ConcCost,multi,-time,biomass split,5 expl,6,700007,80.0,2831.2537262746555,2831.2537262746555,377.0131617905272,377.0131617905272,2454.2405644841283,23.872857607938137,69.68425626641239,False,97901.11909760776,False,0,0.0,130.0
MP Type2 biomass split,ConcCost,multi,-time,biomass split,5 expl,6,700008,80.0,2772.1558864088292,2772.1558864088292,304.8836294557882,304.8836294557882,2467.272256953041,23.28069130630406,66.6701902917189,False,98993.94157830674,False,0,0.0243478260869565,130.0
MP Type2 biomass split,ConcCost,multi,-time,biomass split,5 expl,6,700009,80.0,2797.193764641065,2797.193764641065,302.05600515370406,302.05600515370406,2495.137759487361,23.305707253813353,68.93910854193152,False,100210.14076598716,False,0,0.0104347826086956,130.0
MP Type3 biomass split+blend,ConcCost,multi,-time,biomass split+blend,5 expl,6,700000,0.0,3328.867243604458,3328.867243604458,-138.46165866036654,-138.46165866036654,3467.3289022648246,25.833755831900845,97.60907602942945,False,106863.00326085382,False,0,0.0113043478260869,50.0
MP Type3 biomass split+blend,ConcCost,multi,-time,biomass split+blend,5 expl,6,700001,0.0,3998.849190707723,3998.849190707723,424.9499800208723,424.9499800208723,3573.899210686851,29.50577851705718,77.46990176266308,False,110965.09201396527,False,0,0.0191304347826086,55.0
MP Type3 biomass split+blend,ConcCost,multi,-time,biomass split+blend,5 expl,6,700002,0.0,968.844362182617,0.0,-2727.773861103935,-3696.618223286552,3696.618223286552,6.36545333853502,176.08906781397656,True,103526.7069969094,False,1,0.0,50.0
MP Type3 biomass split+blend,ConcCost,multi,-time,biomass split+blend,5 expl,6,700003,0.0,3949.3727795089944,3949.3727795089944,422.7841793595726,422.7841793595726,3526.588600149422,28.85851133470014,82.28939459591543,False,110994.25629896876,False,0,0.02,60.0
MP Type3 biomass split+blend,ConcCost,multi,-time,biomass split+blend,5 expl,6,700004,0.0,3208.165071711699,3208.165071711699,-6.341535045598903,-6.341535045598903,3214.506606757298,24.13862222712096,95.07148507020042,False,109881.41357188024,False,0,0.0234782608695652,50.0
MP Type3 biomass split+blend,ConcCost,multi,-time,biomass split+blend,5 expl,6,700005,0.0,1322.4526878612471,0.0,-2799.542182878253,-4121.9948707395,4121.9948707395,8.620350048197688,162.54025244674887,True,105838.53836711336,False,1,0.0,55.0
MP Type3 biomass split+blend,ConcCost,multi,-time,biomass split+blend,5 expl,6,700006,0.0,3887.9429354578224,0.0,-97.8152732812664,-3985.758208739089,3985.758208739089,30.09238744831706,102.94663410644418,True,105560.45415848908,False,1,0.0,50.0
MP Type3 biomass split+blend,ConcCost,multi,-time,biomass split+blend,5 expl,6,700007,0.0,3331.8788516324694,3331.8788516324694,-23.320455209314787,-23.320455209314787,3355.199306841784,25.095877209189492,95.41108837583003,False,108355.0218472579,False,0,0.0,50.0
MP Type3 biomass split+blend,ConcCost,multi,-time,biomass split+blend,5 expl,6,700008,0.0,3702.5096556290264,3702.5096556290264,398.6816602551071,398.6816602551071,3303.8279953739193,26.530717882138863,80.84469244006361,False,111692.27640345044,False,0,0.0234782608695652,60.0
MP Type3 biomass split+blend,ConcCost,multi,-time,biomass split+blend,5 expl,6,700009,0.0,3746.3611864114096,3746.3611864114096,357.5708829926634,357.5708829926634,3388.790303418746,26.918389174739897,83.06930806899963,False,112469.67153850244,False,0,0.0095652173913043,60.0
MP Type3 biomass split+blend,ConcCost,multi,-time,biomass split+blend,5 expl,6,700000,20.0,3719.09712359091,3719.09712359091,470.7866823984823,470.7866823984823,3248.310441192428,28.701965187714723,83.55720714538063,False,105185.54075206794,False,0,0.0113043478260869,65.0
MP Type3 biomass split+blend,ConcCost,multi,-time,biomass split+blend,5 expl,6,700001,20.0,3804.600118694525,3804.600118694525,403.7458255174115,403.7458255174115,3400.8542931771135,29.285578581782826,74.8584514025347,False,107168.9590240516,False,0,0.0191304347826086,75.0
MP Type3 biomass split+blend,ConcCost,multi,-time,biomass split+blend,5 expl,6,700002,20.0,3632.322132385805,0.0,45.431870247183724,-3586.8902621386214,3586.8902621386214,29.527345762251656,101.29723763542684,True,100208.67634782796,False,1,0.0,65.0
MP Type3 biomass split+blend,ConcCost,multi,-time,biomass split+blend,5 expl,6,700003,20.0,3743.9402228334193,3743.9402228334193,410.44806733622954,410.44806733622954,3333.4921554971897,28.50640958289727,77.48566843174468,False,107217.30257102304,False,0,0.0208695652173913,80.0
MP Type3 biomass split+blend,ConcCost,multi,-time,biomass split+blend,5 expl,6,700004,20.0,3463.552631044986,3463.552631044986,442.66747853261904,442.66747853261904,3020.885152512367,26.089513008031727,81.95699431387497,False,107131.7139368768,False,0,0.0243478260869565,65.0
MP Type3 biomass split+blend,ConcCost,multi,-time,biomass split+blend,5 expl,6,700005,20.0,4309.361770552524,4309.361770552524,431.0137290575767,431.0137290575767,3878.348041494947,34.11556039509711,86.51753401121945,False,102487.60151187,False,0,0.0,70.0
MP Type3 biomass split+blend,ConcCost,multi,-time,biomass split+blend,5 expl,6,700006,20.0,4191.9433998381555,4191.9433998381555,468.0988522422349,468.0988522422349,3723.8445475959206,32.03899069560908,85.65484541166595,False,103757.59427063329,False,0,0.0,65.0
MP Type3 biomass split+blend,ConcCost,multi,-time,biomass split+blend,5 expl,6,700007,20.0,3570.081149147336,3570.081149147336,446.96183239220227,446.96183239220227,3123.1193167551337,26.933124859488068,82.90702209814744,False,106138.42388049356,False,0,0.0,65.0
MP Type3 biomass split+blend,ConcCost,multi,-time,biomass split+blend,5 expl,6,700008,20.0,3495.07735859423,3495.07735859423,387.87620891020333,387.87620891020333,3107.201149684027,26.067387902217646,76.66937653153816,False,108076.55889754904,False,0,0.0243478260869565,80.0
MP Type3 biomass split+blend,ConcCost,multi,-time,biomass split+blend,5 expl,6,700009,20.0,3590.8981419463635,3590.8981419463635,400.2798043303633,400.2798043303633,3190.618337616,26.80123651055203,78.03040997618778,False,108524.3904045649,False,0,0.0104347826086956,80.0
MP Type3 biomass split+blend,ConcCost,multi,-time,biomass split+blend,5 expl,6,700000,40.0,3426.382007995185,3426.382007995185,409.2003958890973,409.2003958890973,3017.181612106088,27.77122228171741,77.70073296620728,False,100868.31481998724,False,0,0.0113043478260869,85.0
MP Type3 biomass split+blend,ConcCost,multi,-time,biomass split+blend,5 expl,6,700001,40.0,3555.9403689976016,3555.9403689976016,338.60134795782733,338.60134795782733,3217.3390210397743,28.535870793205504,70.16183741175699,False,103977.92833197128,False,0,0.0191304347826086,95.0
MP Type3 biomass split+blend,ConcCost,multi,-time,biomass split+blend,5 expl,6,700002,40.0,3385.493296467428,3385.493296467428,40.449645413705184,40.449645413705184,3345.043651053723,27.35425709095358,86.11062802485714,False,95646.86373345456,False,0,0.0,85.0
MP Type3 biomass split+blend,ConcCost,multi,-time,biomass split+blend,5 expl,6,700003,40.0,3472.9844055362746,3472.9844055362746,333.73447529972555,333.73447529972555,3139.249930236549,27.53720759695768,75.36514695803298,False,103908.55367910542,False,0,0.0208695652173913,95.0
MP Type3 biomass split+blend,ConcCost,multi,-time,biomass split+blend,5 expl,6,700004,40.0,3179.2106695022576,3179.2106695022576,381.85507892915257,381.85507892915257,2797.355590573105,25.17619610852201,75.88792596798154,False,102597.7295149256,False,0,0.0243478260869565,85.0
MP Type3 biomass split+blend,ConcCost,multi,-time,biomass split+blend,5 expl,6,700005,40.0,3963.4373432518214,3963.4373432518214,351.2256424702032,351.2256424702032,3612.211700781618,32.88755486402075,82.19217411647568,False,98068.09532904084,False,0,0.0,90.0
MP Type3 biomass split+blend,ConcCost,multi,-time,biomass split+blend,5 expl,6,700006,40.0,3795.369061748348,3795.369061748348,342.4499770566131,342.4499770566131,3452.919084691735,30.666400536236264,77.4899904386343,False,98026.37486812555,False,0,0.0,90.0
MP Type3 biomass split+blend,ConcCost,multi,-time,biomass split+blend,5 expl,6,700007,40.0,3284.6024015491275,3284.6024015491275,372.3684115109945,372.3684115109945,2912.233990038133,26.06901260709314,75.8873969111607,False,101191.94337969334,False,0,0.0,85.0
MP Type3 biomass split+blend,ConcCost,multi,-time,biomass split+blend,5 expl,6,700008,40.0,3264.5012901665673,3264.5012901665673,339.1387246851491,339.1387246851491,2925.362565481418,25.48331782840116,71.80433745399293,False,103702.79690996716,False,0,0.0243478260869565,95.0
MP Type3 biomass split+blend,ConcCost,multi,-time,biomass split+blend,5 expl,6,700009,40.0,3328.427223798854,3328.427223798854,335.5537214778592,335.5537214778592,2992.8735023209947,25.93629316442953,73.41166486161046,False,104618.43531645846,False,0,0.0104347826086956,95.0
MP Type3 biomass split+blend,ConcCost,multi,-time,biomass split+blend,5 expl,6,700000,60.0,3010.440040224445,3010.440040224445,214.00990973426224,214.00990973426224,2796.430130490183,26.07486281197952,71.12517971417837,False,93699.59481681357,False,0,0.0113043478260869,110.0
MP Type3 biomass split+blend,ConcCost,multi,-time,biomass split+blend,5 expl,6,700001,60.0,3280.614002443467,3280.614002443467,245.62361292085552,245.62361292085552,3034.9903895226116,27.5389319797225,67.08889988775394,False,99255.76695593524,False,0,0.0191304347826086,120.0
MP Type3 biomass split+blend,ConcCost,multi,-time,biomass split+blend,5 expl,6,700002,60.0,3182.7022133954606,3182.7022133954606,110.32259168677047,110.32259168677047,3072.37962170869,28.139510367887898,79.8793668444832,False,88560.87568754479,False,0,0.0,100.0
MP Type3 biomass split+blend,ConcCost,multi,-time,biomass split+blend,5 expl,6,700003,60.0,3148.560487966835,3148.560487966835,269.5888990399344,269.5888990399344,2878.9715889269005,26.337960364055025,72.00488863520718,False,98263.96303507785,False,0,0.0208695652173913,115.0
MP Type3 biomass split+blend,ConcCost,multi,-time,biomass split+blend,5 expl,6,700004,60.0,2790.9771048925923,2790.9771048925923,215.03205157838693,215.03205157838693,2575.9450533142053,23.50307275987363,67.67152846980942,False,95830.12202559336,False,0,0.0243478260869565,110.0
MP Type3 biomass split+blend,ConcCost,multi,-time,biomass split+blend,5 expl,6,700005,60.0,3511.694118006514,3511.694118006514,177.26585882106292,177.26585882106292,3334.428259185451,31.13686285199978,76.64583090242756,False,91027.44194928142,False,0,0.0,110.0
MP Type3 biomass split+blend,ConcCost,multi,-time,biomass split+blend,5 expl,6,700006,60.0,3288.6073187134302,3288.6073187134302,100.42220347231614,100.42220347231614,3188.185115241114,28.54958212205381,69.79667126566373,False,90040.98356180846,False,0,0.0,110.0
MP Type3 biomass split+blend,ConcCost,multi,-time,biomass split+blend,5 expl,6,700007,60.0,2873.7374481696947,2873.7374481696947,175.74833324208566,175.74833324208566,2697.989114927609,24.348941469694804,68.25224998139447,False,94023.19940208556,False,0,0.0,110.0
MP Type3 biomass split+blend,ConcCost,multi,-time,biomass split+blend,5 expl,6,700008,60.0,2941.4727357730567,2941.4727357730567,222.9976537651005,222.9976537651005,2718.475082007956,24.33043595105231,65.93035711910674,False,97354.91858849052,False,0,0.0243478260869565,115.0
MP Type3 biomass split+blend,ConcCost,multi,-time,biomass split+blend,5 expl,6,700009,60.0,3018.9754083382036,3018.9754083382036,236.72041207147367,236.72041207147367,2782.25499626673,24.837885805627693,69.05917598856838,False,98523.18923773822,False,0,0.0104347826086956,115.0
MP Type3 biomass split+blend,ConcCost,multi,-time,biomass split+blend,5 expl,6,700000,80.0,2550.0940042384495,2550.0940042384495,32.88383418072408,32.88383418072408,2517.2101700577255,23.6210305155288,65.40040024159812,False,86887.60637960414,False,0,0.0113043478260869,125.0
MP Type3 biomass split+blend,ConcCost,multi,-time,biomass split+blend,5 expl,6,700001,80.0,2831.942367255935,2831.942367255935,94.99656982079523,94.99656982079523,2736.94579743514,25.44118711642274,62.35389930238558,False,91999.24756842764,False,0,0.0191304347826086,140.0
MP Type3 biomass split+blend,ConcCost,multi,-time,biomass split+blend,5 expl,6,700002,80.0,2763.417415892557,2763.417415892557,11.940457400622563,11.940457400622563,2751.4769584919345,25.83709811558803,74.29617464248358,False,83535.29937361497,False,0,0.0,120.0
MP Type3 biomass split+blend,ConcCost,multi,-time,biomass split+blend,5 expl,6,700003,80.0,2692.0217351790916,2692.0217351790916,75.8744246172705,75.8744246172705,2616.147310561821,24.168286983106736,65.02359929359328,False,90305.77338264952,False,0,0.0208695652173913,130.0
MP Type3 biomass split+blend,ConcCost,multi,-time,biomass split+blend,5 expl,6,700004,80.0,2357.3848477186557,2357.3848477186557,38.494964144682854,38.494964144682854,2318.889883573973,21.19183770486686,61.085181225570395,False,88843.34401927101,False,0,0.0243478260869565,130.0
MP Type3 biomass split+blend,ConcCost,multi,-time,biomass split+blend,5 expl,6,700005,80.0,3002.3264110591,3002.3264110591,20.20079014000885,20.20079014000885,2982.125620919091,28.338518281224037,70.97160692838625,False,85116.72420961145,False,0,0.0,125.0
MP Type3 biomass split+blend,ConcCost,multi,-time,biomass split+blend,5 expl,6,700006,80.0,2856.3706489799065,2856.3706489799065,-5.21444266197841,-5.21444266197841,2861.585091641885,26.20689898946729,65.36163707866646,False,85136.03566746652,False,0,0.0,125.0
MP Type3 biomass split+blend,ConcCost,multi,-time,biomass split+blend,5 expl,6,700007,80.0,2476.9987350465613,2476.9987350465613,22.75817056243295,22.75817056243295,2454.2405644841283,22.37354863415756,62.68863150698332,False,87553.22498549648,False,0,0.0,130.0
MP Type3 biomass split+blend,ConcCost,multi,-time,biomass split+blend,5 expl,6,700008,80.0,2509.760463482768,2509.760463482768,42.488206529726995,42.488206529726995,2467.272256953041,22.19522947549024,59.4964943782792,False,89958.48045685387,False,0,0.0243478260869565,130.0
MP Type3 biomass split+blend,ConcCost,multi,-time,biomass split+blend,5 expl,6,700009,80.0,2548.7989865911163,2548.7989865911163,53.66122710375521,53.66122710375521,2495.137759487361,22.47669581173551,62.41281209660767,False,90811.72531541975,False,0,0.0104347826086956,130.0
MassCost SP +time,MassCost,single,+time,-,5 expl,6,700000,0.0,3926.4556399331577,3926.4556399331577,459.12673766833313,459.12673766833313,3467.3289022648246,29.405012925760584,84.82093676598787,False,107326.01547861371,False,0,0.0113043478260869,
MassCost SP +time,MassCost,single,+time,-,5 expl,6,700001,0.0,4111.881035626737,4111.881035626737,537.9818249398859,537.9818249398859,3573.899210686851,30.08340478282372,77.4883538932452,False,112214.69961776622,False,0,0.0191304347826086,
MassCost SP +time,MassCost,single,+time,-,5 expl,6,700002,0.0,3506.7470387367075,3506.7470387367075,-189.87118454984466,-189.87118454984466,3696.618223286552,26.031511046157114,96.65674521544992,False,104074.64025965393,False,0,0.0,
MassCost SP +time,MassCost,single,+time,-,5 expl,6,700003,0.0,4103.021640847433,4103.021640847433,576.4330406980116,576.4330406980116,3526.588600149422,29.581651621557864,81.78374402993356,False,112952.66603197897,False,0,0.0208695652173913,
MassCost SP +time,MassCost,single,+time,-,5 expl,6,700004,0.0,3569.6411011091377,3569.6411011091377,355.13449435183975,355.13449435183975,3214.506606757298,26.34126489336794,83.00048829498654,False,107446.51791799723,False,0,0.0243478260869565,
MassCost SP +time,MassCost,single,+time,-,5 expl,6,700005,0.0,4648.229565182319,4648.229565182319,526.2346944428191,526.2346944428191,4121.9948707395,34.971993909090216,90.29634601738974,False,108442.23409894052,False,0,0.0,
MassCost SP +time,MassCost,single,+time,-,5 expl,6,700006,0.0,4626.892891348054,4626.892891348054,641.1346826089652,641.1346826089652,3985.758208739089,33.82265568534281,87.73514961922518,False,108645.15789455388,False,0,0.0,
MassCost SP +time,MassCost,single,+time,-,5 expl,6,700007,0.0,3737.2125074629353,3737.2125074629353,382.0132006211511,382.0132006211511,3355.199306841784,27.543112760427142,84.01945782003415,False,107463.62526291194,False,0,0.0,
MassCost SP +time,MassCost,single,+time,-,5 expl,6,700008,0.0,3758.970232717416,3758.970232717416,455.1422373434966,455.1422373434966,3303.8279953739193,26.741241163983535,80.10160370795838,False,112128.88116415632,False,0,0.0243478260869565,
MassCost SP +time,MassCost,single,+time,-,5 expl,6,700009,0.0,3889.744484347431,3889.744484347431,500.95418092868476,500.95418092868476,3388.790303418746,27.64916651929816,81.60146003942094,False,113266.50168775434,False,0,0.0104347826086956,
MassCost SP +time,MassCost,single,+time,-,5 expl,6,700000,20.0,3793.6391982524783,3793.6391982524783,545.3287570600505,545.3287570600505,3248.310441192428,28.98976672155431,83.80287556128083,False,107006.70574906556,False,0,0.0121739130434782,
MassCost SP +time,MassCost,single,+time,-,5 expl,6,700001,20.0,3982.2278672056527,3982.2278672056527,581.3735740285392,581.3735740285392,3400.8542931771135,30.078085763211146,76.52664843372834,False,110273.34320542304,False,0,0.02,
MassCost SP +time,MassCost,single,+time,-,5 expl,6,700002,20.0,1626.5886838568604,0.0,-1960.301578281761,-3586.8902621386214,3586.8902621386214,10.781613028434744,144.40019388474633,True,100536.31462686376,False,1,0.0,
MassCost SP +time,MassCost,single,+time,-,5 expl,6,700003,20.0,3844.9295062990577,3844.9295062990577,511.437350801868,511.437350801868,3333.4921554971897,28.714403538746566,78.82359730900497,False,110482.21679699868,False,0,0.0217391304347826,
MassCost SP +time,MassCost,single,+time,-,5 expl,6,700004,20.0,3448.6753479950885,3448.6753479950885,427.79019548272163,427.79019548272163,3020.885152512367,25.999454376421493,82.2010926763607,False,106672.59566374285,False,0,0.0243478260869565,
MassCost SP +time,MassCost,single,+time,-,5 expl,6,700005,20.0,3017.4943791462197,3017.4943791462197,-860.8536623487275,-860.8536623487275,3878.348041494947,21.812358014084293,96.95475570024516,False,104995.4815606117,False,0,0.0,
MassCost SP +time,MassCost,single,+time,-,5 expl,6,700006,20.0,3986.5999298088313,3986.5999298088313,262.7553822129107,262.7553822129107,3723.8445475959206,29.965347609347123,89.03902918228785,False,107500.4584176057,False,0,0.0,
MassCost SP +time,MassCost,single,+time,-,5 expl,6,700007,20.0,3641.6033464008833,3641.6033464008833,518.4840296457496,518.4840296457496,3123.1193167551337,27.182964268241815,83.18953616155585,False,107670.67824590084,False,0,0.0,
MassCost SP +time,MassCost,single,+time,-,5 expl,6,700008,20.0,3526.821846602915,3526.821846602915,419.6206969188879,419.6206969188879,3107.201149684027,25.987996766173296,77.82870271151329,False,109576.69162969128,False,0,0.0243478260869565,
MassCost SP +time,MassCost,single,+time,-,5 expl,6,700009,20.0,3684.8680946576033,3684.8680946576033,494.24975704160306,494.24975704160306,3190.618337616,27.03900251956856,79.29756400469793,False,111013.40113325244,False,0,0.0104347826086956,
MassCost SP +time,MassCost,single,+time,-,5 expl,6,700000,40.0,3470.6973224312537,3470.6973224312537,453.51571032516586,453.51571032516586,3017.181612106088,27.736552667074573,79.5282247088843,False,102902.13535290112,False,0,0.0121739130434782,
MassCost SP +time,MassCost,single,+time,-,5 expl,6,700001,40.0,3699.623117981226,3699.623117981226,482.28409694145193,482.28409694145193,3217.3390210397743,29.01626961881264,73.46161417967667,False,107230.88982475668,False,0,0.02,
MassCost SP +time,MassCost,single,+time,-,5 expl,6,700002,40.0,2678.867103194145,0.0,-666.176547859578,-3345.043651053723,3345.043651053723,20.373794340367976,104.12143511014212,True,99643.3278945946,False,1,0.0,
MassCost SP +time,MassCost,single,+time,-,5 expl,6,700003,40.0,3470.0070749283773,3470.0070749283773,330.7571446918282,330.7571446918282,3139.249930236549,27.07238781393823,78.01496881700845,False,106205.32906385536,False,0,0.0217391304347826,
MassCost SP +time,MassCost,single,+time,-,5 expl,6,700004,40.0,3170.009700309627,3170.009700309627,372.65410973652206,372.65410973652206,2797.355590573105,25.028376000364737,77.71362946651388,False,102177.0293358611,False,0,0.0243478260869565,
MassCost SP +time,MassCost,single,+time,-,5 expl,6,700005,40.0,2864.4907003313083,2864.4907003313083,-747.7210004503099,-747.7210004503099,3612.211700781618,21.209341722650723,91.0426712537523,False,102012.29745258128,False,0,0.0,
MassCost SP +time,MassCost,single,+time,-,5 expl,6,700006,40.0,4123.068046245072,4123.068046245072,670.1489615533369,670.1489615533369,3452.919084691735,31.7207260111108,81.19793452543726,False,105263.99695448212,False,0,0.0,
MassCost SP +time,MassCost,single,+time,-,5 expl,6,700007,40.0,3383.66466249153,3383.66466249153,471.43067245339716,471.43067245339716,2912.233990038133,26.341227287423397,78.16247685482115,False,103401.53496702971,False,0,0.0,
MassCost SP +time,MassCost,single,+time,-,5 expl,6,700008,40.0,3265.8956975335796,3265.8956975335796,340.53313205216136,340.53313205216136,2925.362565481418,25.13052442457577,73.73309806792804,False,105108.59351594334,False,0,0.0243478260869565,
MassCost SP +time,MassCost,single,+time,-,5 expl,6,700009,40.0,3370.514964276349,3370.514964276349,377.6414619553543,377.6414619553543,2992.8735023209947,25.81617861851212,75.9164323457652,False,106725.1261203672,False,0,0.0104347826086956,
MassCost SP +time,MassCost,single,+time,-,5 expl,6,700000,60.0,3063.4833890994155,3063.4833890994155,267.05325860923267,267.05325860923267,2796.430130490183,25.954237585818134,75.3059976675317,False,96726.56509129418,False,0,0.0121739130434782,
MassCost SP +time,MassCost,single,+time,-,5 expl,6,700001,60.0,3322.9817110181502,3322.9817110181502,287.9913214955386,287.9913214955386,3034.9903895226116,27.230993287398697,71.36267340671256,False,102579.0317926334,False,0,0.02,
MassCost SP +time,MassCost,single,+time,-,5 expl,6,700002,60.0,2983.581814133123,2983.581814133123,-88.79780757556728,-88.79780757556728,3072.37962170869,24.1358072854895,87.39215135603365,False,96581.54024829635,False,0,0.0,
MassCost SP +time,MassCost,single,+time,-,5 expl,6,700003,60.0,2861.6450560955095,2861.6450560955095,-17.326532831390978,-17.326532831390978,2878.9715889269005,23.982620768467847,75.72036384675627,False,98263.7453350053,False,0,0.0217391304347826,
MassCost SP +time,MassCost,single,+time,-,5 expl,6,700004,60.0,2806.77744513687,2806.77744513687,230.8323918226647,230.8323918226647,2575.9450533142053,23.43830133633571,70.52133000048447,False,96541.45873315367,False,0,0.0243478260869565,
MassCost SP +time,MassCost,single,+time,-,5 expl,6,700005,60.0,3272.298822077748,3272.298822077748,-62.129437107703325,-62.129437107703325,3334.428259185451,26.433322198019994,83.49647625170765,False,99406.38880902756,False,0,0.0,
MassCost SP +time,MassCost,single,+time,-,5 expl,6,700006,60.0,3688.546448039104,3688.546448039104,500.3613327979897,500.3613327979897,3188.185115241114,29.86191097008995,77.0754808639868,False,99482.17583893045,False,0,0.0,
MassCost SP +time,MassCost,single,+time,-,5 expl,6,700007,60.0,2992.954030104117,2992.954030104117,294.96491517650793,294.96491517650793,2697.989114927609,24.612732930559467,73.27921029706275,False,97577.83201197653,False,0,0.0,
MassCost SP +time,MassCost,single,+time,-,5 expl,6,700008,60.0,2879.058111024375,2879.058111024375,160.583029016419,160.583029016419,2718.475082007956,23.5145034112032,70.14064045327984,False,98806.5317948649,False,0,0.0243478260869565,
MassCost SP +time,MassCost,single,+time,-,5 expl,6,700009,60.0,3007.710996099462,3007.710996099462,225.45599983273223,225.45599983273223,2782.25499626673,24.321439560666743,73.21030170409819,False,100558.35168291266,False,0,0.0104347826086956,
MassCost SP +time,MassCost,single,+time,-,5 expl,6,700000,80.0,2613.0727493036875,2613.0727493036875,95.86257924596202,95.86257924596202,2517.2101700577255,23.833230419613667,67.91630366791479,False,88778.76981999468,False,0,0.0121739130434782,
MassCost SP +time,MassCost,single,+time,-,5 expl,6,700001,80.0,2812.7725368393467,2812.7725368393467,75.82673940420682,75.82673940420682,2736.94579743514,25.012232759342368,64.49734962693692,False,93242.90582538562,False,0,0.02,
MassCost SP +time,MassCost,single,+time,-,5 expl,6,700002,80.0,2907.6215044854985,2907.6215044854985,156.14454599356395,156.14454599356395,2751.4769584919345,26.277355661599785,77.99640044480451,False,87842.93112589145,False,0,0.0,
MassCost SP +time,MassCost,single,+time,-,5 expl,6,700003,80.0,2630.9225924627644,2630.9225924627644,14.775281900943355,14.775281900943355,2616.147310561821,23.53595451993468,67.17157676330403,False,90909.66576867925,False,0,0.0217391304347826,
MassCost SP +time,MassCost,single,+time,-,5 expl,6,700004,80.0,2407.4390433909066,2407.4390433909066,88.54915981693375,88.54915981693375,2318.889883573973,21.52213520807539,62.614043898115696,False,89717.59650303825,False,0,0.0243478260869565,
MassCost SP +time,MassCost,single,+time,-,5 expl,6,700005,80.0,3095.489443519587,3095.489443519587,113.36382260049595,113.36382260049595,2982.125620919091,28.00141128169747,76.76535381960785,False,90801.54091221424,False,0,0.0,
MassCost SP +time,MassCost,single,+time,-,5 expl,6,700006,80.0,3070.696654264514,3070.696654264514,209.1115626226292,209.1115626226292,2861.585091641885,27.01188916281456,71.24895162836268,False,90410.84480436749,False,0,0.0,
MassCost SP +time,MassCost,single,+time,-,5 expl,6,700007,80.0,2554.4236863421893,2554.4236863421893,100.18312185806099,100.18312185806099,2454.2405644841283,22.64145195904396,65.88448271100322,False,89738.26045810425,False,0,0.0,
MassCost SP +time,MassCost,single,+time,-,5 expl,6,700008,80.0,2536.5856222810035,2536.5856222810035,69.3133653279624,69.3133653279624,2467.272256953041,22.29573831181236,61.79752587346288,False,90908.40682625015,False,0,0.0243478260869565,
MassCost SP +time,MassCost,single,+time,-,5 expl,6,700009,80.0,2560.7740136790053,2560.7740136790053,65.63625419164418,65.63625419164418,2495.137759487361,22.28862623365589,65.74366455782388,False,92369.16215992343,False,0,0.0104347826086956,
MassCost SP -time,MassCost,single,-time,-,5 expl,6,700000,0.0,3947.811719205536,3947.811719205536,480.4828169407115,480.4828169407115,3467.3289022648246,29.631137694622492,83.68967471886423,False,109002.31075233837,False,0,0.0113043478260869,
MassCost SP -time,MassCost,single,-time,-,5 expl,6,700001,0.0,4063.128363326387,4063.128363326387,489.2291526395361,489.2291526395361,3573.899210686851,30.358746943244068,73.63352726979524,False,111652.35811567414,False,0,0.0191304347826086,
MassCost SP -time,MassCost,single,-time,-,5 expl,6,700002,0.0,3957.999467344037,3957.999467344037,261.38124405748476,261.38124405748476,3696.618223286552,31.469026035872105,87.69641685259724,False,98684.7986472297,False,0,0.0,
MassCost SP -time,MassCost,single,-time,-,5 expl,6,700003,0.0,4021.0420960437314,4021.0420960437314,494.4534958943095,494.4534958943095,3526.588600149422,29.548282475039017,78.19986413451515,False,112429.13498334488,False,0,0.0208695652173913,
MassCost SP -time,MassCost,single,-time,-,5 expl,6,700004,0.0,3663.7707602045457,3663.7707602045457,449.26415344724774,449.26415344724774,3214.506606757298,26.870004023594603,81.77676246188277,False,110743.29360205602,False,0,0.0243478260869565,
MassCost SP -time,MassCost,single,-time,-,5 expl,6,700005,0.0,4636.755784236786,4636.755784236786,514.7609134972863,514.7609134972863,4121.9948707395,35.74444675856758,86.19039852640701,False,106465.14196550428,False,0,0.0,
MassCost SP -time,MassCost,single,-time,-,5 expl,6,700006,0.0,4568.724831043361,4568.724831043361,582.9666223042718,582.9666223042718,3985.758208739089,33.65447694727586,85.41555461873689,False,108935.94580724038,False,0,0.0,
MassCost SP -time,MassCost,single,-time,-,5 expl,6,700007,0.0,3853.748517216044,3853.748517216044,498.5492103742599,498.5492103742599,3355.199306841784,28.1830850298074,82.9185610339712,False,110313.31355877676,False,0,0.0,
MassCost SP -time,MassCost,single,-time,-,5 expl,6,700008,0.0,3705.976831562241,3705.976831562241,402.14883618832164,402.14883618832164,3303.8279953739193,26.94082776629752,75.86546718950842,False,111824.11534619363,False,0,0.0243478260869565,
MassCost SP -time,MassCost,single,-time,-,5 expl,6,700009,0.0,3818.024362745036,3818.024362745036,429.23405932628975,429.23405932628975,3388.790303418746,27.718099542652737,77.50494593034784,False,112651.67148741963,False,0,0.0104347826086956,
MassCost SP -time,MassCost,single,-time,-,5 expl,6,700000,20.0,3604.5093790838514,3604.5093790838514,356.1989378914236,356.1989378914236,3248.310441192428,28.436113994401744,78.78203246830533,False,105089.55120310558,False,0,0.0121739130434782,
MassCost SP -time,MassCost,single,-time,-,5 expl,6,700001,20.0,3924.1479489034455,3924.1479489034455,523.293655726332,523.293655726332,3400.8542931771135,30.186714324197983,70.48476522236756,False,109685.99574901572,False,0,0.02,
MassCost SP -time,MassCost,single,-time,-,5 expl,6,700002,20.0,3389.127766426772,3389.127766426772,-197.76249571184962,-197.76249571184962,3586.8902621386214,28.568871585607052,81.99639280700438,False,94056.53110752188,False,0,0.0,
MassCost SP -time,MassCost,single,-time,-,5 expl,6,700003,20.0,3727.660739019333,3727.660739019333,394.1685835221433,394.1685835221433,3333.4921554971897,28.620353895798456,75.3120997181403,False,108554.65864420272,False,0,0.0217391304347826,
MassCost SP -time,MassCost,single,-time,-,5 expl,6,700004,20.0,3356.5714501409525,3356.5714501409525,335.68629762858563,335.68629762858563,3020.885152512367,25.88253033332616,77.02264676101433,False,106329.4723353846,False,0,0.0243478260869565,
MassCost SP -time,MassCost,single,-time,-,5 expl,6,700005,20.0,4053.6837353060982,4053.6837353060982,175.33569381115103,175.33569381115103,3878.348041494947,33.19935989244929,81.30703766485875,False,100664.39501647014,False,0,0.0,
MassCost SP -time,MassCost,single,-time,-,5 expl,6,700006,20.0,4063.184737056139,4063.184737056139,339.3401894602184,339.3401894602184,3723.8445475959206,31.71689963743269,80.5158138979068,False,103604.37198093857,False,0,0.0,
MassCost SP -time,MassCost,single,-time,-,5 expl,6,700007,20.0,3531.3509708150145,3531.3509708150145,408.23165405988084,408.23165405988084,3123.1193167551337,27.078375417877854,77.66258546880859,False,106188.59888726976,False,0,0.0,
MassCost SP -time,MassCost,single,-time,-,5 expl,6,700008,20.0,3532.679217907472,3532.679217907472,425.478068223445,425.478068223445,3107.201149684027,26.491348286473425,72.35658864126503,False,109293.7878049828,False,0,0.0243478260869565,
MassCost SP -time,MassCost,single,-time,-,5 expl,6,700009,20.0,3623.055758066695,3623.055758066695,432.43742045069484,432.43742045069484,3190.618337616,27.1388578557602,73.95590580068072,False,109962.17471373704,False,0,0.0104347826086956,
MassCost SP -time,MassCost,single,-time,-,5 expl,6,700000,40.0,3345.16754902492,3345.16754902492,327.98593691883207,327.98593691883207,3017.181612106088,27.40542157497156,77.22930062481944,False,102233.70762065012,False,0,0.0121739130434782,
MassCost SP -time,MassCost,single,-time,-,5 expl,6,700001,40.0,3723.8034105753095,3723.8034105753095,506.46438953553525,506.46438953553525,3217.3390210397743,29.509081089571243,71.39699678167604,False,107675.46031524266,False,0,0.02,
MassCost SP -time,MassCost,single,-time,-,5 expl,6,700002,40.0,3074.894423511032,3074.894423511032,-270.1492275426908,-270.1492275426908,3345.043651053723,27.101887550781147,78.85505046492548,False,90269.72069570368,False,0,0.0,
MassCost SP -time,MassCost,single,-time,-,5 expl,6,700003,40.0,3456.2667822243284,3456.2667822243284,317.0168519877793,317.0168519877793,3139.249930236549,27.540754027338764,75.57998232508395,False,105483.91621504811,False,0,0.0217391304347826,
MassCost SP -time,MassCost,single,-time,-,5 expl,6,700004,40.0,3149.9325147282125,3149.9325147282125,352.57692415510746,352.57692415510746,2797.355590573105,25.174940998206058,72.17737856992117,False,103330.98309880194,False,0,0.0243478260869565,
MassCost SP -time,MassCost,single,-time,-,5 expl,6,700005,40.0,3631.402942833525,3631.402942833525,19.191242051906556,19.191242051906556,3612.211700781618,31.186651141398496,79.52418803604465,False,96368.89203950998,False,0,0.0,
MassCost SP -time,MassCost,single,-time,-,5 expl,6,700006,40.0,3764.835346545992,3764.835346545992,311.91626185425685,311.91626185425685,3452.919084691735,30.44278152913287,77.01730766933515,False,100440.4896613523,False,0,0.0,
MassCost SP -time,MassCost,single,-time,-,5 expl,6,700007,40.0,3343.4794959938527,3343.4794959938527,431.24550595571964,431.24550595571964,2912.233990038133,26.469807042957942,74.52567591502425,False,103322.34107031125,False,0,0.0,
MassCost SP -time,MassCost,single,-time,-,5 expl,6,700008,40.0,3310.888684377791,3310.888684377791,385.52611889637274,385.52611889637274,2925.362565481418,25.795876849796063,70.64627433148044,False,106165.1900393312,False,0,0.0243478260869565,
MassCost SP -time,MassCost,single,-time,-,5 expl,6,700009,40.0,3361.209283088744,3361.209283088744,368.3357807677494,368.3357807677494,2992.8735023209947,26.131191022732313,73.789463521943,False,106951.34857878706,False,0,0.0104347826086956,
MassCost SP -time,MassCost,single,-time,-,5 expl,6,700000,60.0,3153.7365813328115,3153.7365813328115,357.3064508426287,357.3064508426287,2796.430130490183,26.488620642330872,75.96429343615759,False,100604.33411327392,False,0,0.0121739130434782,
MassCost SP -time,MassCost,single,-time,-,5 expl,6,700001,60.0,3060.230875969419,3060.230875969419,25.240486446807154,25.240486446807154,3034.9903895226116,24.34488324818615,71.0764916942846,False,105022.63776814406,False,0,0.02,
MassCost SP -time,MassCost,single,-time,-,5 expl,6,700002,60.0,2917.218742294356,2917.218742294356,-155.16087941433398,-155.16087941433398,3072.37962170869,26.03819029214781,77.9327289969478,False,89175.37317467354,False,0,0.0,
MassCost SP -time,MassCost,single,-time,-,5 expl,6,700003,60.0,3073.6452404003676,3073.6452404003676,194.6736514734671,194.6736514734671,2878.9715889269005,25.58304333503238,75.03619517088704,False,102073.8183046968,False,0,0.0217391304347826,
MassCost SP -time,MassCost,single,-time,-,5 expl,6,700004,60.0,2917.762064351431,2917.762064351431,341.8170110372257,341.8170110372257,2575.9450533142053,23.990927384344204,70.36494395226615,False,101295.58097584936,False,0,0.0243478260869565,
MassCost SP -time,MassCost,single,-time,-,5 expl,6,700005,60.0,3373.7765509197075,3373.7765509197075,39.348291734256236,39.348291734256236,3334.428259185451,29.74746205080347,78.48269306979998,False,94595.92131166375,False,0,0.0,
MassCost SP -time,MassCost,single,-time,-,5 expl,6,700006,60.0,3614.02011428093,3614.02011428093,425.834999039816,425.834999039816,3188.185115241114,29.682829964167112,75.22546418872051,False,99689.3243130521,False,0,0.0,
MassCost SP -time,MassCost,single,-time,-,5 expl,6,700007,60.0,3094.709079456771,3094.709079456771,396.7199645291621,396.7199645291621,2697.989114927609,25.200727061087814,73.00607091509976,False,101470.4891075646,False,0,0.0,
MassCost SP -time,MassCost,single,-time,-,5 expl,6,700008,60.0,3051.917206403541,3051.917206403541,333.44212439558487,333.44212439558487,2718.475082007956,24.6276168484671,70.56603482307385,False,103400.48370674824,False,0,0.0243478260869565,
MassCost SP -time,MassCost,single,-time,-,5 expl,6,700009,60.0,3128.262587456488,3128.262587456488,346.00759118975793,346.00759118975793,2782.25499626673,25.05422706519155,72.95301120122929,False,104479.48350960368,False,0,0.0104347826086956,
MassCost SP -time,MassCost,single,-time,-,5 expl,6,700000,80.0,2779.387798273801,2779.387798273801,262.1776282160754,262.1776282160754,2517.2101700577255,24.134097818429044,72.22175392269592,False,97550.58095690656,False,0,0.0121739130434782,
MassCost SP -time,MassCost,single,-time,-,5 expl,6,700001,80.0,2661.6535108511107,2661.6535108511107,-75.29228658402917,-75.29228658402917,2736.94579743514,22.126095515556234,70.13206541682655,False,101378.92786286832,False,0,0.02,
MassCost SP -time,MassCost,single,-time,-,5 expl,6,700002,80.0,2789.8390876560684,2789.8390876560684,38.362129164133876,38.362129164133876,2751.4769584919345,25.27808269302223,76.05690838443998,False,88540.35493673813,False,0,0.0,
MassCost SP -time,MassCost,single,-time,-,5 expl,6,700003,80.0,2751.4155886696144,2751.4155886696144,135.26827810779332,135.26827810779332,2616.147310561821,23.676188424300275,71.20669027904192,False,98891.02570299024,False,0,0.0217391304347826,
MassCost SP -time,MassCost,single,-time,-,5 expl,6,700004,80.0,2600.6012512637662,2600.6012512637662,281.7113676897934,281.7113676897934,2318.889883573973,22.284023772685423,67.34821576855867,False,97972.32598140943,False,0,0.0243478260869565,
MassCost SP -time,MassCost,single,-time,-,5 expl,6,700005,80.0,2955.9990231803504,2955.9990231803504,-26.126597738740656,-26.126597738740656,2982.125620919091,26.98878123244816,75.60213551912962,False,91404.48972769913,False,0,0.0,
MassCost SP -time,MassCost,single,-time,-,5 expl,6,700006,80.0,3235.126200404564,3235.126200404564,373.54110876267896,373.54110876267896,2861.585091641885,27.627696035989818,72.19402778443305,False,96303.46500287036,False,0,0.0,
MassCost SP -time,MassCost,single,-time,-,5 expl,6,700007,80.0,2779.6341056354913,2779.6341056354913,325.393541151363,325.393541151363,2454.2405644841283,23.53060981734279,69.46505405257194,False,97912.53611729592,False,0,0.0,
MassCost SP -time,MassCost,single,-time,-,5 expl,6,700008,80.0,2730.404499712,2730.404499712,263.1322427589589,263.1322427589589,2467.272256953041,23.0074286318929,66.56239865085901,False,99002.00061958178,False,0,0.0243478260869565,
MassCost SP -time,MassCost,single,-time,-,5 expl,6,700009,80.0,2756.588616760498,2756.588616760498,261.450857273137,261.450857273137,2495.137759487361,23.027304495930267,68.93891617774617,False,100339.52744676614,False,0,0.0104347826086956,
MassCost MP +time,MassCost,multi,+time,fixed 100h,5 expl,6,700000,0.0,3472.8670870826827,0.0,5.5381848178581095,-3467.3289022648246,3467.3289022648246,27.83798913066129,108.7268133083684,True,104917.17416486262,False,1,0.0113043478260869,
MassCost MP +time,MassCost,multi,+time,fixed 100h,5 expl,6,700001,0.0,3919.403986601736,3919.403986601736,345.50477591488516,345.50477591488516,3573.899210686851,29.928734021811508,87.07221999526561,False,110744.41704170336,False,0,0.0191304347826086,
MassCost MP +time,MassCost,multi,+time,fixed 100h,5 expl,6,700002,0.0,3576.620916777,0.0,-119.99730650955235,-3696.618223286552,3696.618223286552,29.131518940277633,112.59619346020054,True,102857.86571572286,False,1,0.0,
MassCost MP +time,MassCost,multi,+time,fixed 100h,5 expl,6,700003,0.0,3726.524111772584,3726.524111772584,199.93551162316226,199.93551162316226,3526.588600149422,28.763967447552343,92.42683646654028,False,108338.92568413635,False,0,0.0208695652173913,
MassCost MP +time,MassCost,multi,+time,fixed 100h,5 expl,6,700004,0.0,3335.8249635804914,0.0,121.31835682319343,-3214.506606757298,3214.506606757298,26.045358682016204,108.22857150952822,True,107082.94905583128,False,1,0.0243478260869565,
MassCost MP +time,MassCost,multi,+time,fixed 100h,5 expl,6,700005,0.0,3924.562485217806,0.0,-197.4323855216935,-4121.9948707395,4121.9948707395,32.204135426205696,108.8547809684398,True,104425.7515535952,False,1,0.0,
MassCost MP +time,MassCost,multi,+time,fixed 100h,5 expl,6,700006,0.0,4060.320850021061,0.0,74.56264128197199,-3985.758208739089,3985.758208739089,31.915520526538693,108.88499446662152,True,103558.1501676487,False,1,0.0,
MassCost MP +time,MassCost,multi,+time,fixed 100h,5 expl,6,700007,0.0,3501.2854933871304,0.0,146.0861865453462,-3355.199306841784,3355.199306841784,27.120327785945634,106.88982739704396,True,105857.78374108872,False,1,0.0,
MassCost MP +time,MassCost,multi,+time,fixed 100h,5 expl,6,700008,0.0,3613.399510066255,3613.399510066255,309.57151469233577,309.57151469233577,3303.8279953739193,27.084975607509563,92.10957709082462,False,108001.46245190344,False,0,0.0243478260869565,
MassCost MP +time,MassCost,multi,+time,fixed 100h,5 expl,6,700009,0.0,3767.600222447409,3767.600222447409,378.809919028663,378.809919028663,3388.790303418746,28.17735750274085,92.7258473305612,False,108529.49913494452,False,0,0.0104347826086956,
MassCost MP +time,MassCost,multi,+time,fixed 100h,5 expl,6,700000,20.0,3363.536212201878,3363.536212201878,115.22577100945,115.22577100945,3248.310441192428,27.374266856335556,86.29691800453728,False,100409.83548197108,False,0,0.0121739130434782,
MassCost MP +time,MassCost,multi,+time,fixed 100h,5 expl,6,700001,20.0,3095.696251273831,3095.696251273831,-305.15804190328254,-305.15804190328254,3400.8542931771135,25.174513648507308,71.49157300953621,False,104716.63572390638,False,0,0.0191304347826086,
MassCost MP +time,MassCost,multi,+time,fixed 100h,5 expl,6,700002,20.0,3060.5358319434363,3060.5358319434363,-526.3544301951852,-526.3544301951852,3586.8902621386214,26.011927289384428,89.575572691938,False,99164.9752883378,False,0,0.0,
MassCost MP +time,MassCost,multi,+time,fixed 100h,5 expl,6,700003,20.0,2989.8367640369543,2989.8367640369543,-343.6553914602355,-343.6553914602355,3333.4921554971897,24.124093714926484,73.97621706363057,False,103844.72884186612,False,0,0.0217391304347826,
MassCost MP +time,MassCost,multi,+time,fixed 100h,5 expl,6,700004,20.0,3561.4331136642895,3561.4331136642895,540.5479611519227,540.5479611519227,3020.885152512367,27.72689501847995,90.51173347768449,False,103022.73140380548,False,0,0.0243478260869565,
MassCost MP +time,MassCost,multi,+time,fixed 100h,5 expl,6,700005,20.0,3445.234795371519,3445.234795371519,-433.1132461234283,-433.1132461234283,3878.348041494947,28.936292152431815,83.34394687915285,False,101154.21021921412,False,0,0.0,
MassCost MP +time,MassCost,multi,+time,fixed 100h,5 expl,6,700006,20.0,3829.7240377970634,3829.7240377970634,105.87949020114274,105.87949020114274,3723.8445475959206,30.697810316766272,86.7665213464152,False,100462.32868125862,False,0,0.0,
MassCost MP +time,MassCost,multi,+time,fixed 100h,5 expl,6,700007,20.0,3655.8167305454726,3655.8167305454726,532.6974137903389,532.6974137903389,3123.1193167551337,28.326723022749835,90.36236450369456,False,102366.49368857723,False,0,0.0,
MassCost MP +time,MassCost,multi,+time,fixed 100h,5 expl,6,700008,20.0,2940.44144442042,2940.44144442042,-166.75970526360697,-166.75970526360697,3107.201149684027,23.227728434910745,74.02793326183445,False,103295.92597989336,False,0,0.0243478260869565,
MassCost MP +time,MassCost,multi,+time,fixed 100h,5 expl,6,700009,20.0,2947.7879922695706,2947.7879922695706,-242.83034534642957,-242.83034534642957,3190.618337616,23.224928273375166,74.42334417696692,False,103949.45972242966,False,0,0.0104347826086956,
MassCost MP +time,MassCost,multi,+time,fixed 100h,5 expl,6,700000,40.0,2737.216931345786,2737.216931345786,-279.9646807603017,-279.9646807603017,3017.181612106088,23.59341867441665,76.35248487785245,False,95548.21983332654,False,0,0.0121739130434782,
MassCost MP +time,MassCost,multi,+time,fixed 100h,5 expl,6,700001,40.0,2799.470713464598,2799.470713464598,-417.86830757517646,-417.86830757517646,3217.3390210397743,23.82023861502305,67.80667686758609,False,99756.83025946184,False,0,0.0191304347826086,
MassCost MP +time,MassCost,multi,+time,fixed 100h,5 expl,6,700002,40.0,3094.3408858561797,3094.3408858561797,-250.70276519754316,-250.70276519754316,3345.043651053723,26.821074260048395,80.22841258329908,False,93956.1237736033,False,0,0.0,
MassCost MP +time,MassCost,multi,+time,fixed 100h,5 expl,6,700003,40.0,2751.177814189855,2751.177814189855,-388.0721160466942,-388.0721160466942,3139.249930236549,23.07519069688456,70.6706102565568,False,99528.1541316252,False,0,0.0217391304347826,
MassCost MP +time,MassCost,multi,+time,fixed 100h,5 expl,6,700004,40.0,2600.4168135505756,2600.4168135505756,-196.9387770225294,-196.9387770225294,2797.355590573105,21.91611518097568,75.13625196926695,False,96368.01427476927,False,0,0.0243478260869565,
MassCost MP +time,MassCost,multi,+time,fixed 100h,5 expl,6,700005,40.0,3251.566423855418,3251.566423855418,-360.64527692620004,-360.64527692620004,3612.211700781618,28.428340632339065,77.69259010184045,False,95308.74590005292,False,0,0.0,
MassCost MP +time,MassCost,multi,+time,fixed 100h,5 expl,6,700006,40.0,3218.134016506765,3218.134016506765,-234.78506818497,-234.78506818497,3452.919084691735,27.220292135767707,76.67738684963653,False,94878.27232756872,False,0,0.0,
MassCost MP +time,MassCost,multi,+time,fixed 100h,5 expl,6,700007,40.0,2742.3900757035003,2742.3900757035003,-169.8439143346327,-169.8439143346327,2912.233990038133,23.088747526599104,75.12450112012193,False,95848.00258061488,False,0,0.0,
MassCost MP +time,MassCost,multi,+time,fixed 100h,5 expl,6,700008,40.0,2648.7641012256095,2648.7641012256095,-276.5984642558087,-276.5984642558087,2925.362565481418,21.940180817461567,69.89856573775306,False,98176.2282622993,False,0,0.0243478260869565,
MassCost MP +time,MassCost,multi,+time,fixed 100h,5 expl,6,700009,40.0,2720.065621288334,2720.065621288334,-272.8078810326606,-272.8078810326606,2992.8735023209947,22.469022535807852,71.04547801976916,False,98367.14279985517,False,0,0.0104347826086956,
MassCost MP +time,MassCost,multi,+time,fixed 100h,5 expl,6,700000,60.0,2424.4275271405245,2424.4275271405245,-372.00260334965833,-372.00260334965833,2796.430130490183,21.67940488203084,70.08541184057466,False,90357.5936675374,False,0,0.0121739130434782,
MassCost MP +time,MassCost,multi,+time,fixed 100h,5 expl,6,700001,60.0,2585.044931915843,2585.044931915843,-449.94545760676874,-449.94545760676874,3034.9903895226116,22.640467287666453,62.56838423501626,False,95814.69259474117,False,0,0.0191304347826086,
MassCost MP +time,MassCost,multi,+time,fixed 100h,5 expl,6,700002,60.0,2876.2233698035316,2876.2233698035316,-196.15625190515857,-196.15625190515857,3072.37962170869,26.012582569453457,74.04287171039995,False,88354.60742017585,False,0,0.0,
MassCost MP +time,MassCost,multi,+time,fixed 100h,5 expl,6,700003,60.0,2550.3712820105843,2550.3712820105843,-328.6003069163162,-328.6003069163162,2878.9715889269005,22.267663313355957,65.81146800033136,False,94152.78905150863,False,0,0.0217391304347826,
MassCost MP +time,MassCost,multi,+time,fixed 100h,5 expl,6,700004,60.0,2305.8917804508856,2305.8917804508856,-270.05327286331976,-270.05327286331976,2575.9450533142053,20.094824140176975,68.46477412806944,False,91406.04159929544,False,0,0.0243478260869565,
MassCost MP +time,MassCost,multi,+time,fixed 100h,5 expl,6,700005,60.0,2989.7970775123367,2989.7970775123367,-344.6311816731145,-344.6311816731145,3334.428259185451,27.197340227399263,72.45427195714161,False,89884.11200799515,False,0,0.0,
MassCost MP +time,MassCost,multi,+time,fixed 100h,5 expl,6,700006,60.0,2962.524057770317,2962.524057770317,-225.661057470797,-225.661057470797,3188.185115241114,26.066775889294057,70.52145684983837,False,89238.58496856001,False,0,0.0,
MassCost MP +time,MassCost,multi,+time,fixed 100h,5 expl,6,700007,60.0,2498.2543083937903,2498.2543083937903,-199.73480653381876,-199.73480653381876,2697.989114927609,21.861067309036525,68.63901319751407,False,90713.15861773268,False,0,0.0,
MassCost MP +time,MassCost,multi,+time,fixed 100h,5 expl,6,700008,60.0,2433.5592780717993,2433.5592780717993,-284.91580393615686,-284.91580393615686,2718.475082007956,20.915299070244505,65.48826097094293,False,93101.60384212845,False,0,0.0243478260869565,
MassCost MP +time,MassCost,multi,+time,fixed 100h,5 expl,6,700009,60.0,2516.500113768081,2516.500113768081,-265.75488249864884,-265.75488249864884,2782.25499626673,21.586808890198363,66.53634905436962,False,93392.00415053134,False,0,0.0104347826086956,
MassCost MP +time,MassCost,multi,+time,fixed 100h,5 expl,6,700000,80.0,2217.7036842967427,2217.7036842967427,-299.50648576098274,-299.50648576098274,2517.2101700577255,20.416188949785575,63.65884679301988,False,86291.42828282216,False,0,0.0121739130434782,
MassCost MP +time,MassCost,multi,+time,fixed 100h,5 expl,6,700001,80.0,2414.887960839241,2414.887960839241,-322.05783659589906,-322.05783659589906,2736.94579743514,21.90099048264595,57.45113525439954,False,91701.5589694862,False,0,0.0191304347826086,
MassCost MP +time,MassCost,multi,+time,fixed 100h,5 expl,6,700002,80.0,2675.5591190272926,2675.5591190272926,-75.91783946464193,-75.91783946464193,2751.4769584919345,24.990033904448776,71.94125559411538,False,84552.32405514232,False,0,0.0,
MassCost MP +time,MassCost,multi,+time,fixed 100h,5 expl,6,700003,80.0,2384.8924780440507,2384.8924780440507,-231.2548325177704,-231.2548325177704,2616.147310561821,21.50887505569758,59.85038559385111,False,89895.92256898784,False,0,0.0217391304347826,
MassCost MP +time,MassCost,multi,+time,fixed 100h,5 expl,6,700004,80.0,2066.0679070202186,2066.0679070202186,-252.8219765537542,-252.8219765537542,2318.889883573973,18.545110172079415,62.38232557035388,False,87503.56365878432,False,0,0.0243478260869565,
MassCost MP +time,MassCost,multi,+time,fixed 100h,5 expl,6,700005,80.0,2785.1782690541754,2785.1782690541754,-196.94735186491562,-196.94735186491562,2982.125620919091,26.196784348481938,68.03730546906964,False,85885.53984872348,False,0,0.0,
MassCost MP +time,MassCost,multi,+time,fixed 100h,5 expl,6,700006,80.0,2730.4713319302136,2730.4713319302136,-131.11375971167126,-131.11375971167126,2861.585091641885,24.899308753357847,65.05515130097272,False,86082.40661775404,False,0,0.0,
MassCost MP +time,MassCost,multi,+time,fixed 100h,5 expl,6,700007,80.0,2303.752868195685,2303.752868195685,-150.4876962884432,-150.4876962884432,2454.2405644841283,20.847953651161458,62.78274056643864,False,87368.5025083189,False,0,0.0,
MassCost MP +time,MassCost,multi,+time,fixed 100h,5 expl,6,700008,80.0,2220.4969924520046,2220.4969924520046,-246.77526450103642,-246.77526450103642,2467.272256953041,19.69556483208258,59.58456101169316,False,88780.28594354153,False,0,0.0243478260869565,
MassCost MP +time,MassCost,multi,+time,fixed 100h,5 expl,6,700009,80.0,2324.586320617299,2324.586320617299,-170.55143887006216,-170.55143887006216,2495.137759487361,20.60654884735023,60.303026895544626,False,89584.71517771827,False,0,0.0104347826086956,
MassCost MP -time,MassCost,multi,-time,fixed 100h,5 expl,6,700000,0.0,3871.235525972612,3871.235525972612,403.9066237077873,403.9066237077873,3467.3289022648246,28.91427433334406,87.89248972276836,False,109575.86195978124,False,0,0.0113043478260869,
MassCost MP -time,MassCost,multi,-time,fixed 100h,5 expl,6,700001,0.0,4196.770967358132,4196.770967358132,622.8717566712812,622.8717566712812,3573.899210686851,30.49439552990026,77.19405321904271,False,114316.61724966751,False,0,0.0191304347826086,
MassCost MP -time,MassCost,multi,-time,fixed 100h,5 expl,6,700002,0.0,3236.3216796674023,0.0,-460.2965436191498,-3696.618223286552,3696.618223286552,24.74346341672891,103.76875443276408,True,101793.52141174312,False,1,0.0,
MassCost MP -time,MassCost,multi,-time,fixed 100h,5 expl,6,700003,0.0,4141.668207010369,4141.668207010369,615.079606860947,615.079606860947,3526.588600149422,29.798926462602125,81.35041270646536,False,114282.81774123324,False,0,0.0208695652173913,
MassCost MP -time,MassCost,multi,-time,fixed 100h,5 expl,6,700004,0.0,3552.043564313046,3552.043564313046,337.5369575557479,337.5369575557479,3214.506606757298,25.99477284242781,86.25285130335695,False,111156.58675970488,False,0,0.0234782608695652,
MassCost MP -time,MassCost,multi,-time,fixed 100h,5 expl,6,700005,0.0,4431.908725936838,4431.908725936838,309.9138551973383,309.9138551973383,4121.9948707395,33.749346264019174,92.93088010493408,False,107596.9308790024,False,0,0.0,
MassCost MP -time,MassCost,multi,-time,fixed 100h,5 expl,6,700006,0.0,4567.425989304276,4567.425989304276,581.6677805651875,581.6677805651875,3985.758208739089,33.36598530927984,89.65995704677404,False,109865.80307833364,False,0,0.0,
MassCost MP -time,MassCost,multi,-time,fixed 100h,5 expl,6,700007,0.0,3720.501691840464,3720.501691840464,365.3023849986798,365.3023849986798,3355.199306841784,27.260564150048303,87.05325444688417,False,110407.64470561144,False,0,0.0,
MassCost MP -time,MassCost,multi,-time,fixed 100h,5 expl,6,700008,0.0,3853.335343404088,3853.335343404088,549.5073480301685,549.5073480301685,3303.8279953739193,27.233794591453787,79.56562735251589,False,114617.2074594322,False,0,0.0234782608695652,
MassCost MP -time,MassCost,multi,-time,fixed 100h,5 expl,6,700009,0.0,3964.505057056007,3964.505057056007,575.7147536372609,575.7147536372609,3388.790303418746,27.967268645037592,81.2009306166145,False,115642.78958777335,False,0,0.0104347826086956,
MassCost MP -time,MassCost,multi,-time,fixed 100h,5 expl,6,700000,20.0,3689.023937933932,3689.023937933932,440.71349674150406,440.71349674150406,3248.310441192428,28.804747166439014,79.86789558926672,False,105226.49238680904,False,0,0.0121739130434782,
MassCost MP -time,MassCost,multi,-time,fixed 100h,5 expl,6,700001,20.0,3924.628401695903,3924.628401695903,523.7741085187895,523.7741085187895,3400.8542931771135,30.14582068060021,71.95120120718516,False,109251.19770445158,False,0,0.0191304347826086,
MassCost MP -time,MassCost,multi,-time,fixed 100h,5 expl,6,700002,20.0,3199.8635221132417,3199.8635221132417,-387.0267400253797,-387.0267400253797,3586.8902621386214,24.46677721297055,91.4929565309946,False,99947.03648946372,False,0,0.0,
MassCost MP -time,MassCost,multi,-time,fixed 100h,5 expl,6,700003,20.0,3806.7920876984344,3806.7920876984344,473.2999322012447,473.2999322012447,3333.4921554971897,28.95397819133534,74.98464478400268,False,109006.0838242214,False,0,0.0208695652173913,
MassCost MP -time,MassCost,multi,-time,fixed 100h,5 expl,6,700004,20.0,3402.350406856991,3402.350406856991,381.4652543446241,381.4652543446241,3020.885152512367,25.956590332825957,78.08578292340124,False,106659.92694874908,False,0,0.0243478260869565,
MassCost MP -time,MassCost,multi,-time,fixed 100h,5 expl,6,700005,20.0,4042.4436055105575,4042.4436055105575,164.0955640156103,164.0955640156103,3878.348041494947,31.3783740856949,84.27861795761893,False,103835.41297680352,False,0,0.0,
MassCost MP -time,MassCost,multi,-time,fixed 100h,5 expl,6,700006,20.0,4300.464843453292,4300.464843453292,576.6202958573713,576.6202958573713,3723.8445475959206,32.75708586440284,81.82307832860911,False,105828.83248149614,False,0,0.0,
MassCost MP -time,MassCost,multi,-time,fixed 100h,5 expl,6,700007,20.0,3591.159245020189,3591.159245020189,468.0399282650551,468.0399282650551,3123.1193167551337,27.29674486284443,78.78303035748857,False,106418.9119650328,False,0,0.0,
MassCost MP -time,MassCost,multi,-time,fixed 100h,5 expl,6,700008,20.0,3522.283758851673,3522.283758851673,415.0826091676463,415.0826091676463,3107.201149684027,26.37507231053398,73.68005262498899,False,109049.17885893212,False,0,0.0243478260869565,
MassCost MP -time,MassCost,multi,-time,fixed 100h,5 expl,6,700009,20.0,3639.507768677894,3639.507768677894,448.8894310618939,448.8894310618939,3190.618337616,27.18478491270717,75.1860586602484,False,109881.34832195607,False,0,0.0104347826086956,
MassCost MP -time,MassCost,multi,-time,fixed 100h,5 expl,6,700000,40.0,3454.306834699794,3454.306834699794,437.125222593706,437.125222593706,3017.181612106088,27.890267708081065,76.35330548687594,False,102639.03423529296,False,0,0.0121739130434782,
MassCost MP -time,MassCost,multi,-time,fixed 100h,5 expl,6,700001,40.0,3692.788000973028,3692.788000973028,475.44897993325367,475.44897993325367,3217.3390210397743,29.370472016520004,70.25803951197946,False,106683.0409245702,False,0,0.0191304347826086,
MassCost MP -time,MassCost,multi,-time,fixed 100h,5 expl,6,700002,40.0,3209.9255024895865,3209.9255024895865,-135.1181485641364,-135.1181485641364,3345.043651053723,24.830588956574008,88.66327303746054,False,99821.9265780042,False,0,0.0,
MassCost MP -time,MassCost,multi,-time,fixed 100h,5 expl,6,700003,40.0,3546.036756899945,3546.036756899945,406.7868266633959,406.7868266633959,3139.249930236549,28.082385432384367,74.82108993437683,False,105470.7940227872,False,0,0.0208695652173913,
MassCost MP -time,MassCost,multi,-time,fixed 100h,5 expl,6,700004,40.0,3182.9005440216774,3182.9005440216774,385.5449534485724,385.5449534485724,2797.355590573105,25.129677201257152,73.36165848817235,False,103793.36287523672,False,0,0.0243478260869565,
MassCost MP -time,MassCost,multi,-time,fixed 100h,5 expl,6,700005,40.0,3706.2240680454624,3706.2240680454624,94.01236726384423,94.01236726384423,3612.211700781618,29.33294958512248,83.10650248717663,False,102222.49373599218,False,0,0.0,
MassCost MP -time,MassCost,multi,-time,fixed 100h,5 expl,6,700006,40.0,4015.6522330527614,4015.6522330527614,562.7331483610265,562.7331483610265,3452.919084691735,31.56511604658711,78.10091533004868,False,103231.50486986796,False,0,0.0,
MassCost MP -time,MassCost,multi,-time,fixed 100h,5 expl,6,700007,40.0,3375.9081056125933,3375.9081056125933,463.6741155744603,463.6741155744603,2912.233990038133,26.534797363448593,74.03802149905876,False,103581.38378461162,False,0,0.0,
MassCost MP -time,MassCost,multi,-time,fixed 100h,5 expl,6,700008,40.0,3322.1831676388333,3322.1831676388333,396.8206021574151,396.8206021574151,2925.362565481418,25.81500563637151,70.0205407151961,False,105535.70264512656,False,0,0.0243478260869565,
MassCost MP -time,MassCost,multi,-time,fixed 100h,5 expl,6,700009,40.0,3400.8743207995167,3400.8743207995167,408.000818478522,408.000818478522,2992.8735023209947,26.354997380933614,72.98462190140494,False,106583.655325674,False,0,0.0104347826086956,
MassCost MP -time,MassCost,multi,-time,fixed 100h,5 expl,6,700000,60.0,3223.47395077721,3223.47395077721,427.0438202870273,427.0438202870273,2796.430130490183,27.009270019753064,73.76059869814554,False,99333.75783329048,False,0,0.0121739130434782,
MassCost MP -time,MassCost,multi,-time,fixed 100h,5 expl,6,700001,60.0,3484.328145227094,3484.328145227094,449.33775570448233,449.33775570448233,3034.9903895226116,28.649915692798928,68.71890701966782,False,103489.71176302624,False,0,0.0191304347826086,
MassCost MP -time,MassCost,multi,-time,fixed 100h,5 expl,6,700002,60.0,3104.3557152777557,3104.3557152777557,31.976093569065597,31.976093569065597,3072.37962170869,24.98813579455193,84.0608546049258,False,97329.05824856833,False,0,0.0,
MassCost MP -time,MassCost,multi,-time,fixed 100h,5 expl,6,700003,60.0,3275.3974705097044,3275.3974705097044,396.42588158280387,396.42588158280387,2878.9715889269005,26.941782430847265,73.26273921578465,False,101960.88043292862,False,0,0.0208695652173913,
MassCost MP -time,MassCost,multi,-time,fixed 100h,5 expl,6,700004,60.0,2905.4974890784224,2905.4974890784224,329.5524357642171,329.5524357642171,2575.9450533142053,23.801298330571004,68.16518541500064,False,100175.78906154454,False,0,0.0243478260869565,
MassCost MP -time,MassCost,multi,-time,fixed 100h,5 expl,6,700005,60.0,3574.413026391981,3574.413026391981,239.9847672065298,239.9847672065298,3334.428259185451,29.460815562050374,80.70530938874079,False,99473.9493709178,False,0,0.0,
MassCost MP -time,MassCost,multi,-time,fixed 100h,5 expl,6,700006,60.0,3715.000360542873,3715.000360542873,526.8152453017588,526.8152453017588,3188.185115241114,30.31564139147738,74.5882198197493,False,99582.7367793683,False,0,0.0,
MassCost MP -time,MassCost,multi,-time,fixed 100h,5 expl,6,700007,60.0,3110.567282840793,3110.567282840793,412.57816791318373,412.57816791318373,2697.989114927609,25.421907237659845,70.95297966253824,False,100068.9976136732,False,0,0.0,
MassCost MP -time,MassCost,multi,-time,fixed 100h,5 expl,6,700008,60.0,3088.641731454495,3088.641731454495,370.16664944653894,370.16664944653894,2718.475082007956,24.92303291664739,67.62820075707563,False,101764.2591239254,False,0,0.0243478260869565,
MassCost MP -time,MassCost,multi,-time,fixed 100h,5 expl,6,700009,60.0,3182.345024016172,3182.345024016172,400.090027749442,400.090027749442,2782.25499626673,25.530412781390023,70.76818963505885,False,103014.16836737737,False,0,0.0104347826086956,
MassCost MP -time,MassCost,multi,-time,fixed 100h,5 expl,6,700000,80.0,2796.60918743527,2796.60918743527,279.3990173775446,279.3990173775446,2517.2101700577255,24.58577121930136,69.95866708928578,False,94848.18581048472,False,0,0.0121739130434782,
MassCost MP -time,MassCost,multi,-time,fixed 100h,5 expl,6,700001,80.0,3067.8029713139094,3067.8029713139094,330.8571738787696,330.8571738787696,2736.94579743514,26.48501789401122,65.20027401280777,False,98537.70506291804,False,0,0.0191304347826086,
MassCost MP -time,MassCost,multi,-time,fixed 100h,5 expl,6,700002,80.0,2694.5130017207,2694.5130017207,-56.963956771234734,-56.963956771234734,2751.4769584919345,22.82765269388231,81.38549996346251,False,92527.85316550542,False,0,0.0,
MassCost MP -time,MassCost,multi,-time,fixed 100h,5 expl,6,700003,80.0,2910.2937627950005,2910.2937627950005,294.1464522331794,294.1464522331794,2616.147310561821,25.119410182157928,68.23896146359205,False,96856.18070499368,False,0,0.0208695652173913,
MassCost MP -time,MassCost,multi,-time,fixed 100h,5 expl,6,700004,80.0,2521.7622137897633,2521.7622137897633,202.8723302157905,202.8723302157905,2318.889883573973,21.695143089360503,64.10322582099812,False,95368.76436125404,False,0,0.0243478260869565,
MassCost MP -time,MassCost,multi,-time,fixed 100h,5 expl,6,700005,80.0,3364.436690883006,3364.436690883006,382.3110699639151,382.3110699639151,2982.125620919091,29.590837120141515,76.24621003697658,False,95459.26599893766,False,0,0.0,
MassCost MP -time,MassCost,multi,-time,fixed 100h,5 expl,6,700006,80.0,3226.2500758308065,3226.2500758308065,364.6649841889216,364.6649841889216,2861.585091641885,27.81711217638872,70.88566394789166,False,94441.69400115123,False,0,0.0,
MassCost MP -time,MassCost,multi,-time,fixed 100h,5 expl,6,700007,80.0,2751.4548547138083,2751.4548547138083,297.21429022968005,297.21429022968005,2454.2405644841283,23.688570703935785,66.98894642930667,False,95099.11330517696,False,0,0.0,
MassCost MP -time,MassCost,multi,-time,fixed 100h,5 expl,6,700008,80.0,2720.7707568149485,2720.7707568149485,253.49849986190748,253.49849986190748,2467.272256953041,23.10691944425097,63.06500539723814,False,96274.93237741086,False,0,0.0243478260869565,
MassCost MP -time,MassCost,multi,-time,fixed 100h,5 expl,6,700009,80.0,2766.4754649004904,2766.4754649004904,271.33770541312924,271.33770541312924,2495.137759487361,23.351478278414955,66.14337195862709,False,97682.48024833448,False,0,0.0104347826086956,
recipe,-,recipe,-,-,-,4,700000,0.0,3467.3289022648246,3467.3289022648246,0.0,0.0,3467.3289022648246,27.42436022002872,81.00704843484101,False,101050.05177061734,False,0,0.0113043478260869,60.0
recipe,-,recipe,-,-,-,4,700001,0.0,3573.899210686851,3573.899210686851,0.0,0.0,3573.899210686851,27.762091426415843,71.80153943177567,False,106086.75363604048,False,0,0.0191304347826086,65.0
recipe,-,recipe,-,-,-,4,700002,0.0,3696.618223286552,3696.618223286552,0.0,0.0,3696.618223286552,30.024651063371778,89.91661436648259,False,98603.65744597216,False,0,0.0,60.0
recipe,-,recipe,-,-,-,4,700003,0.0,3526.588600149422,3526.588600149422,0.0,0.0,3526.588600149422,27.10831423185003,75.30629936212308,False,105621.70048911477,False,0,0.0208695652173913,70.0
recipe,-,recipe,-,-,-,4,700004,0.0,3214.506606757298,3214.506606757298,0.0,0.0,3214.506606757298,24.884471973163777,79.89406626194167,False,101732.67230395623,False,0,0.0243478260869565,60.0
recipe,-,recipe,-,-,-,4,700005,0.0,4121.9948707395,4121.9948707395,0.0,0.0,4121.9948707395,33.18652714981361,83.83103906736609,False,100767.7559106649,False,0,0.0,60.0
recipe,-,recipe,-,-,-,4,700006,0.0,3985.758208739089,3985.758208739089,0.0,0.0,3985.758208739089,31.1440283658792,82.29434770919002,False,99823.13530702546,False,0,0.0,60.0
recipe,-,recipe,-,-,-,4,700007,0.0,3355.199306841784,3355.199306841784,0.0,0.0,3355.199306841784,25.989071387290664,80.1896788137798,False,101047.04168631122,False,0,0.0,60.0
recipe,-,recipe,-,-,-,4,700008,0.0,3303.8279953739193,3303.8279953739193,0.0,0.0,3303.8279953739193,24.982933610943867,74.08506407948053,False,104449.34618458764,False,0,0.0243478260869565,70.0
recipe,-,recipe,-,-,-,4,700009,0.0,3388.790303418746,3388.790303418746,0.0,0.0,3388.790303418746,25.589508146881332,75.54368530216959,False,105056.85928179404,False,0,0.0104347826086956,65.0
recipe,-,recipe,-,-,-,4,700000,20.0,3248.310441192428,3248.310441192428,0.0,0.0,3248.310441192428,26.72946880596866,78.02150841929334,False,96979.26508224032,False,0,0.0121739130434782,70.0
recipe,-,recipe,-,-,-,4,700001,20.0,3400.8542931771135,3400.8542931771135,0.0,0.0,3400.8542931771135,27.415807423477816,69.93345702296854,False,102410.44769122932,False,0,0.02,80.0
recipe,-,recipe,-,-,-,4,700002,20.0,3586.8902621386214,3586.8902621386214,0.0,0.0,3586.8902621386214,29.981244082922412,84.28274514597973,False,94872.72026600584,False,0,0.0,70.0
recipe,-,recipe,-,-,-,4,700003,20.0,3333.4921554971897,3333.4921554971897,0.0,0.0,3333.4921554971897,26.706343760820666,72.64793707592325,False,101210.75318422646,False,0,0.0217391304347826,80.0
recipe,-,recipe,-,-,-,4,700004,20.0,3020.885152512367,3020.885152512367,0.0,0.0,3020.885152512367,24.245977123372633,76.48372543350163,False,97889.09216084002,False,0,0.0243478260869565,70.0
recipe,-,recipe,-,-,-,4,700005,20.0,3878.348041494947,3878.348041494947,0.0,0.0,3878.348041494947,32.541848927120235,80.71510577762503,False,96529.1846906704,False,0,0.0,75.0
recipe,-,recipe,-,-,-,4,700006,20.0,3723.8445475959206,3723.8445475959206,0.0,0.0,3723.8445475959206,30.23780051282874,79.85513036905624,False,95974.62854103876,False,0,0.0,70.0
recipe,-,recipe,-,-,-,4,700007,20.0,3123.1193167551337,3123.1193167551337,0.0,0.0,3123.1193167551337,25.148977997276145,77.32896460244861,False,97214.59586740042,False,0,0.0,70.0
recipe,-,recipe,-,-,-,4,700008,20.0,3107.201149684027,3107.201149684027,0.0,0.0,3107.201149684027,24.425115235462233,71.75175681233185,False,100461.46940309332,False,0,0.0243478260869565,85.0
recipe,-,recipe,-,-,-,4,700009,20.0,3190.618337616,3190.618337616,0.0,0.0,3190.618337616,25.101921026236433,73.18448642914949,False,100712.82391652314,False,0,0.0104347826086956,80.0
recipe,-,recipe,-,-,-,4,700000,40.0,3017.181612106088,3017.181612106088,0.0,0.0,3017.181612106088,25.873613566068673,74.0327839458843,False,93129.13625844257,False,0,0.0121739130434782,85.0
recipe,-,recipe,-,-,-,4,700001,40.0,3217.3390210397743,3217.3390210397743,0.0,0.0,3217.3390210397743,26.941014384943955,66.24507741229489,False,98740.5753124145,False,0,0.02,100.0
recipe,-,recipe,-,-,-,4,700002,40.0,3345.043651053723,3345.043651053723,0.0,0.0,3345.043651053723,29.024368922754498,80.7441723742425,False,91051.74945274313,False,0,0.0,85.0
recipe,-,recipe,-,-,-,4,700003,40.0,3139.249930236549,3139.249930236549,0.0,0.0,3139.249930236549,26.169571119152216,69.50839144907097,False,97095.69498565728,False,0,0.0217391304347826,95.0
recipe,-,recipe,-,-,-,4,700004,40.0,2797.355590573105,2797.355590573105,0.0,0.0,2797.355590573105,23.396782112228628,72.3982359957958,False,94717.83484740512,False,0,0.0243478260869565,85.0
recipe,-,recipe,-,-,-,4,700005,40.0,3612.211700781618,3612.211700781618,0.0,0.0,3612.211700781618,31.55765017495369,75.91113688833295,False,92593.22508259368,False,0,0.0,90.0
recipe,-,recipe,-,-,-,4,700006,40.0,3452.919084691735,3452.919084691735,0.0,0.0,3452.919084691735,29.199845223927408,74.50079201624132,False,91986.37105078436,False,0,0.0,90.0
recipe,-,recipe,-,-,-,4,700007,40.0,2912.233990038133,2912.233990038133,0.0,0.0,2912.233990038133,24.392157723588976,72.66905309602036,False,93578.6504120532,False,0,0.0,85.0
recipe,-,recipe,-,-,-,4,700008,40.0,2925.362565481418,2925.362565481418,0.0,0.0,2925.362565481418,23.99035614156392,68.27563579214193,False,96395.19450080756,False,0,0.0243478260869565,95.0
recipe,-,recipe,-,-,-,4,700009,40.0,2992.8735023209947,2992.8735023209947,0.0,0.0,2992.8735023209947,24.55019111764029,69.76740003194695,False,96917.21789274664,False,0,0.0104347826086956,95.0
recipe,-,recipe,-,-,-,4,700000,60.0,2796.430130490183,2796.430130490183,0.0,0.0,2796.430130490183,24.96578239364576,67.7666775871282,False,89645.41423023291,False,0,0.0121739130434782,110.0
recipe,-,recipe,-,-,-,4,700001,60.0,3034.9903895226116,3034.9903895226116,0.0,0.0,3034.9903895226116,26.390718371306715,61.86765271679314,False,94331.91421203554,False,0,0.02,120.0
recipe,-,recipe,-,-,-,4,700002,60.0,3072.37962170869,3072.37962170869,0.0,0.0,3072.37962170869,27.69242605253332,77.91322841406665,False,86390.01535475455,False,0,0.0,100.0
recipe,-,recipe,-,-,-,4,700003,60.0,2878.9715889269005,2878.9715889269005,0.0,0.0,2878.9715889269005,25.115426573288573,66.85636200163806,False,92522.64108422484,False,0,0.0217391304347826,120.0
recipe,-,recipe,-,-,-,4,700004,60.0,2575.9450533142053,2575.9450533142053,0.0,0.0,2575.9450533142053,22.38734680215739,65.94355308280815,False,91393.81213930696,False,0,0.0243478260869565,115.0
recipe,-,recipe,-,-,-,4,700005,60.0,3334.428259185451,3334.428259185451,0.0,0.0,3334.428259185451,30.30686548635524,73.97419777557315,False,88055.39934655627,False,0,0.0,110.0
recipe,-,recipe,-,-,-,4,700006,60.0,3188.185115241114,3188.185115241114,0.0,0.0,3188.185115241114,28.032565367326605,68.31060825376638,False,88473.43380296932,False,0,0.0,110.0
recipe,-,recipe,-,-,-,4,700007,60.0,2697.989114927609,2697.989114927609,0.0,0.0,2697.989114927609,23.46535313496088,66.28289760822862,False,90522.11610461769,False,0,0.0,110.0
recipe,-,recipe,-,-,-,4,700008,60.0,2718.475082007956,2718.475082007956,0.0,0.0,2718.475082007956,23.2186005060617,63.87443610844067,False,92851.12267740617,False,0,0.0243478260869565,120.0
recipe,-,recipe,-,-,-,4,700009,60.0,2782.25499626673,2782.25499626673,0.0,0.0,2782.25499626673,23.725539070536076,65.01317290347504,False,93530.8053156483,False,0,0.0104347826086956,115.0
recipe,-,recipe,-,-,-,4,700000,80.0,2517.2101700577255,2517.2101700577255,0.0,0.0,2517.2101700577255,23.477993389706626,64.56680824951624,False,86170.93104484744,False,0,0.0121739130434782,130.0
recipe,-,recipe,-,-,-,4,700001,80.0,2736.94579743514,2736.94579743514,0.0,0.0,2736.94579743514,24.95608915257089,60.541726489455534,False,90253.12623999338,False,0,0.02,145.0
recipe,-,recipe,-,-,-,4,700002,80.0,2751.4769584919345,2751.4769584919345,0.0,0.0,2751.4769584919345,25.810480561358936,73.77063583753538,False,83242.64689731713,False,0,0.0,120.0
recipe,-,recipe,-,-,-,4,700003,80.0,2616.147310561821,2616.147310561821,0.0,0.0,2616.147310561821,23.78875118508997,63.48935402924069,False,88779.05116181976,False,0,0.0217391304347826,140.0
recipe,-,recipe,-,-,-,4,700004,80.0,2318.889883573973,2318.889883573973,0.0,0.0,2318.889883573973,21.01556909144061,59.918665495718336,False,87952.26140661002,False,0,0.0243478260869565,140.0
recipe,-,recipe,-,-,-,4,700005,80.0,2982.125620919091,2982.125620919091,0.0,0.0,2982.125620919091,28.276960385258928,70.39989910115531,False,84723.7850630377,False,0,0.0,125.0
recipe,-,recipe,-,-,-,4,700006,80.0,2861.585091641885,2861.585091641885,0.0,0.0,2861.585091641885,26.273809304976098,65.18285278420177,False,85145.60975221435,False,0,0.0,125.0
recipe,-,recipe,-,-,-,4,700007,80.0,2454.2405644841283,2454.2405644841283,0.0,0.0,2454.2405644841283,22.279627864789333,62.22664049225942,False,87035.13528371546,False,0,0.0,130.0
recipe,-,recipe,-,-,-,4,700008,80.0,2467.272256953041,2467.272256953041,0.0,0.0,2467.272256953041,21.99762909606808,58.58860379890106,False,89076.12604799867,False,0,0.0243478260869565,140.0
recipe,-,recipe,-,-,-,4,700009,80.0,2495.137759487361,2495.137759487361,0.0,0.0,2495.137759487361,22.213650489527694,61.392940331013754,False,89703.00657788747,False,0,0.0104347826086956,130.0
