family,run,episode,dt_dec,n_steps,n_bad_steps,hours_bad,n_tr,n_bad_tr,bad_tr_phase1,bad_tr_phase2,n_tr_phase1,n_tr_phase2,first_bad_h,final_P
Archive 2,Archive 2/dual_phase_baseline/seed4_10,0,5.111111111111111,1150,16,3.2,44,1,0,1,17,27,210.20000000000002,22.783749185804588
Archive 2,Archive 2/dual_phase_baseline/seed4_10,1,5.111111111111111,1150,113,22.6,44,7,4,3,17,27,72.60000000000001,28.211753549982404
Archive 2,Archive 2/dual_phase_baseline/seed4_10,2,5.111111111111111,1150,8,1.6,44,2,0,2,17,27,201.8,24.5971688251632
Archive 2,Archive 2/dual_phase_baseline/seed4_10,3,5.111111111111111,1150,169,33.800000000000004,44,8,1,7,17,27,85.80000000000001,24.45024755748408
Archive 2,Archive 2/dual_phase_baseline/seed4_10,4,5.111111111111111,1150,11,2.2,44,2,1,1,17,27,88.0,28.62097404135479
Archive 2,Archive 2/dual_phase_baseline/seed4_10,5,5.111111111111111,1150,51,10.200000000000001,44,6,2,4,17,27,83.0,25.022776428894495
Archive 2,Archive 2/dual_phase_baseline/seed4_10,6,5.111111111111111,1150,130,26.0,44,8,2,6,17,27,83.2,27.714330326257947
Archive 2,Archive 2/dual_phase_baseline_priors/seed4_1,0,5.111111111111111,1150,16,3.2,44,1,0,1,17,27,210.20000000000002,22.783749185804588
Archive 2,Archive 2/dual_phase_baseline_priors/seed4_1,1,5.111111111111111,1150,3,0.6000000000000001,44,1,0,1,17,27,195.4,26.770086495743037
Archive 2,Archive 2/dual_phase_baseline_priors/seed4_1,2,5.111111111111111,1150,24,4.800000000000001,44,3,2,1,17,27,40.6,23.357683212080694
Archive 2,Archive 2/dual_phase_baseline_priors/seed4_1,3,5.111111111111111,1150,195,39.0,44,10,0,10,17,27,160.4,23.105658046668427
Archive 2,Archive 2/dual_phase_baseline_priors/seed4_1,4,5.111111111111111,1150,0,0.0,44,0,0,0,17,27,,26.47767525425661
Archive 2,Archive 2/dual_phase_baseline_priors/seed4_1,5,5.111111111111111,1150,169,33.800000000000004,44,8,4,4,17,27,69.2,26.61660954990984
Archive 2,Archive 2/dual_phase_baseline_priors/seed4_1,6,5.111111111111111,1150,127,25.400000000000002,44,7,0,7,17,27,160.4,29.575739633431116
Archive 2,Archive 2/dual_phase_baseline_priors/seed4_1,7,5.111111111111111,1150,114,22.8,44,8,2,6,17,27,76.2,23.283305969670835
Archive 2,Archive 2/dual_phase_baseline_priors/seed4_1,8,5.111111111111111,1150,16,3.2,44,2,0,2,17,27,160.20000000000002,29.012425232522887
Archive 2,Archive 2/dual_phase_baseline_priors/seed4_1,9,5.111111111111111,1150,0,0.0,44,0,0,0,17,27,,24.779610616257912
Archive 2,Archive 2/dual_phase_baseline_priors/seed4_1,10,5.111111111111111,1150,0,0.0,44,0,0,0,17,27,,25.75354779365842
_nbtest,_nbtest/s91_D,0,5.111111111111111,1150,67,13.4,44,8,0,8,17,27,160.4,24.298058016361356
_nbtest,_nbtest/s91_D,1,5.111111111111111,1150,28,5.6000000000000005,44,4,0,4,17,27,173.60000000000002,24.919668116666823
_nbtest,_nbtest/s91_D,2,5.111111111111111,1150,29,5.800000000000001,44,3,1,2,17,27,85.2,23.114452491150494
_nbtest,_nbtest/s91_D,3,5.111111111111111,1150,71,14.200000000000001,44,6,2,4,17,27,78.80000000000001,21.846687867897355
_nbtest,_nbtest/s91_D,4,5.111111111111111,1150,59,11.8,44,6,2,4,17,27,81.2,27.74985648652363
_nbtest,_nbtest/s91_D,5,5.111111111111111,1150,19,3.8000000000000003,44,3,0,3,17,27,209.60000000000002,23.30500115362063
_nbtest,_nbtest/s91_D,6,5.111111111111111,1150,0,0.0,44,0,0,0,17,27,,19.550613408978137
_nbtest,_nbtest/s92_D,0,5.111111111111111,1150,44,8.8,44,3,0,3,17,27,89.2,27.060591786292967
_nbtest,_nbtest/s92_D,1,5.111111111111111,1150,23,4.6000000000000005,44,2,0,2,17,27,220.20000000000002,29.739472794134706
_nbtest,_nbtest/s92_D,2,5.111111111111111,1150,46,9.200000000000001,44,5,1,4,17,27,86.80000000000001,24.603298686277867
_nbtest,_nbtest/s92_D,3,5.111111111111111,1150,44,8.8,44,3,2,1,17,27,82.0,27.06156427143448
_nbtest,_nbtest/s92_D,4,5.111111111111111,1150,78,15.600000000000001,44,5,0,5,17,27,200.20000000000002,22.636391308819213
_nbtest,_nbtest/s92_D,5,5.111111111111111,1150,92,18.400000000000002,44,5,3,2,17,27,74.4,26.978528327178548
_nbtest,_nbtest/s92_D,6,5.111111111111111,1150,76,15.200000000000001,44,4,3,1,17,27,77.2,25.912737088521677
dual_phase,dual_phase/seed3_1,0,5.111111111111111,1150,57,11.4,44,5,0,5,17,27,182.0,23.94821094228283
dual_phase,dual_phase/seed3_1,1,5.111111111111111,1150,56,11.200000000000001,44,4,0,4,17,27,166.4,23.394272399886876
dual_phase,dual_phase/seed3_1,2,5.111111111111111,1150,18,3.6,44,3,0,3,17,27,180.4,27.126579282194857
dual_phase,dual_phase/seed3_1,3,5.111111111111111,1150,48,9.600000000000001,44,3,0,3,17,27,180.4,22.023274207110717
dual_phase,dual_phase/seed3_1,4,5.111111111111111,1150,87,17.400000000000002,44,6,5,1,17,27,60.400000000000006,23.754062708301188
dual_phase,dual_phase/seed3_1,5,5.111111111111111,1150,137,27.400000000000002,44,8,3,5,17,27,77.60000000000001,25.379659837732905
dual_phase,dual_phase/seed3_1,6,5.111111111111111,1150,25,5.0,44,3,0,3,17,27,88.60000000000001,26.872207163993675
dual_phase,dual_phase/seed3_1,7,5.111111111111111,1150,27,5.4,44,3,2,1,17,27,76.2,33.941975528300496
dual_phase,dual_phase/seed3_1,8,5.111111111111111,1150,63,12.600000000000001,44,7,0,7,17,27,127.60000000000001,28.9419584505622
dual_phase,dual_phase/seed3_1,9,5.111111111111111,1150,0,0.0,44,0,0,0,17,27,,28.49440826655348
dual_phase,dual_phase/seed3_100,0,5.111111111111111,1150,57,11.4,44,5,0,5,17,27,182.0,23.94821094228283
dual_phase,dual_phase/seed3_100,1,5.111111111111111,1150,56,11.200000000000001,44,4,0,4,17,27,166.4,23.394272399886876
dual_phase,dual_phase/seed3_100,2,5.111111111111111,1150,18,3.6,44,3,0,3,17,27,180.4,27.126579282194857
dual_phase,dual_phase/seed3_100,3,5.111111111111111,1150,48,9.600000000000001,44,3,0,3,17,27,180.4,22.023274207110717
dual_phase,dual_phase/seed3_100,4,5.111111111111111,1150,87,17.400000000000002,44,6,5,1,17,27,60.400000000000006,23.754062708301188
dual_phase,dual_phase/seed3_100,5,5.111111111111111,1150,74,14.8,44,7,1,6,17,27,84.4,27.347168758170504
dual_phase,dual_phase/seed3_100,6,5.111111111111111,1150,613,122.60000000000001,44,25,2,23,17,27,80.2,6.681953373755091
dual_phase,dual_phase/seed3_100,7,5.111111111111111,1150,135,27.0,44,9,4,5,17,27,32.2,29.401238588715646
dual_phase,dual_phase/seed3_100,8,5.111111111111111,1150,31,6.2,44,2,0,2,17,27,160.20000000000002,29.739879810679568
dual_phase,dual_phase/seed3_100,9,5.111111111111111,1150,0,0.0,44,0,0,0,17,27,,27.48789158981988
dual_phase,dual_phase/seed3_2,0,5.111111111111111,1150,57,11.4,44,5,0,5,17,27,182.0,23.94821094228283
dual_phase,dual_phase/seed3_2,1,5.111111111111111,1150,56,11.200000000000001,44,4,0,4,17,27,166.4,23.394272399886876
dual_phase,dual_phase/seed3_2,2,5.111111111111111,1150,18,3.6,44,3,0,3,17,27,180.4,27.126579282194857
dual_phase,dual_phase/seed3_2,3,5.111111111111111,1150,48,9.600000000000001,44,3,0,3,17,27,180.4,22.023274207110717
dual_phase,dual_phase/seed3_2,4,5.111111111111111,1150,87,17.400000000000002,44,6,5,1,17,27,60.400000000000006,23.754062708301188
dual_phase,dual_phase/seed3_2,5,5.111111111111111,1150,15,3.0,44,4,0,4,17,27,152.0,23.818921630128834
dual_phase,dual_phase/seed3_2,6,5.111111111111111,1150,0,0.0,44,0,0,0,17,27,,26.240917122614896
dual_phase,dual_phase/seed3_2,7,5.111111111111111,1150,1,0.2,44,1,0,1,17,27,213.20000000000002,31.842898501982845
dual_phase,dual_phase/seed3_2,8,5.111111111111111,1150,0,0.0,44,0,0,0,17,27,,28.202148455670027
dual_phase,dual_phase/seed3_2,9,5.111111111111111,1150,0,0.0,44,0,0,0,17,27,,26.587542878807362
dual_phase,dual_phase/seed3_4,0,5.111111111111111,1150,57,11.4,44,5,0,5,17,27,182.0,23.94821094228283
dual_phase,dual_phase/seed3_4,1,5.111111111111111,1150,56,11.200000000000001,44,4,0,4,17,27,166.4,23.394272399886876
dual_phase,dual_phase/seed3_4,2,5.111111111111111,1150,18,3.6,44,3,0,3,17,27,180.4,27.126579282194857
dual_phase,dual_phase/seed3_4,3,5.111111111111111,1150,48,9.600000000000001,44,3,0,3,17,27,180.4,22.023274207110717
dual_phase,dual_phase/seed3_4,4,5.111111111111111,1150,87,17.400000000000002,44,6,5,1,17,27,60.400000000000006,23.754062708301188
dual_phase,dual_phase/seed3_4,5,5.111111111111111,1150,598,119.60000000000001,44,25,2,23,17,27,81.2,7.0749303227977745
dual_phase,dual_phase/seed3_4,6,5.111111111111111,1150,23,4.6000000000000005,44,2,0,2,17,27,160.4,26.146294859859598
dual_phase,dual_phase/seed3_4,7,5.111111111111111,1150,11,2.2,44,2,1,1,17,27,87.2,33.436646192215896
dual_phase,dual_phase/seed3_4,8,5.111111111111111,1150,15,3.0,44,3,0,3,17,27,128.0,29.029120971039966
dual_phase,dual_phase/seed3_4,9,5.111111111111111,1150,0,0.0,44,0,0,0,17,27,,27.776527917161136
dual_phase,dual_phase/seed3_5,0,5.111111111111111,1150,57,11.4,44,5,0,5,17,27,182.0,23.94821094228283
dual_phase,dual_phase/seed3_5,1,5.111111111111111,1150,56,11.200000000000001,44,4,0,4,17,27,166.4,23.394272399886876
dual_phase,dual_phase/seed3_5,2,5.111111111111111,1150,18,3.6,44,3,0,3,17,27,180.4,27.126579282194857
dual_phase,dual_phase/seed3_5,3,5.111111111111111,1150,48,9.600000000000001,44,3,0,3,17,27,180.4,22.023274207110717
dual_phase,dual_phase/seed3_5,4,5.111111111111111,1150,87,17.400000000000002,44,6,5,1,17,27,60.400000000000006,23.754062708301188
dual_phase,dual_phase/seed3_5,5,5.111111111111111,1150,180,36.0,44,13,1,12,17,27,83.80000000000001,23.780640765779683
dual_phase,dual_phase/seed3_5,6,5.111111111111111,1150,127,25.400000000000002,44,7,2,5,17,27,80.0,24.34709659332746
dual_phase,dual_phase/seed3_5,7,5.111111111111111,1150,0,0.0,44,0,0,0,17,27,,35.81831905244109
dual_phase,dual_phase/seed3_5,8,5.111111111111111,1150,0,0.0,44,0,0,0,17,27,,30.401834641057636
dual_phase,dual_phase/seed3_5,9,5.111111111111111,1150,2,0.4,44,1,0,1,17,27,160.20000000000002,28.834832669911705
dual_phase,dual_phase/seed3_6,0,5.111111111111111,1150,57,11.4,44,5,0,5,17,27,182.0,23.94821094228283
dual_phase,dual_phase/seed3_6,1,5.111111111111111,1150,56,11.200000000000001,44,4,0,4,17,27,166.4,23.394272399886876
dual_phase,dual_phase/seed3_6,2,5.111111111111111,1150,18,3.6,44,3,0,3,17,27,180.4,27.126579282194857
dual_phase,dual_phase/seed3_6,3,5.111111111111111,1150,48,9.600000000000001,44,3,0,3,17,27,180.4,22.023274207110717
dual_phase,dual_phase/seed3_6,4,5.111111111111111,1150,87,17.400000000000002,44,6,5,1,17,27,60.400000000000006,23.754062708301188
dual_phase,dual_phase/seed3_6,5,5.111111111111111,1150,46,9.200000000000001,44,5,1,4,17,27,86.2,28.285448768028726
dual_phase,dual_phase/seed3_6,6,5.111111111111111,1150,34,6.800000000000001,44,2,1,1,17,27,83.4,26.836072694251197
dual_phase,dual_phase/seed3_6,7,5.111111111111111,1150,60,12.0,44,6,2,4,17,27,82.4,33.02456030092935
dual_phase,dual_phase/seed3_6,8,5.111111111111111,1150,125,25.0,44,8,2,6,17,27,80.0,27.29058243821589
dual_phase,dual_phase/seed3_6,9,5.111111111111111,1150,162,32.4,44,8,4,4,17,27,70.60000000000001,27.47301913718344
dual_phase,dual_phase/seed3_7,0,5.111111111111111,1150,57,11.4,44,5,0,5,17,27,182.0,23.94821094228283
dual_phase,dual_phase/seed3_7,1,5.111111111111111,1150,56,11.200000000000001,44,4,0,4,17,27,166.4,23.394272399886876
dual_phase,dual_phase/seed3_7,2,5.111111111111111,1150,18,3.6,44,3,0,3,17,27,180.4,27.126579282194857
dual_phase,dual_phase/seed3_7,3,5.111111111111111,1150,48,9.600000000000001,44,3,0,3,17,27,180.4,22.023274207110717
dual_phase,dual_phase/seed3_7,4,5.111111111111111,1150,87,17.400000000000002,44,6,5,1,17,27,60.400000000000006,23.754062708301188
dual_phase,dual_phase/seed3_7,5,5.111111111111111,1150,74,14.8,44,7,1,6,17,27,84.4,27.347168758170504
dual_phase,dual_phase/seed3_7,6,5.111111111111111,1150,613,122.60000000000001,44,25,2,23,17,27,80.2,6.681953373755091
dual_phase,dual_phase/seed3_7,7,5.111111111111111,1150,135,27.0,44,9,4,5,17,27,32.2,29.401238588715646
dual_phase,dual_phase/seed3_7,8,5.111111111111111,1150,31,6.2,44,2,0,2,17,27,160.20000000000002,29.739879810679568
dual_phase,dual_phase/seed3_7,9,5.111111111111111,1150,0,0.0,44,0,0,0,17,27,,27.48789158981988
dual_phase,dual_phase/seed4_1,0,5.111111111111111,1150,28,5.6000000000000005,44,3,1,2,17,27,40.400000000000006,23.75132484673291
dual_phase,dual_phase/seed4_1,1,5.111111111111111,1150,54,10.8,44,3,2,1,17,27,79.60000000000001,27.171956011972966
dual_phase,dual_phase/seed4_1,2,5.111111111111111,1150,4,0.8,44,1,0,1,17,27,201.60000000000002,23.00573792886549
dual_phase,dual_phase/seed4_1,3,5.111111111111111,1150,136,27.200000000000003,44,8,0,8,17,27,181.8,24.031562065250732
dual_phase,dual_phase/seed4_1,4,5.111111111111111,1150,11,2.2,44,2,0,2,17,27,180.4,27.168889245045907
dual_phase,dual_phase/seed4_1,5,5.111111111111111,1150,711,142.20000000000002,44,30,3,27,17,27,77.80000000000001,4.627193915139309
dual_phase,dual_phase/seed4_1,6,5.111111111111111,1150,102,20.400000000000002,44,5,0,5,17,27,207.8,27.03625698554054
dual_phase,dual_phase/seed4_1,7,5.111111111111111,1150,0,0.0,44,0,0,0,17,27,,27.08521751907346
dual_phase,dual_phase/seed4_1,8,5.111111111111111,1150,22,4.4,44,2,0,2,17,27,160.20000000000002,29.892049711601214
dual_phase,dual_phase/seed4_1,9,5.111111111111111,1150,0,0.0,44,0,0,0,17,27,,26.690012604750212
dual_phase,dual_phase/seed4_2,0,5.111111111111111,1150,28,5.6000000000000005,44,3,1,2,17,27,40.400000000000006,23.75132484673291
dual_phase,dual_phase/seed4_2,1,5.111111111111111,1150,54,10.8,44,3,2,1,17,27,79.60000000000001,27.171956011972966
dual_phase,dual_phase/seed4_2,2,5.111111111111111,1150,4,0.8,44,1,0,1,17,27,201.60000000000002,23.00573792886549
dual_phase,dual_phase/seed4_2,3,5.111111111111111,1150,136,27.200000000000003,44,8,0,8,17,27,181.8,24.031562065250732
dual_phase,dual_phase/seed4_2,4,5.111111111111111,1150,11,2.2,44,2,0,2,17,27,180.4,27.168889245045907
dual_phase,dual_phase/seed4_2,5,5.111111111111111,1150,802,160.4,44,31,4,27,17,27,69.60000000000001,3.5130147796231053
dual_phase,dual_phase/seed4_2,6,5.111111111111111,1150,104,20.8,44,5,0,5,17,27,207.4,29.199875102122895
dual_phase,dual_phase/seed4_2,7,5.111111111111111,1150,36,7.2,44,2,2,0,17,27,55.400000000000006,27.436123308347323
dual_phase,dual_phase/seed4_2,8,5.111111111111111,1150,25,5.0,44,2,0,2,17,27,160.20000000000002,29.73961081912074
dual_phase,dual_phase/seed4_2,9,5.111111111111111,1150,0,0.0,44,0,0,0,17,27,,25.717096371363336
dual_phase,dual_phase/seed4_4,0,5.111111111111111,1150,28,5.6000000000000005,44,3,1,2,17,27,40.400000000000006,23.75132484673291
dual_phase,dual_phase/seed4_4,1,5.111111111111111,1150,54,10.8,44,3,2,1,17,27,79.60000000000001,27.171956011972966
dual_phase,dual_phase/seed4_4,2,5.111111111111111,1150,4,0.8,44,1,0,1,17,27,201.60000000000002,23.00573792886549
dual_phase,dual_phase/seed4_4,3,5.111111111111111,1150,136,27.200000000000003,44,8,0,8,17,27,181.8,24.031562065250732
dual_phase,dual_phase/seed4_4,4,5.111111111111111,1150,11,2.2,44,2,0,2,17,27,180.4,27.168889245045907
dual_phase,dual_phase/seed4_4,5,5.111111111111111,1150,792,158.4,44,31,4,27,17,27,71.8,3.4552188763322897
dual_phase,dual_phase/seed4_4,6,5.111111111111111,1150,105,21.0,44,7,0,7,17,27,160.20000000000002,29.2872141138509
dual_phase,dual_phase/seed4_4,7,5.111111111111111,1150,4,0.8,44,1,1,0,17,27,56.6,27.89149474660784
dual_phase,dual_phase/seed4_4,8,5.111111111111111,1150,18,3.6,44,3,0,3,17,27,89.4,29.912301472908574
dual_phase,dual_phase/seed4_4,9,5.111111111111111,1150,0,0.0,44,0,0,0,17,27,,26.255268493115217
dual_phase,dual_phase/seed4_5,0,5.111111111111111,1150,28,5.6000000000000005,44,3,1,2,17,27,40.400000000000006,23.75132484673291
dual_phase,dual_phase/seed4_5,1,5.111111111111111,1150,54,10.8,44,3,2,1,17,27,79.60000000000001,27.171956011972966
dual_phase,dual_phase/seed4_5,2,5.111111111111111,1150,4,0.8,44,1,0,1,17,27,201.60000000000002,23.00573792886549
dual_phase,dual_phase/seed4_5,3,5.111111111111111,1150,136,27.200000000000003,44,8,0,8,17,27,181.8,24.031562065250732
dual_phase,dual_phase/seed4_5,4,5.111111111111111,1150,11,2.2,44,2,0,2,17,27,180.4,27.168889245045907
dual_phase,dual_phase/seed4_5,5,5.111111111111111,1150,805,161.0,44,31,4,27,17,27,69.2,3.4904535529448144
dual_phase,dual_phase/seed4_5,6,5.111111111111111,1150,110,22.0,44,8,1,7,17,27,60.400000000000006,28.62938711780666
dual_phase,dual_phase/seed4_5,7,5.111111111111111,1150,51,10.200000000000001,44,5,1,4,17,27,60.400000000000006,26.238458989582995
dual_phase,dual_phase/seed4_5,8,5.111111111111111,1150,91,18.2,44,7,1,6,17,27,86.60000000000001,28.595808686249853
dual_phase,dual_phase/seed4_5,9,5.111111111111111,1150,0,0.0,44,0,0,0,17,27,,27.172720293944625
dual_phase,dual_phase/seed7_1,0,5.111111111111111,1150,79,15.8,44,6,0,6,17,27,200.0,28.356248553388138
dual_phase,dual_phase/seed7_1,1,5.111111111111111,1150,3,0.6000000000000001,44,1,0,1,17,27,88.80000000000001,28.164378430923623
dual_phase,dual_phase/seed7_1,2,5.111111111111111,1150,7,1.4000000000000001,44,1,0,1,17,27,200.20000000000002,26.663519617943997
dual_phase,dual_phase/seed7_1,3,5.111111111111111,1150,38,7.6000000000000005,44,5,1,4,17,27,60.400000000000006,27.02102003071666
dual_phase,dual_phase/seed7_1,4,5.111111111111111,1150,82,16.400000000000002,44,6,0,6,17,27,200.4,24.653708117714928
dual_phase,dual_phase/seed7_1,5,5.111111111111111,1150,28,5.6000000000000005,44,2,1,1,17,27,85.0,29.20716204068134
dual_phase,dual_phase/seed7_1,6,5.111111111111111,1150,682,136.4,44,29,3,26,17,27,77.2,5.342509761101324
dual_phase,dual_phase/seed7_1,7,5.111111111111111,1150,104,20.8,44,6,2,4,17,27,79.2,25.719873035512318
dual_phase,dual_phase/seed7_1,8,5.111111111111111,1150,0,0.0,44,0,0,0,17,27,,27.76916420213273
dual_phase,dual_phase/seed7_1,9,5.111111111111111,1150,0,0.0,44,0,0,0,17,27,,28.964891727938646
dual_phase,dual_phase/seed7_2,0,5.111111111111111,1150,79,15.8,44,6,0,6,17,27,200.0,28.356248553388138
dual_phase,dual_phase/seed7_2,1,5.111111111111111,1150,3,0.6000000000000001,44,1,0,1,17,27,88.80000000000001,28.164378430923623
dual_phase,dual_phase/seed7_2,2,5.111111111111111,1150,7,1.4000000000000001,44,1,0,1,17,27,200.20000000000002,26.663519617943997
dual_phase,dual_phase/seed7_2,3,5.111111111111111,1150,38,7.6000000000000005,44,5,1,4,17,27,60.400000000000006,27.02102003071666
dual_phase,dual_phase/seed7_2,4,5.111111111111111,1150,82,16.400000000000002,44,6,0,6,17,27,200.4,24.653708117714928
dual_phase,dual_phase/seed7_2,5,5.111111111111111,1150,12,2.4000000000000004,44,2,1,1,17,27,87.80000000000001,29.50365377411261
dual_phase,dual_phase/seed7_2,6,5.111111111111111,1150,783,156.60000000000002,44,30,3,27,17,27,73.2,3.354182445576293
dual_phase,dual_phase/seed7_2,7,5.111111111111111,1150,71,14.200000000000001,44,5,2,3,17,27,78.60000000000001,26.45915448066171
dual_phase,dual_phase/seed7_2,8,5.111111111111111,1150,0,0.0,44,0,0,0,17,27,,26.75626864630486
dual_phase,dual_phase/seed7_2,9,5.111111111111111,1150,0,0.0,44,0,0,0,17,27,,28.859611582000877
dual_phase,dual_phase/seed8_1,0,5.111111111111111,1150,53,10.600000000000001,44,5,0,5,17,27,160.20000000000002,21.587636480292538
dual_phase,dual_phase/seed8_1,1,5.111111111111111,1150,26,5.2,44,1,0,1,17,27,161.4,26.78316564415268
dual_phase,dual_phase/seed8_1,2,5.111111111111111,1150,0,0.0,44,0,0,0,17,27,,27.87121463473008
dual_phase,dual_phase/seed8_1,3,5.111111111111111,1150,52,10.4,44,5,0,5,17,27,163.0,26.0303538561762
dual_phase,dual_phase/seed8_1,4,5.111111111111111,1150,53,10.600000000000001,44,5,0,5,17,27,160.4,22.849581324941298
dual_phase,dual_phase/seed8_1,5,5.111111111111111,1150,128,25.6,44,8,2,6,17,27,78.60000000000001,27.692081085805334
dual_phase,dual_phase/seed8_1,6,5.111111111111111,1150,49,9.8,44,7,1,6,17,27,87.60000000000001,28.113083464182917
dual_phase,dual_phase/seed8_1,7,5.111111111111111,1150,113,22.6,44,8,2,6,17,27,81.80000000000001,23.050276343147
dual_phase,dual_phase/seed8_1,8,5.111111111111111,1150,24,4.800000000000001,44,3,0,3,17,27,160.20000000000002,27.600737325649742
dual_phase,dual_phase/seed8_1,9,5.111111111111111,1150,0,0.0,44,0,0,0,17,27,,25.099071640985464
dual_phase_baseline,dual_phase_baseline/seed4_1,0,5.111111111111111,1150,16,3.2,44,1,0,1,17,27,210.20000000000002,22.783749185804588
dual_phase_baseline,dual_phase_baseline/seed4_1,1,5.111111111111111,1150,3,0.6000000000000001,44,1,0,1,17,27,195.4,26.770086495743037
dual_phase_baseline,dual_phase_baseline/seed4_1,2,5.111111111111111,1150,24,4.800000000000001,44,3,2,1,17,27,40.6,23.357683212080694
dual_phase_baseline,dual_phase_baseline/seed4_1,3,5.111111111111111,1150,195,39.0,44,10,0,10,17,27,160.4,23.105658046668427
dual_phase_baseline,dual_phase_baseline/seed4_1,4,5.111111111111111,1150,0,0.0,44,0,0,0,17,27,,26.47767525425661
dual_phase_baseline,dual_phase_baseline/seed4_1,5,5.111111111111111,1150,793,158.60000000000002,44,31,4,27,17,27,71.60000000000001,3.716401445606919
dual_phase_baseline,dual_phase_baseline/seed4_1,6,5.111111111111111,1150,105,21.0,44,5,0,5,17,27,207.0,28.231509567841737
dual_phase_baseline,dual_phase_baseline/seed4_1,7,5.111111111111111,1150,0,0.0,44,0,0,0,17,27,,26.95615426478431
dual_phase_baseline,dual_phase_baseline/seed4_1,8,5.111111111111111,1150,16,3.2,44,3,1,2,17,27,86.0,28.542499941665692
dual_phase_baseline,dual_phase_baseline/seed4_1,9,5.111111111111111,1150,0,0.0,44,0,0,0,17,27,,23.761571895576658
dual_phase_baseline,dual_phase_baseline/seed4_1,10,5.111111111111111,1150,1,0.2,44,1,0,1,17,27,213.20000000000002,25.41211883556008
dual_phase_baseline,dual_phase_baseline/seed4_1,11,5.111111111111111,1150,107,21.400000000000002,44,5,0,5,17,27,200.0,29.301813293057194
dual_phase_baseline,dual_phase_baseline/seed4_1,12,5.111111111111111,1150,0,0.0,44,0,0,0,17,27,,21.77749449007376
dual_phase_baseline,dual_phase_baseline/seed4_1,13,5.111111111111111,1150,5,1.0,44,2,0,2,17,27,215.4,25.556554222698917
dual_phase_baseline,dual_phase_baseline/seed4_1,14,5.111111111111111,1150,0,0.0,44,0,0,0,17,27,,29.685349287536727
dual_phase_baseline,dual_phase_baseline/seed4_10,0,5.111111111111111,1150,16,3.2,44,1,0,1,17,27,210.20000000000002,22.783749185804588
dual_phase_baseline,dual_phase_baseline/seed4_10,1,5.111111111111111,1150,113,22.6,44,7,4,3,17,27,72.60000000000001,28.211753549982404
dual_phase_baseline,dual_phase_baseline/seed4_10,2,5.111111111111111,1150,8,1.6,44,2,0,2,17,27,201.8,24.5971688251632
dual_phase_baseline,dual_phase_baseline/seed4_10,3,5.111111111111111,1150,169,33.800000000000004,44,8,1,7,17,27,85.80000000000001,24.45024755748408
dual_phase_baseline,dual_phase_baseline/seed4_10,4,5.111111111111111,1150,11,2.2,44,2,1,1,17,27,88.0,28.62097404135479
dual_phase_baseline,dual_phase_baseline/seed4_10,5,5.111111111111111,1150,51,10.200000000000001,44,6,2,4,17,27,83.0,25.022776428894495
dual_phase_baseline,dual_phase_baseline/seed4_10,6,5.111111111111111,1150,130,26.0,44,8,2,6,17,27,83.2,27.714330326257947
dual_phase_baseline,dual_phase_baseline/seed4_2,0,2.017543859649123,1150,17,3.4000000000000004,115,2,0,2,44,71,210.20000000000002,22.743904437970325
dual_phase_baseline,dual_phase_baseline/seed4_2,1,2.017543859649123,1150,12,2.4000000000000004,115,3,1,2,44,71,40.400000000000006,26.57544167738596
dual_phase_baseline,dual_phase_baseline/seed4_2,2,2.017543859649123,1150,2,0.4,115,1,0,1,44,71,213.60000000000002,23.466122701660485
dual_phase_baseline,dual_phase_baseline/seed4_2,3,2.017543859649123,1150,166,33.2,115,19,0,19,44,71,160.20000000000002,22.08841907347901
dual_phase_baseline,dual_phase_baseline/seed4_2,4,2.017543859649123,1150,9,1.8,115,2,1,1,44,71,60.400000000000006,28.653881252857857
dual_phase_baseline,dual_phase_baseline/seed4_2,5,2.017543859649123,1150,54,10.8,115,7,5,2,44,71,79.60000000000001,25.43566310020793
dual_phase_baseline,dual_phase_baseline/seed4_2,6,2.017543859649123,1150,676,135.20000000000002,115,72,6,66,44,71,78.0,6.252768011141507
dual_phase_baseline,dual_phase_baseline/seed4_2,7,2.017543859649123,1150,6,1.2000000000000002,115,2,0,2,44,71,89.4,27.2054397679831
dual_phase_baseline,dual_phase_baseline/seed4_2,8,2.017543859649123,1150,59,11.8,115,9,3,6,44,71,83.0,29.42631817782707
dual_phase_baseline,dual_phase_baseline/seed4_2,9,2.017543859649123,1150,4,0.8,115,1,0,1,44,71,160.20000000000002,25.988100061852833
dual_phase_baseline,dual_phase_baseline/seed4_2,10,2.017543859649123,1150,11,2.2,115,2,1,1,44,71,88.0,26.7277546239156
dual_phase_baseline,dual_phase_baseline/seed4_2,11,2.017543859649123,1150,101,20.200000000000003,115,15,1,14,44,71,86.2,28.823686760187737
dual_phase_baseline,dual_phase_baseline/seed4_2,12,2.017543859649123,1150,38,7.6000000000000005,115,5,3,2,44,71,82.60000000000001,22.379645320688034
dual_phase_baseline,dual_phase_baseline/seed4_2,13,2.017543859649123,1150,29,5.800000000000001,115,4,2,2,44,71,84.80000000000001,24.3410413095107
dual_phase_baseline,dual_phase_baseline/seed4_2,14,2.017543859649123,1150,41,8.200000000000001,115,6,3,3,44,71,83.80000000000001,27.525847393111352
dual_phase_baseline,dual_phase_baseline/seed4_3,0,2.017543859649123,1150,17,3.4000000000000004,115,2,0,2,44,71,210.20000000000002,22.743904437970325
dual_phase_baseline,dual_phase_baseline/seed4_3,1,2.017543859649123,1150,12,2.4000000000000004,115,3,1,2,44,71,40.400000000000006,26.57544167738596
dual_phase_baseline,dual_phase_baseline/seed4_3,2,2.017543859649123,1150,2,0.4,115,1,0,1,44,71,213.60000000000002,23.466122701660485
dual_phase_baseline,dual_phase_baseline/seed4_3,3,2.017543859649123,1150,166,33.2,115,19,0,19,44,71,160.20000000000002,22.08841907347901
dual_phase_baseline,dual_phase_baseline/seed4_3,4,2.017543859649123,1150,9,1.8,115,2,1,1,44,71,60.400000000000006,28.653881252857857
dual_phase_baseline,dual_phase_baseline/seed4_3,5,2.017543859649123,1150,6,1.2000000000000002,115,2,0,2,44,71,191.8,22.921299678018606
dual_phase_baseline,dual_phase_baseline/seed4_3,6,2.017543859649123,1150,617,123.4,115,63,3,60,44,71,82.60000000000001,6.957807857437756
dual_phase_baseline,dual_phase_baseline/seed4_3,7,2.017543859649123,1150,77,15.4,115,11,2,9,44,71,85.60000000000001,23.772666553726665
dual_phase_baseline,dual_phase_baseline/seed4_3,8,2.017543859649123,1150,775,155.0,115,79,8,71,44,71,73.4,3.5113094907518194
dual_phase_baseline,dual_phase_baseline/seed4_3,9,2.017543859649123,1150,42,8.4,115,6,4,2,44,71,82.0,24.515844834090114
dual_phase_baseline,dual_phase_baseline/seed4_3,10,2.017543859649123,1150,43,8.6,115,10,0,10,44,71,200.60000000000002,25.973755978017635
dual_phase_baseline,dual_phase_baseline/seed4_3,11,2.017543859649123,1150,132,26.400000000000002,115,15,5,10,44,71,79.0,27.708288350449724
dual_phase_baseline,dual_phase_baseline/seed4_3,12,2.017543859649123,1150,83,16.6,115,10,6,4,44,71,77.80000000000001,21.67582627401225
dual_phase_baseline,dual_phase_baseline/seed4_3,13,2.017543859649123,1150,49,9.8,115,5,0,5,44,71,160.20000000000002,25.037169700558486
dual_phase_baseline,dual_phase_baseline/seed4_3,14,2.017543859649123,1150,12,2.4000000000000004,115,2,0,2,44,71,160.20000000000002,28.64648109303744
dual_phase_baseline,dual_phase_baseline/seed4_4,0,5.111111111111111,1150,16,3.2,44,1,0,1,17,27,210.20000000000002,22.783749185804588
dual_phase_baseline,dual_phase_baseline/seed4_4,1,5.111111111111111,1150,3,0.6000000000000001,44,1,0,1,17,27,195.4,26.770086495743037
dual_phase_baseline,dual_phase_baseline/seed4_4,2,5.111111111111111,1150,24,4.800000000000001,44,3,2,1,17,27,40.6,23.357683212080694
dual_phase_baseline,dual_phase_baseline/seed4_4,3,5.111111111111111,1150,195,39.0,44,10,0,10,17,27,160.4,23.105658046668427
dual_phase_baseline,dual_phase_baseline/seed4_4,4,5.111111111111111,1150,0,0.0,44,0,0,0,17,27,,26.47767525425661
dual_phase_baseline,dual_phase_baseline/seed4_4,5,5.111111111111111,1150,796,159.20000000000002,44,31,4,27,17,27,70.8,3.697345191011423
dual_phase_baseline,dual_phase_baseline/seed4_4,6,5.111111111111111,1150,113,22.6,44,7,0,7,17,27,160.20000000000002,27.770546452009366
dual_phase_baseline,dual_phase_baseline/seed4_4,7,5.111111111111111,1150,0,0.0,44,0,0,0,17,27,,26.705557193382415
dual_phase_baseline,dual_phase_baseline/seed4_4,8,5.111111111111111,1150,26,5.2,44,4,0,4,17,27,161.60000000000002,27.52183386024817
dual_phase_baseline,dual_phase_baseline/seed4_4,9,5.111111111111111,1150,23,4.6000000000000005,44,2,1,1,17,27,85.4,24.26773167043565
dual_phase_baseline,dual_phase_baseline/seed4_5,0,5.111111111111111,1150,16,3.2,44,1,0,1,17,27,210.20000000000002,22.783749185804588
dual_phase_baseline,dual_phase_baseline/seed4_5,1,5.111111111111111,1150,3,0.6000000000000001,44,1,0,1,17,27,195.4,26.770086495743037
dual_phase_baseline,dual_phase_baseline/seed4_5,2,5.111111111111111,1150,24,4.800000000000001,44,3,2,1,17,27,40.6,23.357683212080694
dual_phase_baseline,dual_phase_baseline/seed4_5,3,5.111111111111111,1150,195,39.0,44,10,0,10,17,27,160.4,23.105658046668427
dual_phase_baseline,dual_phase_baseline/seed4_5,4,5.111111111111111,1150,0,0.0,44,0,0,0,17,27,,26.47767525425661
dual_phase_baseline,dual_phase_baseline/seed4_5,5,5.111111111111111,1150,46,9.200000000000001,44,4,2,2,17,27,82.2,24.588481553035173
dual_phase_baseline,dual_phase_baseline/seed4_5,6,5.111111111111111,1150,105,21.0,44,5,0,5,17,27,207.0,28.155193699146178
dual_phase_baseline,dual_phase_baseline/seed4_5,7,5.111111111111111,1150,0,0.0,44,0,0,0,17,27,,26.023537986481003
dual_phase_baseline,dual_phase_baseline/seed4_5,8,5.111111111111111,1150,29,5.800000000000001,44,4,1,3,17,27,86.4,28.75635722718523
dual_phase_baseline,dual_phase_baseline/seed4_5,9,5.111111111111111,1150,0,0.0,44,0,0,0,17,27,,26.27785908209199
dual_phase_baseline,dual_phase_baseline/seed4_7,0,5.111111111111111,1150,16,3.2,44,1,0,1,17,27,210.20000000000002,22.783749185804588
dual_phase_baseline,dual_phase_baseline/seed4_7,1,5.111111111111111,1150,3,0.6000000000000001,44,1,0,1,17,27,195.4,26.770086495743037
dual_phase_baseline,dual_phase_baseline/seed4_7,2,5.111111111111111,1150,24,4.800000000000001,44,3,2,1,17,27,40.6,23.357683212080694
dual_phase_baseline,dual_phase_baseline/seed4_7,3,5.111111111111111,1150,195,39.0,44,10,0,10,17,27,160.4,23.105658046668427
dual_phase_baseline,dual_phase_baseline/seed4_7,4,5.111111111111111,1150,0,0.0,44,0,0,0,17,27,,26.47767525425661
dual_phase_baseline,dual_phase_baseline/seed4_7,5,5.111111111111111,1150,46,9.200000000000001,44,4,2,2,17,27,82.2,24.588481553035173
dual_phase_baseline,dual_phase_baseline/seed4_7,6,5.111111111111111,1150,105,21.0,44,5,0,5,17,27,207.0,28.155193699146178
dual_phase_baseline,dual_phase_baseline/seed4_7,7,5.111111111111111,1150,0,0.0,44,0,0,0,17,27,,26.023537986481003
dual_phase_baseline,dual_phase_baseline/seed4_7,8,5.111111111111111,1150,29,5.800000000000001,44,4,1,3,17,27,86.4,28.75635722718523
dual_phase_baseline,dual_phase_baseline/seed4_7,9,5.111111111111111,1150,0,0.0,44,0,0,0,17,27,,26.27785908209199
dual_phase_baseline,dual_phase_baseline/seed4_8,0,5.111111111111111,1150,16,3.2,44,1,0,1,17,27,210.20000000000002,22.783749185804588
dual_phase_baseline,dual_phase_baseline/seed4_8,1,5.111111111111111,1150,3,0.6000000000000001,44,1,0,1,17,27,195.4,26.770086495743037
dual_phase_baseline,dual_phase_baseline/seed4_8,2,5.111111111111111,1150,10,2.0,44,2,0,2,17,27,201.60000000000002,25.48169990171591
dual_phase_baseline,dual_phase_baseline/seed4_8,3,5.111111111111111,1150,186,37.2,44,11,3,8,17,27,73.60000000000001,24.100376279541617
dual_phase_baseline,dual_phase_baseline/seed4_8,4,5.111111111111111,1150,134,26.8,44,6,3,3,17,27,73.60000000000001,28.64465215862391
dual_phase_baseline,dual_phase_baseline/seed4_8,5,5.111111111111111,1150,805,161.0,44,31,4,27,17,27,69.2,3.5320745457210534
dual_phase_baseline,dual_phase_baseline/seed4_8,6,5.111111111111111,1150,106,21.200000000000003,44,5,0,5,17,27,206.8,28.202333097861835
dual_phase_baseline,dual_phase_baseline/seed4_8_tenExpl,0,5.111111111111111,1150,16,3.2,44,1,0,1,17,27,210.20000000000002,22.783749185804588
dual_phase_baseline,dual_phase_baseline/seed4_8_tenExpl,1,5.111111111111111,1150,3,0.6000000000000001,44,1,0,1,17,27,195.4,26.770086495743037
dual_phase_baseline,dual_phase_baseline/seed4_8_tenExpl,2,5.111111111111111,1150,24,4.800000000000001,44,3,2,1,17,27,40.6,23.357683212080694
dual_phase_baseline,dual_phase_baseline/seed4_8_tenExpl,3,5.111111111111111,1150,195,39.0,44,10,0,10,17,27,160.4,23.105658046668427
dual_phase_baseline,dual_phase_baseline/seed4_8_tenExpl,4,5.111111111111111,1150,0,0.0,44,0,0,0,17,27,,26.47767525425661
dual_phase_baseline,dual_phase_baseline/seed4_8_tenExpl,5,5.111111111111111,1150,130,26.0,44,8,2,6,17,27,78.80000000000001,25.781377871448456
dual_phase_baseline,dual_phase_baseline/seed4_8_tenExpl,6,5.111111111111111,1150,161,32.2,44,11,0,11,17,27,88.60000000000001,25.723789808449474
dual_phase_baseline,dual_phase_baseline/seed4_8_tenExpl,7,5.111111111111111,1150,23,4.6000000000000005,44,3,0,3,17,27,160.4,24.6612467460081
dual_phase_baseline,dual_phase_baseline/seed4_8_tenExpl,8,5.111111111111111,1150,80,16.0,44,6,3,3,17,27,60.400000000000006,26.084028691226308
dual_phase_baseline,dual_phase_baseline/seed4_8_tenExpl,9,5.111111111111111,1150,31,6.2,44,2,0,2,17,27,210.20000000000002,22.569132468201264
dual_phase_baseline,dual_phase_baseline/seed4_8_tenExpl,10,5.111111111111111,1150,11,2.2,44,3,0,3,17,27,213.20000000000002,26.43849194384484
dual_phase_baseline,dual_phase_baseline/seed4_8_tenExpl,11,5.111111111111111,1150,102,20.400000000000002,44,7,1,6,17,27,86.2,28.036145553708156
dual_phase_baseline,dual_phase_baseline/seed4_8_tenExpl,12,5.111111111111111,1150,33,6.6000000000000005,44,2,1,1,17,27,83.60000000000001,21.826739891848252
dual_phase_baseline,dual_phase_baseline/seed4_8_tenExpl,13,5.111111111111111,1150,18,3.6,44,3,1,2,17,27,87.80000000000001,26.61257086857318
dual_phase_baseline,dual_phase_baseline/seed4_8_tenExpl,14,5.111111111111111,1150,20,4.0,44,2,1,1,17,27,85.80000000000001,29.887284545334424
dual_phase_baseline,dual_phase_baseline/seed4_9,0,5.111111111111111,1150,16,3.2,44,1,0,1,17,27,210.20000000000002,22.783749185804588
dual_phase_baseline,dual_phase_baseline/seed4_9,1,5.111111111111111,1150,3,0.6000000000000001,44,1,0,1,17,27,195.4,26.770086495743037
dual_phase_baseline,dual_phase_baseline/seed4_9,2,5.111111111111111,1150,24,4.800000000000001,44,3,2,1,17,27,40.6,23.357683212080694
dual_phase_baseline,dual_phase_baseline/seed4_9,3,5.111111111111111,1150,195,39.0,44,10,0,10,17,27,160.4,23.105658046668427
dual_phase_baseline,dual_phase_baseline/seed4_9,4,5.111111111111111,1150,0,0.0,44,0,0,0,17,27,,26.47767525425661
dual_phase_baseline,dual_phase_baseline/seed4_9,5,5.111111111111111,1150,44,8.8,44,4,0,4,17,27,213.20000000000002,20.877728739547834
dual_phase_baseline,dual_phase_baseline/seed4_9,6,5.111111111111111,1150,105,21.0,44,7,1,6,17,27,86.2,25.153834591361843
dual_phase_baseline,dual_phase_baseline/seed4_9,7,5.111111111111111,1150,618,123.60000000000001,44,25,2,23,17,27,79.2,5.157726627753172
dual_phase_baseline,dual_phase_baseline/seed4_9,8,5.111111111111111,1150,32,6.4,44,4,2,2,17,27,83.0,28.18680715357884
dual_phase_baseline,dual_phase_baseline/seed4_9,9,5.111111111111111,1150,0,0.0,44,0,0,0,17,27,,26.09780089269648
dual_phase_baseline,dual_phase_baseline/seed5_2,0,5.111111111111111,1150,0,0.0,44,0,0,0,17,27,,25.906070532350732
dual_phase_baseline,dual_phase_baseline/seed5_2,1,5.111111111111111,1150,33,6.6000000000000005,44,2,0,2,17,27,210.20000000000002,23.292959411232438
dual_phase_baseline,dual_phase_baseline/seed5_2,2,5.111111111111111,1150,0,0.0,44,0,0,0,17,27,,28.55187782740389
dual_phase_baseline,dual_phase_baseline/seed5_2,3,5.111111111111111,1150,54,10.8,44,6,0,6,17,27,160.20000000000002,21.21733018062771
dual_phase_baseline,dual_phase_baseline/seed5_2,4,5.111111111111111,1150,9,1.8,44,4,0,4,17,27,177.60000000000002,31.91493868770383
dual_phase_baseline,dual_phase_baseline/seed5_2,5,5.111111111111111,1150,162,32.4,44,7,4,3,17,27,70.60000000000001,24.284154698640677
dual_phase_baseline,dual_phase_baseline/seed5_2,6,5.111111111111111,1150,44,8.8,44,4,1,3,17,27,84.2,29.09154580947709
dual_phase_baseline,dual_phase_baseline/seed5_2,7,5.111111111111111,1150,3,0.6000000000000001,44,1,0,1,17,27,89.4,27.511253886650767
dual_phase_baseline,dual_phase_baseline/seed5_2,8,5.111111111111111,1150,40,8.0,44,3,2,1,17,27,82.0,24.729269025468533
dual_phase_baseline,dual_phase_baseline/seed5_2,9,5.111111111111111,1150,9,1.8,44,2,1,1,17,27,88.4,32.30468385091817
dual_phase_baseline,dual_phase_baseline/seed5_2,10,5.111111111111111,1150,26,5.2,44,2,1,1,17,27,84.60000000000001,28.823171198729323
dual_phase_baseline,dual_phase_baseline/seed5_2,11,5.111111111111111,1150,44,8.8,44,3,2,1,17,27,81.60000000000001,24.45305806127797
dual_phase_baseline,dual_phase_baseline/seed7_1,0,5.111111111111111,1150,79,15.8,44,6,0,6,17,27,200.0,28.356248553388138
dual_phase_baseline,dual_phase_baseline/seed7_1,1,5.111111111111111,1150,3,0.6000000000000001,44,1,0,1,17,27,88.80000000000001,28.164378430923623
dual_phase_baseline,dual_phase_baseline/seed7_1,2,5.111111111111111,1150,7,1.4000000000000001,44,1,0,1,17,27,200.20000000000002,26.663519617943997
dual_phase_baseline,dual_phase_baseline/seed7_1,3,5.111111111111111,1150,38,7.6000000000000005,44,5,1,4,17,27,60.400000000000006,27.02102003071666
dual_phase_baseline,dual_phase_baseline/seed7_1,4,5.111111111111111,1150,82,16.400000000000002,44,6,0,6,17,27,200.4,24.653708117714928
dual_phase_baseline,dual_phase_baseline/seed7_1,5,5.111111111111111,1150,0,0.0,44,0,0,0,17,27,,27.138537878059935
dual_phase_baseline,dual_phase_baseline/seed7_1,6,5.111111111111111,1150,98,19.6,44,6,2,4,17,27,82.0,25.99103653647737
dual_phase_baseline,dual_phase_baseline/seed7_1,7,5.111111111111111,1150,23,4.6000000000000005,44,3,0,3,17,27,127.80000000000001,25.478438041784738
dual_phase_baseline,dual_phase_baseline/seed7_1,8,5.111111111111111,1150,18,3.6,44,5,2,3,17,27,76.2,26.93619662971544
dual_phase_baseline,dual_phase_baseline/seed7_1,9,5.111111111111111,1150,88,17.6,44,6,3,3,17,27,77.0,23.537418719355916
dual_phase_baseline,dual_phase_baseline/seed8_1,0,5.111111111111111,1150,53,10.600000000000001,44,5,0,5,17,27,160.20000000000002,21.587636480292538
dual_phase_baseline,dual_phase_baseline/seed8_1,1,5.111111111111111,1150,26,5.2,44,1,0,1,17,27,161.4,26.78316564415268
dual_phase_baseline,dual_phase_baseline/seed8_1,2,5.111111111111111,1150,0,0.0,44,0,0,0,17,27,,27.87121463473008
dual_phase_baseline,dual_phase_baseline/seed8_1,3,5.111111111111111,1150,52,10.4,44,5,0,5,17,27,163.0,26.0303538561762
dual_phase_baseline,dual_phase_baseline/seed8_1,4,5.111111111111111,1150,53,10.600000000000001,44,5,0,5,17,27,160.4,22.849581324941298
dual_phase_baseline,dual_phase_baseline/seed8_1,5,5.111111111111111,1150,93,18.6,44,4,0,4,17,27,208.8,28.70153783341561
dual_phase_baseline,dual_phase_baseline/seed8_1,6,5.111111111111111,1150,211,42.2,44,14,3,11,17,27,74.0,23.8321639049224
dual_phase_baseline,dual_phase_baseline/seed8_1,7,5.111111111111111,1150,48,9.600000000000001,44,4,2,2,17,27,75.4,22.712529899519193
dual_phase_baseline,dual_phase_baseline/seed8_1,8,5.111111111111111,1150,54,10.8,44,5,2,3,17,27,76.2,22.772127153789285
dual_phase_baseline,dual_phase_baseline/seed8_1,9,5.111111111111111,1150,75,15.0,44,3,0,3,17,27,213.4,24.19145725180236
dual_phase_baseline_priors,dual_phase_baseline_priors/seed4_1,0,5.111111111111111,1150,16,3.2,44,1,0,1,17,27,210.20000000000002,22.783749185804588
dual_phase_baseline_priors,dual_phase_baseline_priors/seed4_1,1,5.111111111111111,1150,3,0.6000000000000001,44,1,0,1,17,27,195.4,26.770086495743037
dual_phase_baseline_priors,dual_phase_baseline_priors/seed4_1,2,5.111111111111111,1150,24,4.800000000000001,44,3,2,1,17,27,40.6,23.357683212080694
dual_phase_baseline_priors,dual_phase_baseline_priors/seed4_1,3,5.111111111111111,1150,195,39.0,44,10,0,10,17,27,160.4,23.105658046668427
dual_phase_baseline_priors,dual_phase_baseline_priors/seed4_1,4,5.111111111111111,1150,0,0.0,44,0,0,0,17,27,,26.47767525425661
dual_phase_baseline_priors,dual_phase_baseline_priors/seed4_1,5,5.111111111111111,1150,169,33.800000000000004,44,8,4,4,17,27,69.2,26.61660954990984
dual_phase_baseline_priors,dual_phase_baseline_priors/seed4_1,6,5.111111111111111,1150,127,25.400000000000002,44,7,0,7,17,27,160.4,29.575739633431116
dual_phase_baseline_priors,dual_phase_baseline_priors/seed4_1,7,5.111111111111111,1150,114,22.8,44,8,2,6,17,27,76.2,23.283305969670835
dual_phase_baseline_priors,dual_phase_baseline_priors/seed4_1,8,5.111111111111111,1150,16,3.2,44,2,0,2,17,27,160.20000000000002,29.012425232522887
dual_phase_baseline_priors,dual_phase_baseline_priors/seed4_1,9,5.111111111111111,1150,0,0.0,44,0,0,0,17,27,,24.779610616257912
dual_phase_baseline_priors,dual_phase_baseline_priors/seed4_1,10,5.111111111111111,1150,0,0.0,44,0,0,0,17,27,,25.75354779365842
dual_phase_baseline_time,dual_phase_baseline_time/seed4_1,0,5.111111111111111,1150,16,3.2,44,1,0,1,17,27,210.20000000000002,22.783749185804588
dual_phase_baseline_time,dual_phase_baseline_time/seed4_1,1,5.111111111111111,1150,3,0.6000000000000001,44,1,0,1,17,27,195.4,26.770086495743037
dual_phase_baseline_time,dual_phase_baseline_time/seed4_1,2,5.111111111111111,1150,24,4.800000000000001,44,3,2,1,17,27,40.6,23.357683212080694
dual_phase_baseline_time,dual_phase_baseline_time/seed4_1,3,5.111111111111111,1150,195,39.0,44,10,0,10,17,27,160.4,23.105658046668427
dual_phase_baseline_time,dual_phase_baseline_time/seed4_1,4,5.111111111111111,1150,0,0.0,44,0,0,0,17,27,,26.47767525425661
dual_phase_baseline_time,dual_phase_baseline_time/seed4_1,5,5.111111111111111,1150,62,12.4,44,4,0,4,17,27,213.0,22.099560226788327
dual_phase_baseline_time,dual_phase_baseline_time/seed4_1,6,5.111111111111111,1150,95,19.0,44,5,0,5,17,27,207.60000000000002,27.113184990832316
dual_phase_baseline_time,dual_phase_baseline_time/seed4_1,7,5.111111111111111,1150,0,0.0,44,0,0,0,17,27,,23.883806419024552
dual_phase_baseline_time,dual_phase_baseline_time/seed4_1,8,5.111111111111111,1150,0,0.0,44,0,0,0,17,27,,26.4638150428408
dual_phase_baseline_time,dual_phase_baseline_time/seed4_1,9,5.111111111111111,1150,0,0.0,44,0,0,0,17,27,,25.374792628720687
dual_phase_baseline_time,dual_phase_baseline_time/seed4_2,0,5.111111111111111,1150,16,3.2,44,1,0,1,17,27,210.20000000000002,22.783749185804588
dual_phase_baseline_time,dual_phase_baseline_time/seed4_2,1,5.111111111111111,1150,3,0.6000000000000001,44,1,0,1,17,27,195.4,26.770086495743037
dual_phase_baseline_time,dual_phase_baseline_time/seed4_2,2,5.111111111111111,1150,24,4.800000000000001,44,3,2,1,17,27,40.6,23.357683212080694
dual_phase_baseline_time,dual_phase_baseline_time/seed4_2,3,5.111111111111111,1150,195,39.0,44,10,0,10,17,27,160.4,23.105658046668427
dual_phase_baseline_time,dual_phase_baseline_time/seed4_2,4,5.111111111111111,1150,0,0.0,44,0,0,0,17,27,,26.47767525425661
dual_phase_baseline_time,dual_phase_baseline_time/seed4_2,5,5.111111111111111,1150,73,14.600000000000001,44,4,0,4,17,27,210.0,23.063979923252226
dual_phase_baseline_time,dual_phase_baseline_time/seed4_2,6,5.111111111111111,1150,93,18.6,44,7,2,5,17,27,76.2,24.54583048014852
dual_phase_baseline_time,dual_phase_baseline_time/seed4_2,7,5.111111111111111,1150,10,2.0,44,1,1,0,17,27,76.2,26.86883005860205
dual_phase_baseline_time,dual_phase_baseline_time/seed4_2,8,5.111111111111111,1150,69,13.8,44,7,3,4,17,27,76.2,27.27459987245166
dual_phase_baseline_time,dual_phase_baseline_time/seed4_2,9,5.111111111111111,1150,8,1.6,44,2,1,1,17,27,76.4,26.070141037755715
dual_phase_baseline_time,dual_phase_baseline_time/seed4_3,0,5.111111111111111,1150,16,3.2,44,1,0,1,17,27,210.20000000000002,22.783749185804588
dual_phase_baseline_time,dual_phase_baseline_time/seed4_3,1,5.111111111111111,1150,3,0.6000000000000001,44,1,0,1,17,27,195.4,26.770086495743037
dual_phase_baseline_time,dual_phase_baseline_time/seed4_3,2,5.111111111111111,1150,24,4.800000000000001,44,3,2,1,17,27,40.6,23.357683212080694
dual_phase_baseline_time,dual_phase_baseline_time/seed4_3,3,5.111111111111111,1150,195,39.0,44,10,0,10,17,27,160.4,23.105658046668427
dual_phase_baseline_time,dual_phase_baseline_time/seed4_3,4,5.111111111111111,1150,0,0.0,44,0,0,0,17,27,,26.47767525425661
dual_phase_baseline_time,dual_phase_baseline_time/seed4_3,5,5.111111111111111,1150,64,12.8,44,4,0,4,17,27,213.0,22.62188292833411
dual_phase_baseline_time,dual_phase_baseline_time/seed4_3,6,5.111111111111111,1150,106,21.200000000000003,44,5,0,5,17,27,205.60000000000002,24.502175667414537
dual_phase_baseline_time,dual_phase_baseline_time/seed4_3,7,5.111111111111111,1150,0,0.0,44,0,0,0,17,27,,22.343579267349547
dual_phase_baseline_time,dual_phase_baseline_time/seed4_3,8,5.111111111111111,1150,1,0.2,44,1,0,1,17,27,89.80000000000001,27.452765473896164
dual_phase_baseline_time,dual_phase_baseline_time/seed4_3,9,5.111111111111111,1150,0,0.0,44,0,0,0,17,27,,24.227491883685687
dual_phase_baseline_time,dual_phase_baseline_time/seed4_4,0,5.111111111111111,1150,16,3.2,44,1,0,1,17,27,210.20000000000002,22.783749185804588
dual_phase_baseline_time,dual_phase_baseline_time/seed4_4,1,5.111111111111111,1150,3,0.6000000000000001,44,1,0,1,17,27,195.4,26.770086495743037
dual_phase_baseline_time,dual_phase_baseline_time/seed4_4,2,5.111111111111111,1150,24,4.800000000000001,44,3,2,1,17,27,40.6,23.357683212080694
dual_phase_baseline_time,dual_phase_baseline_time/seed4_4,3,5.111111111111111,1150,195,39.0,44,10,0,10,17,27,160.4,23.105658046668427
dual_phase_baseline_time,dual_phase_baseline_time/seed4_4,4,5.111111111111111,1150,0,0.0,44,0,0,0,17,27,,26.47767525425661
dual_phase_baseline_time,dual_phase_baseline_time/seed4_4,5,5.111111111111111,1150,64,12.8,44,4,0,4,17,27,213.0,22.62188292833411
dual_phase_baseline_time,dual_phase_baseline_time/seed4_4,6,5.111111111111111,1150,106,21.200000000000003,44,5,0,5,17,27,205.60000000000002,24.502175667414537
dual_phase_baseline_time,dual_phase_baseline_time/seed4_4,7,5.111111111111111,1150,0,0.0,44,0,0,0,17,27,,22.343579267349547
dual_phase_baseline_time,dual_phase_baseline_time/seed4_4,8,5.111111111111111,1150,1,0.2,44,1,0,1,17,27,89.80000000000001,27.452765473896164
dual_phase_baseline_time,dual_phase_baseline_time/seed4_4,9,5.111111111111111,1150,0,0.0,44,0,0,0,17,27,,24.227491883685687
full,full/ConcCost/multi-phase/Added_time/seed4_3,0,5.111111111111111,1150,16,3.2,44,1,0,1,17,27,210.20000000000002,22.7837491858017
full,full/ConcCost/multi-phase/Added_time/seed4_3,1,5.111111111111111,1150,3,0.6000000000000001,44,1,0,1,17,27,195.4,26.77008649573808
full,full/ConcCost/multi-phase/Added_time/seed4_3,2,5.111111111111111,1150,24,4.800000000000001,44,3,2,1,17,27,40.6,23.357683211746874
full,full/ConcCost/multi-phase/Added_time/seed4_3,3,5.111111111111111,1150,195,39.0,44,10,0,10,17,27,160.4,23.105658046667223
full,full/ConcCost/multi-phase/Added_time/seed4_3,4,5.111111111111111,1150,0,0.0,44,0,0,0,17,27,,26.477675254266778
full,full/ConcCost/multi-phase/Added_time/seed4_3,5,5.111111111111111,1150,64,12.8,44,4,0,4,17,27,213.0,22.621882915952238
full,full/ConcCost/multi-phase/Added_time/seed4_3,6,5.111111111111111,1150,108,21.6,44,5,0,5,17,27,205.4,24.551325687828157
full,full/ConcCost/multi-phase/Added_time/seed4_3,7,5.111111111111111,1150,0,0.0,44,0,0,0,17,27,,22.490694830750243
full,full/ConcCost/multi-phase/Added_time/seed4_3,8,5.111111111111111,1150,9,1.8,44,3,0,3,17,27,89.60000000000001,25.910584316520506
full,full/ConcCost/multi-phase/Added_time/seed4_3,9,5.111111111111111,1150,0,0.0,44,0,0,0,17,27,,21.998429896140124
full,full/ConcCost/multi-phase/Added_time/seed4_3,10,5.111111111111111,1150,37,7.4,44,4,0,4,17,27,200.4,24.348824846375773
full,full/ConcCost/multi-phase/Added_time/seed4_3,11,5.111111111111111,1150,113,22.6,44,6,0,6,17,27,199.8,29.76407219058118
full,full/ConcCost/multi-phase/Added_time/seed4_3,12,5.111111111111111,1150,0,0.0,44,0,0,0,17,27,,22.817456119001676
full,full/ConcCost/multi-phase/Added_time/seed4_3,13,5.111111111111111,1150,29,5.800000000000001,44,5,0,5,17,27,160.20000000000002,28.213689360291696
full,full/ConcCost/multi-phase/Added_time/seed4_3,14,5.111111111111111,1150,0,0.0,44,0,0,0,17,27,,32.4334264183879
full,full/ConcCost/multi-phase/Added_time/seed5_3,0,5.111111111111111,1150,0,0.0,44,0,0,0,17,27,,25.906070532351514
full,full/ConcCost/multi-phase/Added_time/seed5_3,1,5.111111111111111,1150,33,6.6000000000000005,44,2,0,2,17,27,210.20000000000002,23.29295941123534
full,full/ConcCost/multi-phase/Added_time/seed5_3,2,5.111111111111111,1150,0,0.0,44,0,0,0,17,27,,28.551877827405765
full,full/ConcCost/multi-phase/Added_time/seed5_3,3,5.111111111111111,1150,54,10.8,44,6,0,6,17,27,160.20000000000002,21.217330180627886
full,full/ConcCost/multi-phase/Added_time/seed5_3,4,5.111111111111111,1150,9,1.8,44,4,0,4,17,27,177.60000000000002,31.91493868777949
full,full/ConcCost/multi-phase/Added_time/seed5_3,5,5.111111111111111,1150,24,4.800000000000001,44,2,0,2,17,27,162.4,27.01259842011194
full,full/ConcCost/multi-phase/Added_time/seed5_3,6,5.111111111111111,1150,72,14.4,44,4,3,1,17,27,77.60000000000001,27.47984248817241
full,full/ConcCost/multi-phase/Added_time/seed5_3,7,5.111111111111111,1150,31,6.2,44,2,1,1,17,27,84.0,28.233923720664503
full,full/ConcCost/multi-phase/Added_time/seed5_3,8,5.111111111111111,1150,87,17.400000000000002,44,4,3,1,17,27,74.0,22.85897160627094
full,full/ConcCost/multi-phase/Added_time/seed5_3,9,5.111111111111111,1150,44,8.8,44,3,2,1,17,27,81.80000000000001,30.304159902073405
full,full/ConcCost/multi-phase/Added_time/seed5_3,10,5.111111111111111,1150,12,2.4000000000000004,44,2,1,1,17,27,87.2,28.117522030498478
full,full/ConcCost/multi-phase/Added_time/seed5_3,11,5.111111111111111,1150,32,6.4,44,4,1,3,17,27,85.4,24.96990944262015
full,full/ConcCost/multi-phase/Added_time/seed5_3,12,5.111111111111111,1150,5,1.0,44,3,0,3,17,27,160.20000000000002,30.92772866937393
full,full/ConcCost/multi-phase/Added_time/seed5_3,13,5.111111111111111,1150,47,9.4,44,2,0,2,17,27,219.60000000000002,31.38514622790794
full,full/ConcCost/multi-phase/Added_time/seed5_3,14,5.111111111111111,1150,23,4.6000000000000005,44,2,0,2,17,27,160.20000000000002,25.89881496429506
full,full/ConcCost/multi-phase/Added_time/seed6_3,0,5.111111111111111,1150,70,14.0,44,7,2,5,17,27,83.0,25.041631637358233
full,full/ConcCost/multi-phase/Added_time/seed6_3,1,5.111111111111111,1150,27,5.4,44,3,0,3,17,27,180.20000000000002,25.336831555812267
full,full/ConcCost/multi-phase/Added_time/seed6_3,2,5.111111111111111,1150,2,0.4,44,1,0,1,17,27,210.60000000000002,24.330628354724496
full,full/ConcCost/multi-phase/Added_time/seed6_3,3,5.111111111111111,1150,0,0.0,44,0,0,0,17,27,,27.878458342193774
full,full/ConcCost/multi-phase/Added_time/seed6_3,4,5.111111111111111,1150,56,11.200000000000001,44,5,0,5,17,27,88.60000000000001,24.911540345207996
full,full/ConcCost/multi-phase/Added_time/seed6_3,5,5.111111111111111,1150,763,152.6,44,31,4,27,17,27,72.8,3.9846602673321594
full,full/ConcCost/multi-phase/Added_time/seed6_3,6,5.111111111111111,1150,0,0.0,44,0,0,0,17,27,,24.02141338842398
full,full/ConcCost/multi-phase/Added_time/seed6_3,7,5.111111111111111,1150,55,11.0,44,7,2,5,17,27,76.2,29.660555444460762
full,full/ConcCost/multi-phase/Added_time/seed6_3,8,5.111111111111111,1150,38,7.6000000000000005,44,2,0,2,17,27,221.60000000000002,26.430565817362435
full,full/ConcCost/multi-phase/Added_time/seed6_3,9,5.111111111111111,1150,8,1.6,44,1,0,1,17,27,225.4,27.394564430688654
full,full/ConcCost/multi-phase/Added_time/seed6_3,10,5.111111111111111,1150,0,0.0,44,0,0,0,17,27,,27.714095157856683
full,full/ConcCost/multi-phase/Added_time/seed6_3,11,5.111111111111111,1150,0,0.0,44,0,0,0,17,27,,24.91705242256765
full,full/ConcCost/multi-phase/Added_time/seed6_3,12,5.111111111111111,1150,0,0.0,44,0,0,0,17,27,,26.464809092947725
full,full/ConcCost/multi-phase/Added_time/seed6_3,13,5.111111111111111,1150,11,2.2,44,2,0,2,17,27,213.4,21.46599001072864
full,full/ConcCost/multi-phase/Added_time/seed6_3,14,5.111111111111111,1150,5,1.0,44,1,0,1,17,27,213.4,20.224296461877298
full,full/ConcCost/multi-phase/No_time/seed4_2,0,5.111111111111111,1150,16,3.2,44,1,0,1,17,27,210.20000000000002,22.7837491858017
full,full/ConcCost/multi-phase/No_time/seed4_2,1,5.111111111111111,1150,3,0.6000000000000001,44,1,0,1,17,27,195.4,26.77008649573808
full,full/ConcCost/multi-phase/No_time/seed4_2,2,5.111111111111111,1150,24,4.800000000000001,44,3,2,1,17,27,40.6,23.357683211746874
full,full/ConcCost/multi-phase/No_time/seed4_2,3,5.111111111111111,1150,195,39.0,44,10,0,10,17,27,160.4,23.105658046667223
full,full/ConcCost/multi-phase/No_time/seed4_2,4,5.111111111111111,1150,0,0.0,44,0,0,0,17,27,,26.477675254266778
full,full/ConcCost/multi-phase/No_time/seed4_2,5,5.111111111111111,1150,48,9.600000000000001,44,6,1,5,17,27,85.2,25.236711964191603
full,full/ConcCost/multi-phase/No_time/seed4_2,6,5.111111111111111,1150,106,21.200000000000003,44,5,0,5,17,27,206.8,28.141837450177125
full,full/ConcCost/multi-phase/No_time/seed4_2,7,5.111111111111111,1150,0,0.0,44,0,0,0,17,27,,26.639280931681995
full,full/ConcCost/multi-phase/No_time/seed4_2,8,5.111111111111111,1150,58,11.600000000000001,44,5,1,4,17,27,83.60000000000001,27.908579691436767
full,full/ConcCost/multi-phase/No_time/seed4_2,9,5.111111111111111,1150,2,0.4,44,1,0,1,17,27,213.4,25.228580722391907
full,full/ConcCost/multi-phase/No_time/seed4_2,10,5.111111111111111,1150,3,0.6000000000000001,44,0,0,0,17,27,229.0,27.592318933013654
full,full/ConcCost/multi-phase/No_time/seed4_2,11,5.111111111111111,1150,101,20.200000000000003,44,5,0,5,17,27,200.0,30.127726153025826
full,full/ConcCost/multi-phase/No_time/seed4_2,12,5.111111111111111,1150,1,0.2,44,1,0,1,17,27,223.4,23.859849275359903
full,full/ConcCost/multi-phase/No_time/seed4_2,13,5.111111111111111,1150,12,2.4000000000000004,44,2,0,2,17,27,222.20000000000002,28.349036289920058
full,full/ConcCost/multi-phase/No_time/seed4_2,14,5.111111111111111,1150,4,0.8,44,1,0,1,17,27,160.20000000000002,32.10506887512755
full,full/ConcCost/multi-phase/No_time/seed5_2,0,5.111111111111111,1150,0,0.0,44,0,0,0,17,27,,25.906070532351514
full,full/ConcCost/multi-phase/No_time/seed5_2,1,5.111111111111111,1150,33,6.6000000000000005,44,2,0,2,17,27,210.20000000000002,23.29295941123534
full,full/ConcCost/multi-phase/No_time/seed5_2,2,5.111111111111111,1150,0,0.0,44,0,0,0,17,27,,28.551877827405765
full,full/ConcCost/multi-phase/No_time/seed5_2,3,5.111111111111111,1150,54,10.8,44,6,0,6,17,27,160.20000000000002,21.217330180627886
full,full/ConcCost/multi-phase/No_time/seed5_2,4,5.111111111111111,1150,9,1.8,44,4,0,4,17,27,177.60000000000002,31.91493868777949
full,full/ConcCost/multi-phase/No_time/seed5_2,5,5.111111111111111,1150,162,32.4,44,7,4,3,17,27,71.2,24.299671724712642
full,full/ConcCost/multi-phase/No_time/seed5_2,6,5.111111111111111,1150,758,151.6,44,30,3,27,17,27,73.8,2.7690075174155493
full,full/ConcCost/multi-phase/No_time/seed5_2,7,5.111111111111111,1150,0,0.0,44,0,0,0,17,27,,28.03892871006658
full,full/ConcCost/multi-phase/No_time/seed5_2,8,5.111111111111111,1150,14,2.8000000000000003,44,2,1,1,17,27,86.80000000000001,24.612184884619182
full,full/ConcCost/multi-phase/No_time/seed5_2,9,5.111111111111111,1150,0,0.0,44,0,0,0,17,27,,30.219594111535727
full,full/ConcCost/multi-phase/No_time/seed5_2,10,5.111111111111111,1150,35,7.0,44,3,2,1,17,27,83.0,26.41342650646985
full,full/ConcCost/multi-phase/No_time/seed5_2,11,5.111111111111111,1150,19,3.8000000000000003,44,3,0,3,17,27,213.20000000000002,24.90061030100304
full,full/ConcCost/multi-phase/No_time/seed5_2,12,5.111111111111111,1150,47,9.4,44,3,2,1,17,27,80.80000000000001,28.325846952103504
full,full/ConcCost/multi-phase/No_time/seed5_2,13,5.111111111111111,1150,62,12.4,44,3,0,3,17,27,215.8,28.84987540108651
full,full/ConcCost/multi-phase/No_time/seed5_2,14,5.111111111111111,1150,0,0.0,44,0,0,0,17,27,,24.313300961678863
full,full/ConcCost/multi-phase/No_time/seed6_2,0,5.111111111111111,1150,70,14.0,44,7,2,5,17,27,83.0,25.041631637358233
full,full/ConcCost/multi-phase/No_time/seed6_2,1,5.111111111111111,1150,27,5.4,44,3,0,3,17,27,180.20000000000002,25.336831555812267
full,full/ConcCost/multi-phase/No_time/seed6_2,2,5.111111111111111,1150,2,0.4,44,1,0,1,17,27,210.60000000000002,24.330628354724496
full,full/ConcCost/multi-phase/No_time/seed6_2,3,5.111111111111111,1150,0,0.0,44,0,0,0,17,27,,27.878458342193774
full,full/ConcCost/multi-phase/No_time/seed6_2,4,5.111111111111111,1150,56,11.200000000000001,44,5,0,5,17,27,88.60000000000001,24.911540345207996
full,full/ConcCost/multi-phase/No_time/seed6_2,5,5.111111111111111,1150,91,18.2,44,4,3,1,17,27,73.2,27.374663814078183
full,full/ConcCost/multi-phase/No_time/seed6_2,6,5.111111111111111,1150,1,0.2,44,1,0,1,17,27,214.20000000000002,22.57142142916052
full,full/ConcCost/multi-phase/No_time/seed6_2,7,5.111111111111111,1150,10,2.0,44,2,1,1,17,27,87.4,26.940803545823524
full,full/ConcCost/multi-phase/No_time/seed6_2,8,5.111111111111111,1150,42,8.4,44,2,0,2,17,27,221.4,29.057067548005996
full,full/ConcCost/multi-phase/No_time/seed6_2,9,5.111111111111111,1150,50,10.0,44,3,2,1,17,27,80.4,27.608540469264646
full,full/ConcCost/multi-phase/No_time/seed6_2,10,5.111111111111111,1150,60,12.0,44,3,2,1,17,27,78.80000000000001,29.45567061336805
full,full/ConcCost/multi-phase/No_time/seed6_2,11,5.111111111111111,1150,31,6.2,44,3,0,3,17,27,160.20000000000002,29.01772232007354
full,full/ConcCost/multi-phase/No_time/seed6_2,12,5.111111111111111,1150,20,4.0,44,2,1,1,17,27,86.4,29.459625047189036
full,full/ConcCost/multi-phase/No_time/seed6_2,13,5.111111111111111,1150,7,1.4000000000000001,44,1,0,1,17,27,227.0,24.5829280514543
full,full/ConcCost/multi-phase/No_time/seed6_2,14,5.111111111111111,1150,0,0.0,44,0,0,0,17,27,,21.702465505272773
full,full/ConcCost/single-phase/Added_time/seed4_1,0,5.111111111111111,1150,16,3.2,44,1,0,1,17,27,210.20000000000002,22.7837491858017
full,full/ConcCost/single-phase/Added_time/seed4_1,1,5.111111111111111,1150,3,0.6000000000000001,44,1,0,1,17,27,195.4,26.77008649573808
full,full/ConcCost/single-phase/Added_time/seed4_1,2,5.111111111111111,1150,24,4.800000000000001,44,3,2,1,17,27,40.6,23.357683211746874
full,full/ConcCost/single-phase/Added_time/seed4_1,3,5.111111111111111,1150,195,39.0,44,10,0,10,17,27,160.4,23.105658046667223
full,full/ConcCost/single-phase/Added_time/seed4_1,4,5.111111111111111,1150,0,0.0,44,0,0,0,17,27,,26.477675254266778
full,full/ConcCost/single-phase/Added_time/seed4_1,5,5.111111111111111,1150,17,3.4000000000000004,44,3,0,3,17,27,88.80000000000001,26.398061457936453
full,full/ConcCost/single-phase/Added_time/seed4_1,6,5.111111111111111,1150,109,21.8,44,5,0,5,17,27,206.8,29.44541214003755
full,full/ConcCost/single-phase/Added_time/seed4_1,7,5.111111111111111,1150,0,0.0,44,0,0,0,17,27,,29.041623321594052
full,full/ConcCost/single-phase/Added_time/seed4_1,8,5.111111111111111,1150,12,2.4000000000000004,44,2,1,1,17,27,86.0,28.47534160330837
full,full/ConcCost/single-phase/Added_time/seed4_1,9,5.111111111111111,1150,0,0.0,44,0,0,0,17,27,,26.07551382445208
full,full/ConcCost/single-phase/Added_time/seed4_1,10,5.111111111111111,1150,9,1.8,44,1,0,1,17,27,225.20000000000002,28.028250575630437
full,full/ConcCost/single-phase/Added_time/seed4_1,11,5.111111111111111,1150,104,20.8,44,6,0,6,17,27,200.0,30.723796438466266
full,full/ConcCost/single-phase/Added_time/seed4_1,12,5.111111111111111,1150,0,0.0,44,0,0,0,17,27,,23.942179879939054
full,full/ConcCost/single-phase/Added_time/seed4_1,13,5.111111111111111,1150,2,0.4,44,2,0,2,17,27,89.60000000000001,29.165171270776934
full,full/ConcCost/single-phase/Added_time/seed4_1,14,5.111111111111111,1150,0,0.0,44,0,0,0,17,27,,32.727536922386136
full,full/ConcCost/single-phase/Added_time/seed5_1,0,5.111111111111111,1150,0,0.0,44,0,0,0,17,27,,25.906070532351514
full,full/ConcCost/single-phase/Added_time/seed5_1,1,5.111111111111111,1150,33,6.6000000000000005,44,2,0,2,17,27,210.20000000000002,23.29295941123534
full,full/ConcCost/single-phase/Added_time/seed5_1,2,5.111111111111111,1150,0,0.0,44,0,0,0,17,27,,28.551877827405765
full,full/ConcCost/single-phase/Added_time/seed5_1,3,5.111111111111111,1150,54,10.8,44,6,0,6,17,27,160.20000000000002,21.217330180627886
full,full/ConcCost/single-phase/Added_time/seed5_1,4,5.111111111111111,1150,9,1.8,44,4,0,4,17,27,177.60000000000002,31.91493868777949
full,full/ConcCost/single-phase/Added_time/seed5_1,5,5.111111111111111,1150,77,15.4,44,5,1,4,17,27,83.4,24.224523229504054
full,full/ConcCost/single-phase/Added_time/seed5_1,6,5.111111111111111,1150,30,6.0,44,3,1,2,17,27,86.0,29.200517132935882
full,full/ConcCost/single-phase/Added_time/seed5_1,7,5.111111111111111,1150,0,0.0,44,0,0,0,17,27,,26.39101604711098
full,full/ConcCost/single-phase/Added_time/seed5_1,8,5.111111111111111,1150,21,4.2,44,2,0,2,17,27,160.20000000000002,26.40870869602451
full,full/ConcCost/single-phase/Added_time/seed5_1,9,5.111111111111111,1150,7,1.4000000000000001,44,1,0,1,17,27,163.4,32.898431759767064
full,full/ConcCost/single-phase/Added_time/seed5_1,10,5.111111111111111,1150,0,0.0,44,0,0,0,17,27,,25.72297028226237
full,full/ConcCost/single-phase/Added_time/seed5_1,11,5.111111111111111,1150,0,0.0,44,0,0,0,17,27,,25.3299997370898
full,full/ConcCost/single-phase/Added_time/seed5_1,12,5.111111111111111,1150,16,3.2,44,2,0,2,17,27,160.20000000000002,31.251720533805816
full,full/ConcCost/single-phase/Added_time/seed5_1,13,5.111111111111111,1150,41,8.200000000000001,44,2,0,2,17,27,220.0,32.51270475482156
full,full/ConcCost/single-phase/Added_time/seed5_1,14,5.111111111111111,1150,22,4.4,44,2,0,2,17,27,160.20000000000002,26.58168932370811
full,full/ConcCost/single-phase/Added_time/seed6_1,0,5.111111111111111,1150,70,14.0,44,7,2,5,17,27,83.0,25.041631637358233
full,full/ConcCost/single-phase/Added_time/seed6_1,1,5.111111111111111,1150,27,5.4,44,3,0,3,17,27,180.20000000000002,25.336831555812267
full,full/ConcCost/single-phase/Added_time/seed6_1,2,5.111111111111111,1150,2,0.4,44,1,0,1,17,27,210.60000000000002,24.330628354724496
full,full/ConcCost/single-phase/Added_time/seed6_1,3,5.111111111111111,1150,0,0.0,44,0,0,0,17,27,,27.878458342193774
full,full/ConcCost/single-phase/Added_time/seed6_1,4,5.111111111111111,1150,56,11.200000000000001,44,5,0,5,17,27,88.60000000000001,24.911540345207996
full,full/ConcCost/single-phase/Added_time/seed6_1,5,5.111111111111111,1150,41,8.200000000000001,44,3,2,1,17,27,82.0,26.403163195940063
full,full/ConcCost/single-phase/Added_time/seed6_1,6,5.111111111111111,1150,0,0.0,44,0,0,0,17,27,,23.096874976854547
full,full/ConcCost/single-phase/Added_time/seed6_1,7,5.111111111111111,1150,88,17.6,44,4,3,1,17,27,74.2,30.610575228884947
full,full/ConcCost/single-phase/Added_time/seed6_1,8,5.111111111111111,1150,33,6.6000000000000005,44,2,0,2,17,27,222.20000000000002,32.52753992025725
full,full/ConcCost/single-phase/Added_time/seed6_1,9,5.111111111111111,1150,0,0.0,44,0,0,0,17,27,,31.244224988333112
full,full/ConcCost/single-phase/Added_time/seed6_1,10,5.111111111111111,1150,0,0.0,44,0,0,0,17,27,,32.5191227076746
full,full/ConcCost/single-phase/Added_time/seed6_1,11,5.111111111111111,1150,34,6.800000000000001,44,3,0,3,17,27,146.8,29.469459229072836
full,full/ConcCost/single-phase/Added_time/seed6_1,12,5.111111111111111,1150,0,0.0,44,0,0,0,17,27,,31.322258291653107
full,full/ConcCost/single-phase/Added_time/seed6_1,13,5.111111111111111,1150,5,1.0,44,1,0,1,17,27,227.0,25.437133329408525
full,full/ConcCost/single-phase/Added_time/seed6_1,14,5.111111111111111,1150,0,0.0,44,0,0,0,17,27,,24.15031862662975
full,full/ConcCost/single-phase/No_time/seed4_0,0,5.111111111111111,1150,16,3.2,44,1,0,1,17,27,210.20000000000002,22.7837491858017
full,full/ConcCost/single-phase/No_time/seed4_0,1,5.111111111111111,1150,3,0.6000000000000001,44,1,0,1,17,27,195.4,26.77008649573808
full,full/ConcCost/single-phase/No_time/seed4_0,2,5.111111111111111,1150,24,4.800000000000001,44,3,2,1,17,27,40.6,23.357683211746874
full,full/ConcCost/single-phase/No_time/seed4_0,3,5.111111111111111,1150,195,39.0,44,10,0,10,17,27,160.4,23.105658046667223
full,full/ConcCost/single-phase/No_time/seed4_0,4,5.111111111111111,1150,0,0.0,44,0,0,0,17,27,,26.477675254266778
full,full/ConcCost/single-phase/No_time/seed4_0,5,5.111111111111111,1150,783,156.60000000000002,44,30,3,27,17,27,73.2,3.79291584018582
full,full/ConcCost/single-phase/No_time/seed4_0,6,5.111111111111111,1150,111,22.200000000000003,44,7,1,6,17,27,85.4,28.199223904196938
full,full/ConcCost/single-phase/No_time/seed4_0,7,5.111111111111111,1150,10,2.0,44,1,1,0,17,27,76.2,26.724155373395064
full,full/ConcCost/single-phase/No_time/seed4_0,8,5.111111111111111,1150,66,13.200000000000001,44,4,3,1,17,27,77.60000000000001,25.156352752811785
full,full/ConcCost/single-phase/No_time/seed4_0,9,5.111111111111111,1150,12,2.4000000000000004,44,2,1,1,17,27,87.80000000000001,25.141947370519986
full,full/ConcCost/single-phase/No_time/seed4_0,10,5.111111111111111,1150,34,6.800000000000001,44,3,2,1,17,27,83.2,25.982825206239983
full,full/ConcCost/single-phase/No_time/seed4_0,11,5.111111111111111,1150,90,18.0,44,7,2,5,17,27,82.4,28.237205540070555
full,full/ConcCost/single-phase/No_time/seed4_0,12,5.111111111111111,1150,34,6.800000000000001,44,3,2,1,17,27,83.2,22.71806603670616
full,full/ConcCost/single-phase/No_time/seed4_0,13,5.111111111111111,1150,17,3.4000000000000004,44,3,1,2,17,27,86.4,27.58693190162835
full,full/ConcCost/single-phase/No_time/seed4_0,14,5.111111111111111,1150,22,4.4,44,2,1,1,17,27,85.4,30.914522429560087
full,full/ConcCost/single-phase/No_time/seed5_0,0,5.111111111111111,1150,0,0.0,44,0,0,0,17,27,,25.906070532351514
full,full/ConcCost/single-phase/No_time/seed5_0,1,5.111111111111111,1150,33,6.6000000000000005,44,2,0,2,17,27,210.20000000000002,23.29295941123534
full,full/ConcCost/single-phase/No_time/seed5_0,2,5.111111111111111,1150,0,0.0,44,0,0,0,17,27,,28.551877827405765
full,full/ConcCost/single-phase/No_time/seed5_0,3,5.111111111111111,1150,54,10.8,44,6,0,6,17,27,160.20000000000002,21.217330180627886
full,full/ConcCost/single-phase/No_time/seed5_0,4,5.111111111111111,1150,9,1.8,44,4,0,4,17,27,177.60000000000002,31.91493868777949
full,full/ConcCost/single-phase/No_time/seed5_0,5,5.111111111111111,1150,720,144.0,44,29,4,25,17,27,69.60000000000001,4.77300600944211
full,full/ConcCost/single-phase/No_time/seed5_0,6,5.111111111111111,1150,38,7.6000000000000005,44,4,0,4,17,27,213.0,23.173286538980832
full,full/ConcCost/single-phase/No_time/seed5_0,7,5.111111111111111,1150,5,1.0,44,1,0,1,17,27,228.20000000000002,21.49515401190246
full,full/ConcCost/single-phase/No_time/seed5_0,8,5.111111111111111,1150,3,0.6000000000000001,44,1,0,1,17,27,213.4,20.521037057837844
full,full/ConcCost/single-phase/No_time/seed5_0,9,5.111111111111111,1150,6,1.2000000000000002,44,1,0,1,17,27,228.20000000000002,24.474787039029188
full,full/ConcCost/single-phase/No_time/seed5_0,10,5.111111111111111,1150,5,1.0,44,1,0,1,17,27,160.4,22.09387111317412
full,full/ConcCost/single-phase/No_time/seed5_0,11,5.111111111111111,1150,24,4.800000000000001,44,3,0,3,17,27,213.20000000000002,21.24005036769889
full,full/ConcCost/single-phase/No_time/seed5_0,12,5.111111111111111,1150,19,3.8000000000000003,44,4,0,4,17,27,213.0,29.659391761205413
full,full/ConcCost/single-phase/No_time/seed5_0,13,5.111111111111111,1150,56,11.200000000000001,44,3,0,3,17,27,216.60000000000002,31.492823748210604
full,full/ConcCost/single-phase/No_time/seed5_0,14,5.111111111111111,1150,0,0.0,44,0,0,0,17,27,,25.75168598463679
full,full/ConcCost/single-phase/No_time/seed6_0,0,5.111111111111111,1150,70,14.0,44,7,2,5,17,27,83.0,25.041631637358233
full,full/ConcCost/single-phase/No_time/seed6_0,1,5.111111111111111,1150,27,5.4,44,3,0,3,17,27,180.20000000000002,25.336831555812267
full,full/ConcCost/single-phase/No_time/seed6_0,2,5.111111111111111,1150,2,0.4,44,1,0,1,17,27,210.60000000000002,24.330628354724496
full,full/ConcCost/single-phase/No_time/seed6_0,3,5.111111111111111,1150,0,0.0,44,0,0,0,17,27,,27.878458342193774
full,full/ConcCost/single-phase/No_time/seed6_0,4,5.111111111111111,1150,56,11.200000000000001,44,5,0,5,17,27,88.60000000000001,24.911540345207996
full,full/ConcCost/single-phase/No_time/seed6_0,5,5.111111111111111,1150,755,151.0,44,30,3,27,17,27,73.4,3.819240126321623
full,full/ConcCost/single-phase/No_time/seed6_0,6,5.111111111111111,1150,0,0.0,44,0,0,0,17,27,,24.997489709297938
full,full/ConcCost/single-phase/No_time/seed6_0,7,5.111111111111111,1150,2,0.4,44,0,0,0,17,27,229.8,29.959514521264133
full,full/ConcCost/single-phase/No_time/seed6_0,8,5.111111111111111,1150,74,14.8,44,4,3,1,17,27,77.0,28.965904268959463
full,full/ConcCost/single-phase/No_time/seed6_0,9,5.111111111111111,1150,60,12.0,44,3,2,1,17,27,78.4,28.81166879759449
full,full/ConcCost/single-phase/No_time/seed6_0,10,5.111111111111111,1150,72,14.4,44,4,3,1,17,27,76.4,27.130395210884835
full,full/ConcCost/single-phase/No_time/seed6_0,11,5.111111111111111,1150,0,0.0,44,0,0,0,17,27,,28.480445126404586
full,full/ConcCost/single-phase/No_time/seed6_0,12,5.111111111111111,1150,4,0.8,44,1,0,1,17,27,89.2,29.15075370569978
full,full/ConcCost/single-phase/No_time/seed6_0,13,5.111111111111111,1150,5,1.0,44,1,0,1,17,27,227.0,24.10312484219303
full,full/ConcCost/single-phase/No_time/seed6_0,14,5.111111111111111,1150,0,0.0,44,0,0,0,17,27,,22.374623270449586
full,full/MassCost/multi-phase/Added_time/seed4_31,0,5.111111111111111,1150,16,3.2,44,1,0,1,17,27,210.20000000000002,22.7837491858017
full,full/MassCost/multi-phase/Added_time/seed4_31,1,5.111111111111111,1150,3,0.6000000000000001,44,1,0,1,17,27,195.4,26.77008649573808
full,full/MassCost/multi-phase/Added_time/seed4_31,2,5.111111111111111,1150,24,4.800000000000001,44,3,2,1,17,27,40.6,23.357683211746874
full,full/MassCost/multi-phase/Added_time/seed4_31,3,5.111111111111111,1150,195,39.0,44,10,0,10,17,27,160.4,23.105658046667223
full,full/MassCost/multi-phase/Added_time/seed4_31,4,5.111111111111111,1150,0,0.0,44,0,0,0,17,27,,26.477675254266778
full,full/MassCost/multi-phase/Added_time/seed4_31,5,5.111111111111111,1150,73,14.600000000000001,44,4,0,4,17,27,210.0,23.063979919145112
full,full/MassCost/multi-phase/Added_time/seed4_31,6,5.111111111111111,1150,93,18.6,44,7,2,5,17,27,76.2,24.545830483900705
full,full/MassCost/multi-phase/Added_time/seed4_31,7,5.111111111111111,1150,10,2.0,44,1,1,0,17,27,76.2,26.868829911319033
full,full/MassCost/multi-phase/Added_time/seed4_31,8,5.111111111111111,1150,52,10.4,44,6,3,3,17,27,76.2,27.774493851757807
full,full/MassCost/multi-phase/Added_time/seed4_31,9,5.111111111111111,1150,1,0.2,44,1,0,1,17,27,89.80000000000001,26.34514637982064
full,full/MassCost/multi-phase/Added_time/seed4_31,10,5.111111111111111,1150,8,1.6,44,2,1,1,17,27,76.2,27.359036661458084
full,full/MassCost/multi-phase/Added_time/seed4_31,11,5.111111111111111,1150,69,13.8,44,7,1,6,17,27,86.80000000000001,29.338393169270578
full,full/MassCost/multi-phase/Added_time/seed4_31,12,5.111111111111111,1150,0,0.0,44,0,0,0,17,27,,24.21507106594365
full,full/MassCost/multi-phase/Added_time/seed4_31,13,5.111111111111111,1150,10,2.0,44,2,1,1,17,27,87.60000000000001,28.271232769068938
full,full/MassCost/multi-phase/Added_time/seed4_31,14,5.111111111111111,1150,0,0.0,44,0,0,0,17,27,,32.08524328793054
full,full/MassCost/multi-phase/Added_time/seed5_31,0,5.111111111111111,1150,0,0.0,44,0,0,0,17,27,,25.906070532351514
full,full/MassCost/multi-phase/Added_time/seed5_31,1,5.111111111111111,1150,33,6.6000000000000005,44,2,0,2,17,27,210.20000000000002,23.29295941123534
full,full/MassCost/multi-phase/Added_time/seed5_31,2,5.111111111111111,1150,0,0.0,44,0,0,0,17,27,,28.551877827405765
full,full/MassCost/multi-phase/Added_time/seed5_31,3,5.111111111111111,1150,54,10.8,44,6,0,6,17,27,160.20000000000002,21.217330180627886
full,full/MassCost/multi-phase/Added_time/seed5_31,4,5.111111111111111,1150,9,1.8,44,4,0,4,17,27,177.60000000000002,31.91493868777949
full,full/MassCost/multi-phase/Added_time/seed5_31,5,5.111111111111111,1150,10,2.0,44,2,0,2,17,27,164.20000000000002,27.470967660519474
full,full/MassCost/multi-phase/Added_time/seed5_31,6,5.111111111111111,1150,660,132.0,44,28,3,25,17,27,76.60000000000001,6.975103162551202
full,full/MassCost/multi-phase/Added_time/seed5_31,7,5.111111111111111,1150,36,7.2,44,3,0,3,17,27,175.20000000000002,20.97248481624816
full,full/MassCost/multi-phase/Added_time/seed5_31,8,5.111111111111111,1150,21,4.2,44,3,0,3,17,27,89.0,25.044054665423428
full,full/MassCost/multi-phase/Added_time/seed5_31,9,5.111111111111111,1150,0,0.0,44,0,0,0,17,27,,32.57485559769802
full,full/MassCost/multi-phase/Added_time/seed5_31,10,5.111111111111111,1150,0,0.0,44,0,0,0,17,27,,28.228437241172713
full,full/MassCost/multi-phase/Added_time/seed5_31,11,5.111111111111111,1150,6,1.2000000000000002,44,1,0,1,17,27,216.20000000000002,25.754049785243563
full,full/MassCost/multi-phase/Added_time/seed5_31,12,5.111111111111111,1150,6,1.2000000000000002,44,1,0,1,17,27,160.20000000000002,31.896557421506778
full,full/MassCost/multi-phase/Added_time/seed5_31,13,5.111111111111111,1150,43,8.6,44,2,0,2,17,27,219.8,33.07353239906308
full,full/MassCost/multi-phase/Added_time/seed5_31,14,5.111111111111111,1150,21,4.2,44,2,0,2,17,27,160.20000000000002,26.68707368388193
full,full/MassCost/multi-phase/Added_time/seed6_31,0,5.111111111111111,1150,70,14.0,44,7,2,5,17,27,83.0,25.041631637358233
full,full/MassCost/multi-phase/Added_time/seed6_31,1,5.111111111111111,1150,27,5.4,44,3,0,3,17,27,180.20000000000002,25.336831555812267
full,full/MassCost/multi-phase/Added_time/seed6_31,2,5.111111111111111,1150,2,0.4,44,1,0,1,17,27,210.60000000000002,24.330628354724496
full,full/MassCost/multi-phase/Added_time/seed6_31,3,5.111111111111111,1150,0,0.0,44,0,0,0,17,27,,27.878458342193774
full,full/MassCost/multi-phase/Added_time/seed6_31,4,5.111111111111111,1150,56,11.200000000000001,44,5,0,5,17,27,88.60000000000001,24.911540345207996
full,full/MassCost/multi-phase/Added_time/seed6_31,5,5.111111111111111,1150,761,152.20000000000002,44,30,3,27,17,27,73.0,3.9778654174590904
full,full/MassCost/multi-phase/Added_time/seed6_31,6,5.111111111111111,1150,0,0.0,44,0,0,0,17,27,,24.91756400698286
full,full/MassCost/multi-phase/Added_time/seed6_31,7,5.111111111111111,1150,28,5.6000000000000005,44,2,1,1,17,27,84.2,28.412020714120082
full,full/MassCost/multi-phase/Added_time/seed6_31,8,5.111111111111111,1150,188,37.6,44,10,3,7,17,27,77.0,28.937558043478838
full,full/MassCost/multi-phase/Added_time/seed6_31,9,5.111111111111111,1150,67,13.4,44,4,3,1,17,27,77.80000000000001,31.098686011521487
full,full/MassCost/multi-phase/Added_time/seed6_31,10,5.111111111111111,1150,190,38.0,44,10,3,7,17,27,75.8,28.16076568926094
full,full/MassCost/multi-phase/Added_time/seed6_31,11,5.111111111111111,1150,109,21.8,44,7,3,4,17,27,74.8,28.962290408110505
full,full/MassCost/multi-phase/Added_time/seed6_31,12,5.111111111111111,1150,154,30.8,44,7,4,3,17,27,70.0,30.385890455133147
full,full/MassCost/multi-phase/Added_time/seed6_31,13,5.111111111111111,1150,66,13.200000000000001,44,5,0,5,17,27,195.20000000000002,19.23785260097408
full,full/MassCost/multi-phase/Added_time/seed6_31,14,5.111111111111111,1150,60,12.0,44,3,2,1,17,27,78.80000000000001,25.37861837504234
full,full/MassCost/multi-phase/No_time/seed4_21,0,5.111111111111111,1150,16,3.2,44,1,0,1,17,27,210.20000000000002,22.7837491858017
full,full/MassCost/multi-phase/No_time/seed4_21,1,5.111111111111111,1150,3,0.6000000000000001,44,1,0,1,17,27,195.4,26.77008649573808
full,full/MassCost/multi-phase/No_time/seed4_21,2,5.111111111111111,1150,24,4.800000000000001,44,3,2,1,17,27,40.6,23.357683211746874
full,full/MassCost/multi-phase/No_time/seed4_21,3,5.111111111111111,1150,195,39.0,44,10,0,10,17,27,160.4,23.105658046667223
full,full/MassCost/multi-phase/No_time/seed4_21,4,5.111111111111111,1150,0,0.0,44,0,0,0,17,27,,26.477675254266778
full,full/MassCost/multi-phase/No_time/seed4_21,5,5.111111111111111,1150,48,9.600000000000001,44,4,2,2,17,27,81.80000000000001,24.963513767322443
full,full/MassCost/multi-phase/No_time/seed4_21,6,5.111111111111111,1150,105,21.0,44,5,0,5,17,27,207.20000000000002,25.545759502091386
full,full/MassCost/multi-phase/No_time/seed4_21,7,5.111111111111111,1150,1,0.2,44,1,0,1,17,27,89.80000000000001,28.858523966827807
full,full/MassCost/multi-phase/No_time/seed4_21,8,5.111111111111111,1150,756,151.20000000000002,44,31,4,27,17,27,70.8,4.152177583170757
full,full/MassCost/multi-phase/No_time/seed4_21,9,5.111111111111111,1150,41,8.200000000000001,44,3,2,1,17,27,82.0,23.239649145371285
full,full/MassCost/multi-phase/No_time/seed4_21,10,5.111111111111111,1150,38,7.6000000000000005,44,3,2,1,17,27,83.2,24.96530564108873
full,full/MassCost/multi-phase/No_time/seed4_21,11,5.111111111111111,1150,109,21.8,44,6,0,6,17,27,200.0,25.24774477459398
full,full/MassCost/multi-phase/No_time/seed4_21,12,5.111111111111111,1150,0,0.0,44,0,0,0,17,27,,20.2923492873658
full,full/MassCost/multi-phase/No_time/seed4_21,13,5.111111111111111,1150,94,18.8,44,5,3,2,17,27,74.0,28.037107665276473
full,full/MassCost/multi-phase/No_time/seed4_21,14,5.111111111111111,1150,88,17.6,44,5,3,2,17,27,74.0,33.15643221178857
full,full/MassCost/multi-phase/No_time/seed5_21,0,5.111111111111111,1150,0,0.0,44,0,0,0,17,27,,25.906070532351514
full,full/MassCost/multi-phase/No_time/seed5_21,1,5.111111111111111,1150,33,6.6000000000000005,44,2,0,2,17,27,210.20000000000002,23.29295941123534
full,full/MassCost/multi-phase/No_time/seed5_21,2,5.111111111111111,1150,0,0.0,44,0,0,0,17,27,,28.551877827405765
full,full/MassCost/multi-phase/No_time/seed5_21,3,5.111111111111111,1150,54,10.8,44,6,0,6,17,27,160.20000000000002,21.217330180627886
full,full/MassCost/multi-phase/No_time/seed5_21,4,5.111111111111111,1150,9,1.8,44,4,0,4,17,27,177.60000000000002,31.91493868777949
full,full/MassCost/multi-phase/No_time/seed5_21,5,5.111111111111111,1150,151,30.200000000000003,44,7,4,3,17,27,72.0,24.300335894717417
full,full/MassCost/multi-phase/No_time/seed5_21,6,5.111111111111111,1150,84,16.8,44,6,3,3,17,27,77.0,26.403884393055844
full,full/MassCost/multi-phase/No_time/seed5_21,7,5.111111111111111,1150,0,0.0,44,0,0,0,17,27,,29.3679109010475
full,full/MassCost/multi-phase/No_time/seed5_21,8,5.111111111111111,1150,38,7.6000000000000005,44,3,0,3,17,27,160.20000000000002,27.091365989489145
full,full/MassCost/multi-phase/No_time/seed5_21,9,5.111111111111111,1150,0,0.0,44,0,0,0,17,27,,32.916151466081054
full,full/MassCost/multi-phase/No_time/seed5_21,10,5.111111111111111,1150,0,0.0,44,0,0,0,17,27,,29.222872770298604
full,full/MassCost/multi-phase/No_time/seed5_21,11,5.111111111111111,1150,2,0.4,44,1,1,0,17,27,76.2,27.19036806645989
full,full/MassCost/multi-phase/No_time/seed5_21,12,5.111111111111111,1150,161,32.2,44,13,1,12,17,27,88.2,26.133583241320448
full,full/MassCost/multi-phase/No_time/seed5_21,13,5.111111111111111,1150,116,23.200000000000003,44,8,0,8,17,27,145.6,27.306575142457064
full,full/MassCost/multi-phase/No_time/seed5_21,14,5.111111111111111,1150,42,8.4,44,6,0,6,17,27,88.60000000000001,26.131652698820243
full,full/MassCost/multi-phase/No_time/seed6_21,0,5.111111111111111,1150,70,14.0,44,7,2,5,17,27,83.0,25.041631637358233
full,full/MassCost/multi-phase/No_time/seed6_21,1,5.111111111111111,1150,27,5.4,44,3,0,3,17,27,180.20000000000002,25.336831555812267
full,full/MassCost/multi-phase/No_time/seed6_21,2,5.111111111111111,1150,2,0.4,44,1,0,1,17,27,210.60000000000002,24.330628354724496
full,full/MassCost/multi-phase/No_time/seed6_21,3,5.111111111111111,1150,0,0.0,44,0,0,0,17,27,,27.878458342193774
full,full/MassCost/multi-phase/No_time/seed6_21,4,5.111111111111111,1150,56,11.200000000000001,44,5,0,5,17,27,88.60000000000001,24.911540345207996
full,full/MassCost/multi-phase/No_time/seed6_21,5,5.111111111111111,1150,8,1.6,44,2,1,1,17,27,88.0,27.370392678428246
full,full/MassCost/multi-phase/No_time/seed6_21,6,5.111111111111111,1150,9,1.8,44,2,0,2,17,27,213.20000000000002,22.256781941181725
full,full/MassCost/multi-phase/No_time/seed6_21,7,5.111111111111111,1150,791,158.20000000000002,44,31,4,27,17,27,69.8,3.780055984558696
full,full/MassCost/multi-phase/No_time/seed6_21,8,5.111111111111111,1150,24,4.800000000000001,44,2,1,1,17,27,76.2,31.022777899062067
full,full/MassCost/multi-phase/No_time/seed6_21,9,5.111111111111111,1150,0,0.0,44,0,0,0,17,27,,30.80742773726699
full,full/MassCost/multi-phase/No_time/seed6_21,10,5.111111111111111,1150,95,19.0,44,6,2,4,17,27,81.4,29.928898564398747
full,full/MassCost/multi-phase/No_time/seed6_21,11,5.111111111111111,1150,30,6.0,44,3,0,3,17,27,160.20000000000002,29.991284310142586
full,full/MassCost/multi-phase/No_time/seed6_21,12,5.111111111111111,1150,0,0.0,44,0,0,0,17,27,,30.71637490195063
full,full/MassCost/multi-phase/No_time/seed6_21,13,5.111111111111111,1150,3,0.6000000000000001,44,1,0,1,17,27,227.0,25.331363041542843
full,full/MassCost/multi-phase/No_time/seed6_21,14,5.111111111111111,1150,0,0.0,44,0,0,0,17,27,,23.675144947455298
full,full/MassCost/single-phase/Added_time/seed4_11,0,5.111111111111111,1150,16,3.2,44,1,0,1,17,27,210.20000000000002,22.7837491858017
full,full/MassCost/single-phase/Added_time/seed4_11,1,5.111111111111111,1150,3,0.6000000000000001,44,1,0,1,17,27,195.4,26.77008649573808
full,full/MassCost/single-phase/Added_time/seed4_11,2,5.111111111111111,1150,24,4.800000000000001,44,3,2,1,17,27,40.6,23.357683211746874
full,full/MassCost/single-phase/Added_time/seed4_11,3,5.111111111111111,1150,195,39.0,44,10,0,10,17,27,160.4,23.105658046667223
full,full/MassCost/single-phase/Added_time/seed4_11,4,5.111111111111111,1150,0,0.0,44,0,0,0,17,27,,26.477675254266778
full,full/MassCost/single-phase/Added_time/seed4_11,5,5.111111111111111,1150,37,7.4,44,3,2,1,17,27,82.80000000000001,25.032666560089442
full,full/MassCost/single-phase/Added_time/seed4_11,6,5.111111111111111,1150,107,21.400000000000002,44,5,0,5,17,27,207.20000000000002,29.414025706800956
full,full/MassCost/single-phase/Added_time/seed4_11,7,5.111111111111111,1150,50,10.0,44,4,0,4,17,27,200.4,26.27073765232077
full,full/MassCost/single-phase/Added_time/seed4_11,8,5.111111111111111,1150,3,0.6000000000000001,44,1,0,1,17,27,89.4,28.858040723882993
full,full/MassCost/single-phase/Added_time/seed4_11,9,5.111111111111111,1150,0,0.0,44,0,0,0,17,27,,26.24618502067057
full,full/MassCost/single-phase/Added_time/seed4_11,10,5.111111111111111,1150,0,0.0,44,0,0,0,17,27,,27.687120173923546
full,full/MassCost/single-phase/Added_time/seed4_11,11,5.111111111111111,1150,52,10.4,44,6,0,6,17,27,160.60000000000002,29.885683412407758
full,full/MassCost/single-phase/Added_time/seed4_11,12,5.111111111111111,1150,0,0.0,44,0,0,0,17,27,,24.039583167130548
full,full/MassCost/single-phase/Added_time/seed4_11,13,5.111111111111111,1150,33,6.6000000000000005,44,2,0,2,17,27,162.4,28.058507076777943
full,full/MassCost/single-phase/Added_time/seed4_11,14,5.111111111111111,1150,0,0.0,44,0,0,0,17,27,,31.611628689649393
full,full/MassCost/single-phase/Added_time/seed5_11,0,5.111111111111111,1150,0,0.0,44,0,0,0,17,27,,25.906070532351514
full,full/MassCost/single-phase/Added_time/seed5_11,1,5.111111111111111,1150,33,6.6000000000000005,44,2,0,2,17,27,210.20000000000002,23.29295941123534
full,full/MassCost/single-phase/Added_time/seed5_11,2,5.111111111111111,1150,0,0.0,44,0,0,0,17,27,,28.551877827405765
full,full/MassCost/single-phase/Added_time/seed5_11,3,5.111111111111111,1150,54,10.8,44,6,0,6,17,27,160.20000000000002,21.217330180627886
full,full/MassCost/single-phase/Added_time/seed5_11,4,5.111111111111111,1150,9,1.8,44,4,0,4,17,27,177.60000000000002,31.91493868777949
full,full/MassCost/single-phase/Added_time/seed5_11,5,5.111111111111111,1150,45,9.0,44,4,1,3,17,27,86.80000000000001,25.80169011982961
full,full/MassCost/single-phase/Added_time/seed5_11,6,5.111111111111111,1150,2,0.4,44,1,0,1,17,27,213.0,25.616987969945434
full,full/MassCost/single-phase/Added_time/seed5_11,7,5.111111111111111,1150,0,0.0,44,0,0,0,17,27,,29.457412538628652
full,full/MassCost/single-phase/Added_time/seed5_11,8,5.111111111111111,1150,42,8.4,44,3,0,3,17,27,160.20000000000002,25.473444047129604
full,full/MassCost/single-phase/Added_time/seed5_11,9,5.111111111111111,1150,14,2.8000000000000003,44,1,0,1,17,27,162.4,32.963726379060255
full,full/MassCost/single-phase/Added_time/seed5_11,10,5.111111111111111,1150,8,1.6,44,2,0,2,17,27,160.20000000000002,28.864721196384163
full,full/MassCost/single-phase/Added_time/seed5_11,11,5.111111111111111,1150,8,1.6,44,2,0,2,17,27,160.60000000000002,26.644069398651148
full,full/MassCost/single-phase/Added_time/seed5_11,12,5.111111111111111,1150,3,0.6000000000000001,44,1,0,1,17,27,160.20000000000002,31.35154982469529
full,full/MassCost/single-phase/Added_time/seed5_11,13,5.111111111111111,1150,58,11.600000000000001,44,4,0,4,17,27,160.60000000000002,32.40844482296735
full,full/MassCost/single-phase/Added_time/seed5_11,14,5.111111111111111,1150,21,4.2,44,2,0,2,17,27,160.20000000000002,26.87621703611656
full,full/MassCost/single-phase/Added_time/seed6_11,0,5.111111111111111,1150,70,14.0,44,7,2,5,17,27,83.0,25.041631637358233
full,full/MassCost/single-phase/Added_time/seed6_11,1,5.111111111111111,1150,27,5.4,44,3,0,3,17,27,180.20000000000002,25.336831555812267
full,full/MassCost/single-phase/Added_time/seed6_11,2,5.111111111111111,1150,2,0.4,44,1,0,1,17,27,210.60000000000002,24.330628354724496
full,full/MassCost/single-phase/Added_time/seed6_11,3,5.111111111111111,1150,0,0.0,44,0,0,0,17,27,,27.878458342193774
full,full/MassCost/single-phase/Added_time/seed6_11,4,5.111111111111111,1150,56,11.200000000000001,44,5,0,5,17,27,88.60000000000001,24.911540345207996
full,full/MassCost/single-phase/Added_time/seed6_11,5,5.111111111111111,1150,44,8.8,44,4,1,3,17,27,86.4,27.65406759635409
full,full/MassCost/single-phase/Added_time/seed6_11,6,5.111111111111111,1150,27,5.4,44,2,1,1,17,27,85.2,25.341086728140418
full,full/MassCost/single-phase/Added_time/seed6_11,7,5.111111111111111,1150,780,156.0,44,31,4,27,17,27,69.8,4.194232210606702
full,full/MassCost/single-phase/Added_time/seed6_11,8,5.111111111111111,1150,41,8.200000000000001,44,3,0,3,17,27,160.20000000000002,32.154419558442065
full,full/MassCost/single-phase/Added_time/seed6_11,9,5.111111111111111,1150,12,2.4000000000000004,44,2,0,2,17,27,222.8,29.683706123883773
full,full/MassCost/single-phase/Added_time/seed6_11,10,5.111111111111111,1150,22,4.4,44,3,0,3,17,27,212.8,30.625473253771155
full,full/MassCost/single-phase/Added_time/seed6_11,11,5.111111111111111,1150,48,9.600000000000001,44,3,0,3,17,27,160.20000000000002,29.269194631223947
full,full/MassCost/single-phase/Added_time/seed6_11,12,5.111111111111111,1150,28,5.6000000000000005,44,2,1,1,17,27,84.2,29.622027792163284
full,full/MassCost/single-phase/Added_time/seed6_11,13,5.111111111111111,1150,72,14.4,44,3,0,3,17,27,215.4,24.652633359192592
full,full/MassCost/single-phase/Added_time/seed6_11,14,5.111111111111111,1150,17,3.4000000000000004,44,2,0,2,17,27,210.4,23.2352416067316
full,full/MassCost/single-phase/No_time/seed4_01,0,5.111111111111111,1150,16,3.2,44,1,0,1,17,27,210.20000000000002,22.7837491858017
full,full/MassCost/single-phase/No_time/seed4_01,1,5.111111111111111,1150,3,0.6000000000000001,44,1,0,1,17,27,195.4,26.77008649573808
full,full/MassCost/single-phase/No_time/seed4_01,2,5.111111111111111,1150,24,4.800000000000001,44,3,2,1,17,27,40.6,23.357683211746874
full,full/MassCost/single-phase/No_time/seed4_01,3,5.111111111111111,1150,195,39.0,44,10,0,10,17,27,160.4,23.105658046667223
full,full/MassCost/single-phase/No_time/seed4_01,4,5.111111111111111,1150,0,0.0,44,0,0,0,17,27,,26.477675254266778
full,full/MassCost/single-phase/No_time/seed4_01,5,5.111111111111111,1150,787,157.4,44,31,4,27,17,27,72.8,3.6195973314556906
full,full/MassCost/single-phase/No_time/seed4_01,6,5.111111111111111,1150,97,19.400000000000002,44,5,0,5,17,27,207.8,26.21224049099562
full,full/MassCost/single-phase/No_time/seed4_01,7,5.111111111111111,1150,27,5.4,44,3,0,3,17,27,165.20000000000002,21.554736280060638
full,full/MassCost/single-phase/No_time/seed4_01,8,5.111111111111111,1150,20,4.0,44,4,1,3,17,27,85.60000000000001,27.776200514563104
full,full/MassCost/single-phase/No_time/seed4_01,9,5.111111111111111,1150,47,9.4,44,3,2,1,17,27,81.2,23.65459615034703
full,full/MassCost/single-phase/No_time/seed4_01,10,5.111111111111111,1150,56,11.200000000000001,44,3,2,1,17,27,79.60000000000001,24.436902084052473
full,full/MassCost/single-phase/No_time/seed4_01,11,5.111111111111111,1150,89,17.8,44,7,3,4,17,27,78.0,25.623613478817386
full,full/MassCost/single-phase/No_time/seed4_01,12,5.111111111111111,1150,110,22.0,44,6,3,3,17,27,75.0,25.556918565683798
full,full/MassCost/single-phase/No_time/seed4_01,13,5.111111111111111,1150,42,8.4,44,4,2,2,17,27,81.2,25.78320452362308
full,full/MassCost/single-phase/No_time/seed4_01,14,5.111111111111111,1150,58,11.600000000000001,44,3,2,1,17,27,78.60000000000001,29.11320423427257
full,full/MassCost/single-phase/No_time/seed5_01,0,5.111111111111111,1150,0,0.0,44,0,0,0,17,27,,25.906070532351514
full,full/MassCost/single-phase/No_time/seed5_01,1,5.111111111111111,1150,33,6.6000000000000005,44,2,0,2,17,27,210.20000000000002,23.29295941123534
full,full/MassCost/single-phase/No_time/seed5_01,2,5.111111111111111,1150,0,0.0,44,0,0,0,17,27,,28.551877827405765
full,full/MassCost/single-phase/No_time/seed5_01,3,5.111111111111111,1150,54,10.8,44,6,0,6,17,27,160.20000000000002,21.217330180627886
full,full/MassCost/single-phase/No_time/seed5_01,4,5.111111111111111,1150,9,1.8,44,4,0,4,17,27,177.60000000000002,31.91493868777949
full,full/MassCost/single-phase/No_time/seed5_01,5,5.111111111111111,1150,722,144.4,44,29,4,25,17,27,69.2,4.679906874380292
full,full/MassCost/single-phase/No_time/seed5_01,6,5.111111111111111,1150,50,10.0,44,4,0,4,17,27,213.0,23.46896535099252
full,full/MassCost/single-phase/No_time/seed5_01,7,5.111111111111111,1150,37,7.4,44,3,0,3,17,27,165.20000000000002,22.248619735751138
full,full/MassCost/single-phase/No_time/seed5_01,8,5.111111111111111,1150,5,1.0,44,1,0,1,17,27,160.20000000000002,24.012423117212485
full,full/MassCost/single-phase/No_time/seed5_01,9,5.111111111111111,1150,12,2.4000000000000004,44,1,0,1,17,27,130.4,28.73597278968698
full,full/MassCost/single-phase/No_time/seed5_01,10,5.111111111111111,1150,0,0.0,44,0,0,0,17,27,,27.467178442566613
full,full/MassCost/single-phase/No_time/seed5_01,11,5.111111111111111,1150,4,0.8,44,1,0,1,17,27,216.60000000000002,25.63158604051829
full,full/MassCost/single-phase/No_time/seed5_01,12,5.111111111111111,1150,14,2.8000000000000003,44,1,0,1,17,27,110.4,29.17338002096699
full,full/MassCost/single-phase/No_time/seed5_01,13,5.111111111111111,1150,40,8.0,44,2,0,2,17,27,220.0,30.526569783778434
full,full/MassCost/single-phase/No_time/seed5_01,14,5.111111111111111,1150,0,0.0,44,0,0,0,17,27,,24.08998644045804
full,full/MassCost/single-phase/No_time/seed6_01,0,5.111111111111111,1150,70,14.0,44,7,2,5,17,27,83.0,25.041631637358233
full,full/MassCost/single-phase/No_time/seed6_01,1,5.111111111111111,1150,27,5.4,44,3,0,3,17,27,180.20000000000002,25.336831555812267
full,full/MassCost/single-phase/No_time/seed6_01,2,5.111111111111111,1150,2,0.4,44,1,0,1,17,27,210.60000000000002,24.330628354724496
full,full/MassCost/single-phase/No_time/seed6_01,3,5.111111111111111,1150,0,0.0,44,0,0,0,17,27,,27.878458342193774
full,full/MassCost/single-phase/No_time/seed6_01,4,5.111111111111111,1150,56,11.200000000000001,44,5,0,5,17,27,88.60000000000001,24.911540345207996
full,full/MassCost/single-phase/No_time/seed6_01,5,5.111111111111111,1150,716,143.20000000000002,44,30,3,27,17,27,74.2,4.672425348153517
full,full/MassCost/single-phase/No_time/seed6_01,6,5.111111111111111,1150,37,7.4,44,4,1,3,17,27,83.80000000000001,22.54793669627231
full,full/MassCost/single-phase/No_time/seed6_01,7,5.111111111111111,1150,2,0.4,44,1,0,1,17,27,165.4,31.432200921640025
full,full/MassCost/single-phase/No_time/seed6_01,8,5.111111111111111,1150,35,7.0,44,5,1,4,17,27,88.2,32.08776044772049
full,full/MassCost/single-phase/No_time/seed6_01,9,5.111111111111111,1150,0,0.0,44,0,0,0,17,27,,31.727965844663203
full,full/MassCost/single-phase/No_time/seed6_01,10,5.111111111111111,1150,25,5.0,44,2,1,1,17,27,85.60000000000001,31.007180205398654
full,full/MassCost/single-phase/No_time/seed6_01,11,5.111111111111111,1150,39,7.800000000000001,44,3,0,3,17,27,160.4,29.83516001123957
full,full/MassCost/single-phase/No_time/seed6_01,12,5.111111111111111,1150,0,0.0,44,0,0,0,17,27,,31.425802265839977
full,full/MassCost/single-phase/No_time/seed6_01,13,5.111111111111111,1150,29,5.800000000000001,44,2,1,1,17,27,84.2,24.93512632350162
full,full/MassCost/single-phase/No_time/seed6_01,14,5.111111111111111,1150,0,0.0,44,0,0,0,17,27,,23.483924164828366
full copy,full copy/ConcCost/multi-phase/Added_time/seed4_3,0,5.111111111111111,1150,16,3.2,44,1,0,1,17,27,210.20000000000002,22.7837491858017
full copy,full copy/ConcCost/multi-phase/Added_time/seed4_3,1,5.111111111111111,1150,3,0.6000000000000001,44,1,0,1,17,27,195.4,26.77008649573808
full copy,full copy/ConcCost/multi-phase/Added_time/seed4_3,2,5.111111111111111,1150,24,4.800000000000001,44,3,2,1,17,27,40.6,23.357683211746874
full copy,full copy/ConcCost/multi-phase/Added_time/seed4_3,3,5.111111111111111,1150,195,39.0,44,10,0,10,17,27,160.4,23.105658046667223
full copy,full copy/ConcCost/multi-phase/Added_time/seed4_3,4,5.111111111111111,1150,0,0.0,44,0,0,0,17,27,,26.477675254266778
full copy,full copy/ConcCost/multi-phase/Added_time/seed4_3,5,5.111111111111111,1150,64,12.8,44,4,0,4,17,27,213.0,22.621882915952238
full copy,full copy/ConcCost/multi-phase/Added_time/seed4_3,6,5.111111111111111,1150,108,21.6,44,5,0,5,17,27,205.4,24.551325687828157
full copy,full copy/ConcCost/multi-phase/Added_time/seed4_3,7,5.111111111111111,1150,0,0.0,44,0,0,0,17,27,,22.490694830750243
full copy,full copy/ConcCost/multi-phase/Added_time/seed4_3,8,5.111111111111111,1150,9,1.8,44,3,0,3,17,27,89.60000000000001,25.910584316520506
full copy,full copy/ConcCost/multi-phase/Added_time/seed4_3,9,5.111111111111111,1150,0,0.0,44,0,0,0,17,27,,21.998429896140124
full copy,full copy/ConcCost/multi-phase/Added_time/seed4_3,10,5.111111111111111,1150,37,7.4,44,4,0,4,17,27,200.4,24.348824846375773
full copy,full copy/ConcCost/multi-phase/Added_time/seed4_3,11,5.111111111111111,1150,113,22.6,44,6,0,6,17,27,199.8,29.76407219058118
full copy,full copy/ConcCost/multi-phase/Added_time/seed4_3,12,5.111111111111111,1150,0,0.0,44,0,0,0,17,27,,22.817456119001676
full copy,full copy/ConcCost/multi-phase/Added_time/seed4_3,13,5.111111111111111,1150,29,5.800000000000001,44,5,0,5,17,27,160.20000000000002,28.213689360291696
full copy,full copy/ConcCost/multi-phase/Added_time/seed4_3,14,5.111111111111111,1150,0,0.0,44,0,0,0,17,27,,32.4334264183879
full copy,full copy/ConcCost/multi-phase/Added_time/seed5_3,0,5.111111111111111,1150,0,0.0,44,0,0,0,17,27,,25.906070532351514
full copy,full copy/ConcCost/multi-phase/Added_time/seed5_3,1,5.111111111111111,1150,33,6.6000000000000005,44,2,0,2,17,27,210.20000000000002,23.29295941123534
full copy,full copy/ConcCost/multi-phase/Added_time/seed5_3,2,5.111111111111111,1150,0,0.0,44,0,0,0,17,27,,28.551877827405765
full copy,full copy/ConcCost/multi-phase/Added_time/seed5_3,3,5.111111111111111,1150,54,10.8,44,6,0,6,17,27,160.20000000000002,21.217330180627886
full copy,full copy/ConcCost/multi-phase/Added_time/seed5_3,4,5.111111111111111,1150,9,1.8,44,4,0,4,17,27,177.60000000000002,31.91493868777949
full copy,full copy/ConcCost/multi-phase/Added_time/seed5_3,5,5.111111111111111,1150,24,4.800000000000001,44,2,0,2,17,27,162.4,27.01259842011194
full copy,full copy/ConcCost/multi-phase/Added_time/seed5_3,6,5.111111111111111,1150,72,14.4,44,4,3,1,17,27,77.60000000000001,27.47984248817241
full copy,full copy/ConcCost/multi-phase/Added_time/seed5_3,7,5.111111111111111,1150,31,6.2,44,2,1,1,17,27,84.0,28.233923720664503
full copy,full copy/ConcCost/multi-phase/Added_time/seed5_3,8,5.111111111111111,1150,87,17.400000000000002,44,4,3,1,17,27,74.0,22.85897160627094
full copy,full copy/ConcCost/multi-phase/Added_time/seed5_3,9,5.111111111111111,1150,44,8.8,44,3,2,1,17,27,81.80000000000001,30.304159902073405
full copy,full copy/ConcCost/multi-phase/Added_time/seed5_3,10,5.111111111111111,1150,12,2.4000000000000004,44,2,1,1,17,27,87.2,28.117522030498478
full copy,full copy/ConcCost/multi-phase/Added_time/seed5_3,11,5.111111111111111,1150,32,6.4,44,4,1,3,17,27,85.4,24.96990944262015
full copy,full copy/ConcCost/multi-phase/Added_time/seed5_3,12,5.111111111111111,1150,5,1.0,44,3,0,3,17,27,160.20000000000002,30.92772866937393
full copy,full copy/ConcCost/multi-phase/Added_time/seed5_3,13,5.111111111111111,1150,47,9.4,44,2,0,2,17,27,219.60000000000002,31.38514622790794
full copy,full copy/ConcCost/multi-phase/Added_time/seed5_3,14,5.111111111111111,1150,23,4.6000000000000005,44,2,0,2,17,27,160.20000000000002,25.89881496429506
full copy,full copy/ConcCost/multi-phase/Added_time/seed6_3,0,5.111111111111111,1150,70,14.0,44,7,2,5,17,27,83.0,25.041631637358233
full copy,full copy/ConcCost/multi-phase/Added_time/seed6_3,1,5.111111111111111,1150,27,5.4,44,3,0,3,17,27,180.20000000000002,25.336831555812267
full copy,full copy/ConcCost/multi-phase/Added_time/seed6_3,2,5.111111111111111,1150,2,0.4,44,1,0,1,17,27,210.60000000000002,24.330628354724496
full copy,full copy/ConcCost/multi-phase/Added_time/seed6_3,3,5.111111111111111,1150,0,0.0,44,0,0,0,17,27,,27.878458342193774
full copy,full copy/ConcCost/multi-phase/Added_time/seed6_3,4,5.111111111111111,1150,56,11.200000000000001,44,5,0,5,17,27,88.60000000000001,24.911540345207996
full copy,full copy/ConcCost/multi-phase/Added_time/seed6_3,5,5.111111111111111,1150,763,152.6,44,31,4,27,17,27,72.8,3.9846602673321594
full copy,full copy/ConcCost/multi-phase/Added_time/seed6_3,6,5.111111111111111,1150,0,0.0,44,0,0,0,17,27,,24.02141338842398
full copy,full copy/ConcCost/multi-phase/Added_time/seed6_3,7,5.111111111111111,1150,55,11.0,44,7,2,5,17,27,76.2,29.660555444460762
full copy,full copy/ConcCost/multi-phase/Added_time/seed6_3,8,5.111111111111111,1150,38,7.6000000000000005,44,2,0,2,17,27,221.60000000000002,26.430565817362435
full copy,full copy/ConcCost/multi-phase/Added_time/seed6_3,9,5.111111111111111,1150,8,1.6,44,1,0,1,17,27,225.4,27.394564430688654
full copy,full copy/ConcCost/multi-phase/Added_time/seed6_3,10,5.111111111111111,1150,0,0.0,44,0,0,0,17,27,,27.714095157856683
full copy,full copy/ConcCost/multi-phase/Added_time/seed6_3,11,5.111111111111111,1150,0,0.0,44,0,0,0,17,27,,24.91705242256765
full copy,full copy/ConcCost/multi-phase/Added_time/seed6_3,12,5.111111111111111,1150,0,0.0,44,0,0,0,17,27,,26.464809092947725
full copy,full copy/ConcCost/multi-phase/Added_time/seed6_3,13,5.111111111111111,1150,11,2.2,44,2,0,2,17,27,213.4,21.46599001072864
full copy,full copy/ConcCost/multi-phase/Added_time/seed6_3,14,5.111111111111111,1150,5,1.0,44,1,0,1,17,27,213.4,20.224296461877298
full copy,full copy/ConcCost/multi-phase/No_time/seed4_2,0,5.111111111111111,1150,16,3.2,44,1,0,1,17,27,210.20000000000002,22.7837491858017
full copy,full copy/ConcCost/multi-phase/No_time/seed4_2,1,5.111111111111111,1150,3,0.6000000000000001,44,1,0,1,17,27,195.4,26.77008649573808
full copy,full copy/ConcCost/multi-phase/No_time/seed4_2,2,5.111111111111111,1150,24,4.800000000000001,44,3,2,1,17,27,40.6,23.357683211746874
full copy,full copy/ConcCost/multi-phase/No_time/seed4_2,3,5.111111111111111,1150,195,39.0,44,10,0,10,17,27,160.4,23.105658046667223
full copy,full copy/ConcCost/multi-phase/No_time/seed4_2,4,5.111111111111111,1150,0,0.0,44,0,0,0,17,27,,26.477675254266778
full copy,full copy/ConcCost/multi-phase/No_time/seed4_2,5,5.111111111111111,1150,48,9.600000000000001,44,6,1,5,17,27,85.2,25.236711964191603
full copy,full copy/ConcCost/multi-phase/No_time/seed4_2,6,5.111111111111111,1150,106,21.200000000000003,44,5,0,5,17,27,206.8,28.141837450177125
full copy,full copy/ConcCost/multi-phase/No_time/seed4_2,7,5.111111111111111,1150,0,0.0,44,0,0,0,17,27,,26.639280931681995
full copy,full copy/ConcCost/multi-phase/No_time/seed4_2,8,5.111111111111111,1150,58,11.600000000000001,44,5,1,4,17,27,83.60000000000001,27.908579691436767
full copy,full copy/ConcCost/multi-phase/No_time/seed4_2,9,5.111111111111111,1150,2,0.4,44,1,0,1,17,27,213.4,25.228580722391907
full copy,full copy/ConcCost/multi-phase/No_time/seed4_2,10,5.111111111111111,1150,3,0.6000000000000001,44,0,0,0,17,27,229.0,27.592318933013654
full copy,full copy/ConcCost/multi-phase/No_time/seed4_2,11,5.111111111111111,1150,101,20.200000000000003,44,5,0,5,17,27,200.0,30.127726153025826
full copy,full copy/ConcCost/multi-phase/No_time/seed4_2,12,5.111111111111111,1150,1,0.2,44,1,0,1,17,27,223.4,23.859849275359903
full copy,full copy/ConcCost/multi-phase/No_time/seed4_2,13,5.111111111111111,1150,12,2.4000000000000004,44,2,0,2,17,27,222.20000000000002,28.349036289920058
full copy,full copy/ConcCost/multi-phase/No_time/seed4_2,14,5.111111111111111,1150,4,0.8,44,1,0,1,17,27,160.20000000000002,32.10506887512755
full copy,full copy/ConcCost/multi-phase/No_time/seed5_2,0,5.111111111111111,1150,0,0.0,44,0,0,0,17,27,,25.906070532351514
full copy,full copy/ConcCost/multi-phase/No_time/seed5_2,1,5.111111111111111,1150,33,6.6000000000000005,44,2,0,2,17,27,210.20000000000002,23.29295941123534
full copy,full copy/ConcCost/multi-phase/No_time/seed5_2,2,5.111111111111111,1150,0,0.0,44,0,0,0,17,27,,28.551877827405765
full copy,full copy/ConcCost/multi-phase/No_time/seed5_2,3,5.111111111111111,1150,54,10.8,44,6,0,6,17,27,160.20000000000002,21.217330180627886
full copy,full copy/ConcCost/multi-phase/No_time/seed5_2,4,5.111111111111111,1150,9,1.8,44,4,0,4,17,27,177.60000000000002,31.91493868777949
full copy,full copy/ConcCost/multi-phase/No_time/seed5_2,5,5.111111111111111,1150,162,32.4,44,7,4,3,17,27,71.2,24.299671724712642
full copy,full copy/ConcCost/multi-phase/No_time/seed5_2,6,5.111111111111111,1150,758,151.6,44,30,3,27,17,27,73.8,2.7690075174155493
full copy,full copy/ConcCost/multi-phase/No_time/seed5_2,7,5.111111111111111,1150,0,0.0,44,0,0,0,17,27,,28.03892871006658
full copy,full copy/ConcCost/multi-phase/No_time/seed5_2,8,5.111111111111111,1150,14,2.8000000000000003,44,2,1,1,17,27,86.80000000000001,24.612184884619182
full copy,full copy/ConcCost/multi-phase/No_time/seed5_2,9,5.111111111111111,1150,0,0.0,44,0,0,0,17,27,,30.219594111535727
full copy,full copy/ConcCost/multi-phase/No_time/seed5_2,10,5.111111111111111,1150,35,7.0,44,3,2,1,17,27,83.0,26.41342650646985
full copy,full copy/ConcCost/multi-phase/No_time/seed5_2,11,5.111111111111111,1150,19,3.8000000000000003,44,3,0,3,17,27,213.20000000000002,24.90061030100304
full copy,full copy/ConcCost/multi-phase/No_time/seed5_2,12,5.111111111111111,1150,47,9.4,44,3,2,1,17,27,80.80000000000001,28.325846952103504
full copy,full copy/ConcCost/multi-phase/No_time/seed5_2,13,5.111111111111111,1150,62,12.4,44,3,0,3,17,27,215.8,28.84987540108651
full copy,full copy/ConcCost/multi-phase/No_time/seed5_2,14,5.111111111111111,1150,0,0.0,44,0,0,0,17,27,,24.313300961678863
full copy,full copy/ConcCost/multi-phase/No_time/seed6_2,0,5.111111111111111,1150,70,14.0,44,7,2,5,17,27,83.0,25.041631637358233
full copy,full copy/ConcCost/multi-phase/No_time/seed6_2,1,5.111111111111111,1150,27,5.4,44,3,0,3,17,27,180.20000000000002,25.336831555812267
full copy,full copy/ConcCost/multi-phase/No_time/seed6_2,2,5.111111111111111,1150,2,0.4,44,1,0,1,17,27,210.60000000000002,24.330628354724496
full copy,full copy/ConcCost/multi-phase/No_time/seed6_2,3,5.111111111111111,1150,0,0.0,44,0,0,0,17,27,,27.878458342193774
full copy,full copy/ConcCost/multi-phase/No_time/seed6_2,4,5.111111111111111,1150,56,11.200000000000001,44,5,0,5,17,27,88.60000000000001,24.911540345207996
full copy,full copy/ConcCost/multi-phase/No_time/seed6_2,5,5.111111111111111,1150,91,18.2,44,4,3,1,17,27,73.2,27.374663814078183
full copy,full copy/ConcCost/multi-phase/No_time/seed6_2,6,5.111111111111111,1150,1,0.2,44,1,0,1,17,27,214.20000000000002,22.57142142916052
full copy,full copy/ConcCost/multi-phase/No_time/seed6_2,7,5.111111111111111,1150,10,2.0,44,2,1,1,17,27,87.4,26.940803545823524
full copy,full copy/ConcCost/multi-phase/No_time/seed6_2,8,5.111111111111111,1150,42,8.4,44,2,0,2,17,27,221.4,29.057067548005996
full copy,full copy/ConcCost/multi-phase/No_time/seed6_2,9,5.111111111111111,1150,50,10.0,44,3,2,1,17,27,80.4,27.608540469264646
full copy,full copy/ConcCost/multi-phase/No_time/seed6_2,10,5.111111111111111,1150,60,12.0,44,3,2,1,17,27,78.80000000000001,29.45567061336805
full copy,full copy/ConcCost/multi-phase/No_time/seed6_2,11,5.111111111111111,1150,31,6.2,44,3,0,3,17,27,160.20000000000002,29.01772232007354
full copy,full copy/ConcCost/multi-phase/No_time/seed6_2,12,5.111111111111111,1150,20,4.0,44,2,1,1,17,27,86.4,29.459625047189036
full copy,full copy/ConcCost/multi-phase/No_time/seed6_2,13,5.111111111111111,1150,7,1.4000000000000001,44,1,0,1,17,27,227.0,24.5829280514543
full copy,full copy/ConcCost/multi-phase/No_time/seed6_2,14,5.111111111111111,1150,0,0.0,44,0,0,0,17,27,,21.702465505272773
full copy,full copy/ConcCost/single-phase/Added_time/seed4_1,0,5.111111111111111,1150,16,3.2,44,1,0,1,17,27,210.20000000000002,22.7837491858017
full copy,full copy/ConcCost/single-phase/Added_time/seed4_1,1,5.111111111111111,1150,3,0.6000000000000001,44,1,0,1,17,27,195.4,26.77008649573808
full copy,full copy/ConcCost/single-phase/Added_time/seed4_1,2,5.111111111111111,1150,24,4.800000000000001,44,3,2,1,17,27,40.6,23.357683211746874
full copy,full copy/ConcCost/single-phase/Added_time/seed4_1,3,5.111111111111111,1150,195,39.0,44,10,0,10,17,27,160.4,23.105658046667223
full copy,full copy/ConcCost/single-phase/Added_time/seed4_1,4,5.111111111111111,1150,0,0.0,44,0,0,0,17,27,,26.477675254266778
full copy,full copy/ConcCost/single-phase/Added_time/seed4_1,5,5.111111111111111,1150,17,3.4000000000000004,44,3,0,3,17,27,88.80000000000001,26.398061457936453
full copy,full copy/ConcCost/single-phase/Added_time/seed4_1,6,5.111111111111111,1150,109,21.8,44,5,0,5,17,27,206.8,29.44541214003755
full copy,full copy/ConcCost/single-phase/Added_time/seed4_1,7,5.111111111111111,1150,0,0.0,44,0,0,0,17,27,,29.041623321594052
full copy,full copy/ConcCost/single-phase/Added_time/seed4_1,8,5.111111111111111,1150,12,2.4000000000000004,44,2,1,1,17,27,86.0,28.47534160330837
full copy,full copy/ConcCost/single-phase/Added_time/seed4_1,9,5.111111111111111,1150,0,0.0,44,0,0,0,17,27,,26.07551382445208
full copy,full copy/ConcCost/single-phase/Added_time/seed4_1,10,5.111111111111111,1150,9,1.8,44,1,0,1,17,27,225.20000000000002,28.028250575630437
full copy,full copy/ConcCost/single-phase/Added_time/seed4_1,11,5.111111111111111,1150,104,20.8,44,6,0,6,17,27,200.0,30.723796438466266
full copy,full copy/ConcCost/single-phase/Added_time/seed4_1,12,5.111111111111111,1150,0,0.0,44,0,0,0,17,27,,23.942179879939054
full copy,full copy/ConcCost/single-phase/Added_time/seed4_1,13,5.111111111111111,1150,2,0.4,44,2,0,2,17,27,89.60000000000001,29.165171270776934
full copy,full copy/ConcCost/single-phase/Added_time/seed4_1,14,5.111111111111111,1150,0,0.0,44,0,0,0,17,27,,32.727536922386136
full copy,full copy/ConcCost/single-phase/Added_time/seed5_1,0,5.111111111111111,1150,0,0.0,44,0,0,0,17,27,,25.906070532351514
full copy,full copy/ConcCost/single-phase/Added_time/seed5_1,1,5.111111111111111,1150,33,6.6000000000000005,44,2,0,2,17,27,210.20000000000002,23.29295941123534
full copy,full copy/ConcCost/single-phase/Added_time/seed5_1,2,5.111111111111111,1150,0,0.0,44,0,0,0,17,27,,28.551877827405765
full copy,full copy/ConcCost/single-phase/Added_time/seed5_1,3,5.111111111111111,1150,54,10.8,44,6,0,6,17,27,160.20000000000002,21.217330180627886
full copy,full copy/ConcCost/single-phase/Added_time/seed5_1,4,5.111111111111111,1150,9,1.8,44,4,0,4,17,27,177.60000000000002,31.91493868777949
full copy,full copy/ConcCost/single-phase/Added_time/seed5_1,5,5.111111111111111,1150,77,15.4,44,5,1,4,17,27,83.4,24.224523229504054
full copy,full copy/ConcCost/single-phase/Added_time/seed5_1,6,5.111111111111111,1150,30,6.0,44,3,1,2,17,27,86.0,29.200517132935882
full copy,full copy/ConcCost/single-phase/Added_time/seed5_1,7,5.111111111111111,1150,0,0.0,44,0,0,0,17,27,,26.39101604711098
full copy,full copy/ConcCost/single-phase/Added_time/seed5_1,8,5.111111111111111,1150,21,4.2,44,2,0,2,17,27,160.20000000000002,26.40870869602451
full copy,full copy/ConcCost/single-phase/Added_time/seed5_1,9,5.111111111111111,1150,7,1.4000000000000001,44,1,0,1,17,27,163.4,32.898431759767064
full copy,full copy/ConcCost/single-phase/Added_time/seed5_1,10,5.111111111111111,1150,0,0.0,44,0,0,0,17,27,,25.72297028226237
full copy,full copy/ConcCost/single-phase/Added_time/seed5_1,11,5.111111111111111,1150,0,0.0,44,0,0,0,17,27,,25.3299997370898
full copy,full copy/ConcCost/single-phase/Added_time/seed5_1,12,5.111111111111111,1150,16,3.2,44,2,0,2,17,27,160.20000000000002,31.251720533805816
full copy,full copy/ConcCost/single-phase/Added_time/seed5_1,13,5.111111111111111,1150,41,8.200000000000001,44,2,0,2,17,27,220.0,32.51270475482156
full copy,full copy/ConcCost/single-phase/Added_time/seed5_1,14,5.111111111111111,1150,22,4.4,44,2,0,2,17,27,160.20000000000002,26.58168932370811
full copy,full copy/ConcCost/single-phase/Added_time/seed6_1,0,5.111111111111111,1150,70,14.0,44,7,2,5,17,27,83.0,25.041631637358233
full copy,full copy/ConcCost/single-phase/Added_time/seed6_1,1,5.111111111111111,1150,27,5.4,44,3,0,3,17,27,180.20000000000002,25.336831555812267
full copy,full copy/ConcCost/single-phase/Added_time/seed6_1,2,5.111111111111111,1150,2,0.4,44,1,0,1,17,27,210.60000000000002,24.330628354724496
full copy,full copy/ConcCost/single-phase/Added_time/seed6_1,3,5.111111111111111,1150,0,0.0,44,0,0,0,17,27,,27.878458342193774
full copy,full copy/ConcCost/single-phase/Added_time/seed6_1,4,5.111111111111111,1150,56,11.200000000000001,44,5,0,5,17,27,88.60000000000001,24.911540345207996
full copy,full copy/ConcCost/single-phase/Added_time/seed6_1,5,5.111111111111111,1150,41,8.200000000000001,44,3,2,1,17,27,82.0,26.403163195940063
full copy,full copy/ConcCost/single-phase/Added_time/seed6_1,6,5.111111111111111,1150,0,0.0,44,0,0,0,17,27,,23.096874976854547
full copy,full copy/ConcCost/single-phase/Added_time/seed6_1,7,5.111111111111111,1150,88,17.6,44,4,3,1,17,27,74.2,30.610575228884947
full copy,full copy/ConcCost/single-phase/Added_time/seed6_1,8,5.111111111111111,1150,33,6.6000000000000005,44,2,0,2,17,27,222.20000000000002,32.52753992025725
full copy,full copy/ConcCost/single-phase/Added_time/seed6_1,9,5.111111111111111,1150,0,0.0,44,0,0,0,17,27,,31.244224988333112
full copy,full copy/ConcCost/single-phase/Added_time/seed6_1,10,5.111111111111111,1150,0,0.0,44,0,0,0,17,27,,32.5191227076746
full copy,full copy/ConcCost/single-phase/Added_time/seed6_1,11,5.111111111111111,1150,34,6.800000000000001,44,3,0,3,17,27,146.8,29.469459229072836
full copy,full copy/ConcCost/single-phase/Added_time/seed6_1,12,5.111111111111111,1150,0,0.0,44,0,0,0,17,27,,31.322258291653107
full copy,full copy/ConcCost/single-phase/Added_time/seed6_1,13,5.111111111111111,1150,5,1.0,44,1,0,1,17,27,227.0,25.437133329408525
full copy,full copy/ConcCost/single-phase/Added_time/seed6_1,14,5.111111111111111,1150,0,0.0,44,0,0,0,17,27,,24.15031862662975
full copy,full copy/ConcCost/single-phase/No_time/seed4_0,0,5.111111111111111,1150,16,3.2,44,1,0,1,17,27,210.20000000000002,22.7837491858017
full copy,full copy/ConcCost/single-phase/No_time/seed4_0,1,5.111111111111111,1150,3,0.6000000000000001,44,1,0,1,17,27,195.4,26.77008649573808
full copy,full copy/ConcCost/single-phase/No_time/seed4_0,2,5.111111111111111,1150,24,4.800000000000001,44,3,2,1,17,27,40.6,23.357683211746874
full copy,full copy/ConcCost/single-phase/No_time/seed4_0,3,5.111111111111111,1150,195,39.0,44,10,0,10,17,27,160.4,23.105658046667223
full copy,full copy/ConcCost/single-phase/No_time/seed4_0,4,5.111111111111111,1150,0,0.0,44,0,0,0,17,27,,26.477675254266778
full copy,full copy/ConcCost/single-phase/No_time/seed4_0,5,5.111111111111111,1150,783,156.60000000000002,44,30,3,27,17,27,73.2,3.79291584018582
full copy,full copy/ConcCost/single-phase/No_time/seed4_0,6,5.111111111111111,1150,111,22.200000000000003,44,7,1,6,17,27,85.4,28.199223904196938
full copy,full copy/ConcCost/single-phase/No_time/seed4_0,7,5.111111111111111,1150,10,2.0,44,1,1,0,17,27,76.2,26.724155373395064
full copy,full copy/ConcCost/single-phase/No_time/seed4_0,8,5.111111111111111,1150,66,13.200000000000001,44,4,3,1,17,27,77.60000000000001,25.156352752811785
full copy,full copy/ConcCost/single-phase/No_time/seed4_0,9,5.111111111111111,1150,12,2.4000000000000004,44,2,1,1,17,27,87.80000000000001,25.141947370519986
full copy,full copy/ConcCost/single-phase/No_time/seed4_0,10,5.111111111111111,1150,34,6.800000000000001,44,3,2,1,17,27,83.2,25.982825206239983
full copy,full copy/ConcCost/single-phase/No_time/seed4_0,11,5.111111111111111,1150,90,18.0,44,7,2,5,17,27,82.4,28.237205540070555
full copy,full copy/ConcCost/single-phase/No_time/seed4_0,12,5.111111111111111,1150,34,6.800000000000001,44,3,2,1,17,27,83.2,22.71806603670616
full copy,full copy/ConcCost/single-phase/No_time/seed4_0,13,5.111111111111111,1150,17,3.4000000000000004,44,3,1,2,17,27,86.4,27.58693190162835
full copy,full copy/ConcCost/single-phase/No_time/seed4_0,14,5.111111111111111,1150,22,4.4,44,2,1,1,17,27,85.4,30.914522429560087
full copy,full copy/ConcCost/single-phase/No_time/seed5_0,0,5.111111111111111,1150,0,0.0,44,0,0,0,17,27,,25.906070532351514
full copy,full copy/ConcCost/single-phase/No_time/seed5_0,1,5.111111111111111,1150,33,6.6000000000000005,44,2,0,2,17,27,210.20000000000002,23.29295941123534
full copy,full copy/ConcCost/single-phase/No_time/seed5_0,2,5.111111111111111,1150,0,0.0,44,0,0,0,17,27,,28.551877827405765
full copy,full copy/ConcCost/single-phase/No_time/seed5_0,3,5.111111111111111,1150,54,10.8,44,6,0,6,17,27,160.20000000000002,21.217330180627886
full copy,full copy/ConcCost/single-phase/No_time/seed5_0,4,5.111111111111111,1150,9,1.8,44,4,0,4,17,27,177.60000000000002,31.91493868777949
full copy,full copy/ConcCost/single-phase/No_time/seed5_0,5,5.111111111111111,1150,720,144.0,44,29,4,25,17,27,69.60000000000001,4.77300600944211
full copy,full copy/ConcCost/single-phase/No_time/seed5_0,6,5.111111111111111,1150,38,7.6000000000000005,44,4,0,4,17,27,213.0,23.173286538980832
full copy,full copy/ConcCost/single-phase/No_time/seed5_0,7,5.111111111111111,1150,5,1.0,44,1,0,1,17,27,228.20000000000002,21.49515401190246
full copy,full copy/ConcCost/single-phase/No_time/seed5_0,8,5.111111111111111,1150,3,0.6000000000000001,44,1,0,1,17,27,213.4,20.521037057837844
full copy,full copy/ConcCost/single-phase/No_time/seed5_0,9,5.111111111111111,1150,6,1.2000000000000002,44,1,0,1,17,27,228.20000000000002,24.474787039029188
full copy,full copy/ConcCost/single-phase/No_time/seed5_0,10,5.111111111111111,1150,5,1.0,44,1,0,1,17,27,160.4,22.09387111317412
full copy,full copy/ConcCost/single-phase/No_time/seed5_0,11,5.111111111111111,1150,24,4.800000000000001,44,3,0,3,17,27,213.20000000000002,21.24005036769889
full copy,full copy/ConcCost/single-phase/No_time/seed5_0,12,5.111111111111111,1150,19,3.8000000000000003,44,4,0,4,17,27,213.0,29.659391761205413
full copy,full copy/ConcCost/single-phase/No_time/seed5_0,13,5.111111111111111,1150,56,11.200000000000001,44,3,0,3,17,27,216.60000000000002,31.492823748210604
full copy,full copy/ConcCost/single-phase/No_time/seed5_0,14,5.111111111111111,1150,0,0.0,44,0,0,0,17,27,,25.75168598463679
full copy,full copy/ConcCost/single-phase/No_time/seed6_0,0,5.111111111111111,1150,70,14.0,44,7,2,5,17,27,83.0,25.041631637358233
full copy,full copy/ConcCost/single-phase/No_time/seed6_0,1,5.111111111111111,1150,27,5.4,44,3,0,3,17,27,180.20000000000002,25.336831555812267
full copy,full copy/ConcCost/single-phase/No_time/seed6_0,2,5.111111111111111,1150,2,0.4,44,1,0,1,17,27,210.60000000000002,24.330628354724496
full copy,full copy/ConcCost/single-phase/No_time/seed6_0,3,5.111111111111111,1150,0,0.0,44,0,0,0,17,27,,27.878458342193774
full copy,full copy/ConcCost/single-phase/No_time/seed6_0,4,5.111111111111111,1150,56,11.200000000000001,44,5,0,5,17,27,88.60000000000001,24.911540345207996
full copy,full copy/ConcCost/single-phase/No_time/seed6_0,5,5.111111111111111,1150,755,151.0,44,30,3,27,17,27,73.4,3.819240126321623
full copy,full copy/ConcCost/single-phase/No_time/seed6_0,6,5.111111111111111,1150,0,0.0,44,0,0,0,17,27,,24.997489709297938
full copy,full copy/ConcCost/single-phase/No_time/seed6_0,7,5.111111111111111,1150,2,0.4,44,0,0,0,17,27,229.8,29.959514521264133
full copy,full copy/ConcCost/single-phase/No_time/seed6_0,8,5.111111111111111,1150,74,14.8,44,4,3,1,17,27,77.0,28.965904268959463
full copy,full copy/ConcCost/single-phase/No_time/seed6_0,9,5.111111111111111,1150,60,12.0,44,3,2,1,17,27,78.4,28.81166879759449
full copy,full copy/ConcCost/single-phase/No_time/seed6_0,10,5.111111111111111,1150,72,14.4,44,4,3,1,17,27,76.4,27.130395210884835
full copy,full copy/ConcCost/single-phase/No_time/seed6_0,11,5.111111111111111,1150,0,0.0,44,0,0,0,17,27,,28.480445126404586
full copy,full copy/ConcCost/single-phase/No_time/seed6_0,12,5.111111111111111,1150,4,0.8,44,1,0,1,17,27,89.2,29.15075370569978
full copy,full copy/ConcCost/single-phase/No_time/seed6_0,13,5.111111111111111,1150,5,1.0,44,1,0,1,17,27,227.0,24.10312484219303
full copy,full copy/ConcCost/single-phase/No_time/seed6_0,14,5.111111111111111,1150,0,0.0,44,0,0,0,17,27,,22.374623270449586
full copy,full copy/MassCost/multi-phase/Added_time/seed4_31,0,5.111111111111111,1150,16,3.2,44,1,0,1,17,27,210.20000000000002,22.7837491858017
full copy,full copy/MassCost/multi-phase/Added_time/seed4_31,1,5.111111111111111,1150,3,0.6000000000000001,44,1,0,1,17,27,195.4,26.77008649573808
full copy,full copy/MassCost/multi-phase/Added_time/seed4_31,2,5.111111111111111,1150,24,4.800000000000001,44,3,2,1,17,27,40.6,23.357683211746874
full copy,full copy/MassCost/multi-phase/Added_time/seed4_31,3,5.111111111111111,1150,195,39.0,44,10,0,10,17,27,160.4,23.105658046667223
full copy,full copy/MassCost/multi-phase/Added_time/seed4_31,4,5.111111111111111,1150,0,0.0,44,0,0,0,17,27,,26.477675254266778
full copy,full copy/MassCost/multi-phase/Added_time/seed4_31,5,5.111111111111111,1150,73,14.600000000000001,44,4,0,4,17,27,210.0,23.063979919145112
full copy,full copy/MassCost/multi-phase/Added_time/seed4_31,6,5.111111111111111,1150,93,18.6,44,7,2,5,17,27,76.2,24.545830483900705
full copy,full copy/MassCost/multi-phase/Added_time/seed4_31,7,5.111111111111111,1150,10,2.0,44,1,1,0,17,27,76.2,26.868829911319033
full copy,full copy/MassCost/multi-phase/Added_time/seed4_31,8,5.111111111111111,1150,52,10.4,44,6,3,3,17,27,76.2,27.774493851757807
full copy,full copy/MassCost/multi-phase/Added_time/seed4_31,9,5.111111111111111,1150,1,0.2,44,1,0,1,17,27,89.80000000000001,26.34514637982064
full copy,full copy/MassCost/multi-phase/Added_time/seed4_31,10,5.111111111111111,1150,8,1.6,44,2,1,1,17,27,76.2,27.359036661458084
full copy,full copy/MassCost/multi-phase/Added_time/seed4_31,11,5.111111111111111,1150,69,13.8,44,7,1,6,17,27,86.80000000000001,29.338393169270578
full copy,full copy/MassCost/multi-phase/Added_time/seed4_31,12,5.111111111111111,1150,0,0.0,44,0,0,0,17,27,,24.21507106594365
full copy,full copy/MassCost/multi-phase/Added_time/seed4_31,13,5.111111111111111,1150,10,2.0,44,2,1,1,17,27,87.60000000000001,28.271232769068938
full copy,full copy/MassCost/multi-phase/Added_time/seed4_31,14,5.111111111111111,1150,0,0.0,44,0,0,0,17,27,,32.08524328793054
full copy,full copy/MassCost/multi-phase/Added_time/seed5_31,0,5.111111111111111,1150,0,0.0,44,0,0,0,17,27,,25.906070532351514
full copy,full copy/MassCost/multi-phase/Added_time/seed5_31,1,5.111111111111111,1150,33,6.6000000000000005,44,2,0,2,17,27,210.20000000000002,23.29295941123534
full copy,full copy/MassCost/multi-phase/Added_time/seed5_31,2,5.111111111111111,1150,0,0.0,44,0,0,0,17,27,,28.551877827405765
full copy,full copy/MassCost/multi-phase/Added_time/seed5_31,3,5.111111111111111,1150,54,10.8,44,6,0,6,17,27,160.20000000000002,21.217330180627886
full copy,full copy/MassCost/multi-phase/Added_time/seed5_31,4,5.111111111111111,1150,9,1.8,44,4,0,4,17,27,177.60000000000002,31.91493868777949
full copy,full copy/MassCost/multi-phase/Added_time/seed5_31,5,5.111111111111111,1150,10,2.0,44,2,0,2,17,27,164.20000000000002,27.470967660519474
full copy,full copy/MassCost/multi-phase/Added_time/seed5_31,6,5.111111111111111,1150,660,132.0,44,28,3,25,17,27,76.60000000000001,6.975103162551202
full copy,full copy/MassCost/multi-phase/Added_time/seed5_31,7,5.111111111111111,1150,36,7.2,44,3,0,3,17,27,175.20000000000002,20.97248481624816
full copy,full copy/MassCost/multi-phase/Added_time/seed5_31,8,5.111111111111111,1150,21,4.2,44,3,0,3,17,27,89.0,25.044054665423428
full copy,full copy/MassCost/multi-phase/Added_time/seed5_31,9,5.111111111111111,1150,0,0.0,44,0,0,0,17,27,,32.57485559769802
full copy,full copy/MassCost/multi-phase/Added_time/seed5_31,10,5.111111111111111,1150,0,0.0,44,0,0,0,17,27,,28.228437241172713
full copy,full copy/MassCost/multi-phase/Added_time/seed5_31,11,5.111111111111111,1150,6,1.2000000000000002,44,1,0,1,17,27,216.20000000000002,25.754049785243563
full copy,full copy/MassCost/multi-phase/Added_time/seed5_31,12,5.111111111111111,1150,6,1.2000000000000002,44,1,0,1,17,27,160.20000000000002,31.896557421506778
full copy,full copy/MassCost/multi-phase/Added_time/seed5_31,13,5.111111111111111,1150,43,8.6,44,2,0,2,17,27,219.8,33.07353239906308
full copy,full copy/MassCost/multi-phase/Added_time/seed5_31,14,5.111111111111111,1150,21,4.2,44,2,0,2,17,27,160.20000000000002,26.68707368388193
full copy,full copy/MassCost/multi-phase/Added_time/seed6_31,0,5.111111111111111,1150,70,14.0,44,7,2,5,17,27,83.0,25.041631637358233
full copy,full copy/MassCost/multi-phase/Added_time/seed6_31,1,5.111111111111111,1150,27,5.4,44,3,0,3,17,27,180.20000000000002,25.336831555812267
full copy,full copy/MassCost/multi-phase/Added_time/seed6_31,2,5.111111111111111,1150,2,0.4,44,1,0,1,17,27,210.60000000000002,24.330628354724496
full copy,full copy/MassCost/multi-phase/Added_time/seed6_31,3,5.111111111111111,1150,0,0.0,44,0,0,0,17,27,,27.878458342193774
full copy,full copy/MassCost/multi-phase/Added_time/seed6_31,4,5.111111111111111,1150,56,11.200000000000001,44,5,0,5,17,27,88.60000000000001,24.911540345207996
full copy,full copy/MassCost/multi-phase/Added_time/seed6_31,5,5.111111111111111,1150,761,152.20000000000002,44,30,3,27,17,27,73.0,3.9778654174590904
full copy,full copy/MassCost/multi-phase/Added_time/seed6_31,6,5.111111111111111,1150,0,0.0,44,0,0,0,17,27,,24.91756400698286
full copy,full copy/MassCost/multi-phase/Added_time/seed6_31,7,5.111111111111111,1150,28,5.6000000000000005,44,2,1,1,17,27,84.2,28.412020714120082
full copy,full copy/MassCost/multi-phase/Added_time/seed6_31,8,5.111111111111111,1150,188,37.6,44,10,3,7,17,27,77.0,28.937558043478838
full copy,full copy/MassCost/multi-phase/Added_time/seed6_31,9,5.111111111111111,1150,67,13.4,44,4,3,1,17,27,77.80000000000001,31.098686011521487
full copy,full copy/MassCost/multi-phase/Added_time/seed6_31,10,5.111111111111111,1150,190,38.0,44,10,3,7,17,27,75.8,28.16076568926094
full copy,full copy/MassCost/multi-phase/Added_time/seed6_31,11,5.111111111111111,1150,109,21.8,44,7,3,4,17,27,74.8,28.962290408110505
full copy,full copy/MassCost/multi-phase/Added_time/seed6_31,12,5.111111111111111,1150,154,30.8,44,7,4,3,17,27,70.0,30.385890455133147
full copy,full copy/MassCost/multi-phase/Added_time/seed6_31,13,5.111111111111111,1150,66,13.200000000000001,44,5,0,5,17,27,195.20000000000002,19.23785260097408
full copy,full copy/MassCost/multi-phase/Added_time/seed6_31,14,5.111111111111111,1150,60,12.0,44,3,2,1,17,27,78.80000000000001,25.37861837504234
full copy,full copy/MassCost/multi-phase/No_time/seed4_21,0,5.111111111111111,1150,16,3.2,44,1,0,1,17,27,210.20000000000002,22.7837491858017
full copy,full copy/MassCost/multi-phase/No_time/seed4_21,1,5.111111111111111,1150,3,0.6000000000000001,44,1,0,1,17,27,195.4,26.77008649573808
full copy,full copy/MassCost/multi-phase/No_time/seed4_21,2,5.111111111111111,1150,24,4.800000000000001,44,3,2,1,17,27,40.6,23.357683211746874
full copy,full copy/MassCost/multi-phase/No_time/seed4_21,3,5.111111111111111,1150,195,39.0,44,10,0,10,17,27,160.4,23.105658046667223
full copy,full copy/MassCost/multi-phase/No_time/seed4_21,4,5.111111111111111,1150,0,0.0,44,0,0,0,17,27,,26.477675254266778
full copy,full copy/MassCost/multi-phase/No_time/seed4_21,5,5.111111111111111,1150,48,9.600000000000001,44,4,2,2,17,27,81.80000000000001,24.963513767322443
full copy,full copy/MassCost/multi-phase/No_time/seed4_21,6,5.111111111111111,1150,105,21.0,44,5,0,5,17,27,207.20000000000002,25.545759502091386
full copy,full copy/MassCost/multi-phase/No_time/seed4_21,7,5.111111111111111,1150,1,0.2,44,1,0,1,17,27,89.80000000000001,28.858523966827807
full copy,full copy/MassCost/multi-phase/No_time/seed4_21,8,5.111111111111111,1150,756,151.20000000000002,44,31,4,27,17,27,70.8,4.152177583170757
full copy,full copy/MassCost/multi-phase/No_time/seed4_21,9,5.111111111111111,1150,41,8.200000000000001,44,3,2,1,17,27,82.0,23.239649145371285
full copy,full copy/MassCost/multi-phase/No_time/seed4_21,10,5.111111111111111,1150,38,7.6000000000000005,44,3,2,1,17,27,83.2,24.96530564108873
full copy,full copy/MassCost/multi-phase/No_time/seed4_21,11,5.111111111111111,1150,109,21.8,44,6,0,6,17,27,200.0,25.24774477459398
full copy,full copy/MassCost/multi-phase/No_time/seed4_21,12,5.111111111111111,1150,0,0.0,44,0,0,0,17,27,,20.2923492873658
full copy,full copy/MassCost/multi-phase/No_time/seed4_21,13,5.111111111111111,1150,94,18.8,44,5,3,2,17,27,74.0,28.037107665276473
full copy,full copy/MassCost/multi-phase/No_time/seed4_21,14,5.111111111111111,1150,88,17.6,44,5,3,2,17,27,74.0,33.15643221178857
full copy,full copy/MassCost/multi-phase/No_time/seed5_21,0,5.111111111111111,1150,0,0.0,44,0,0,0,17,27,,25.906070532351514
full copy,full copy/MassCost/multi-phase/No_time/seed5_21,1,5.111111111111111,1150,33,6.6000000000000005,44,2,0,2,17,27,210.20000000000002,23.29295941123534
full copy,full copy/MassCost/multi-phase/No_time/seed5_21,2,5.111111111111111,1150,0,0.0,44,0,0,0,17,27,,28.551877827405765
full copy,full copy/MassCost/multi-phase/No_time/seed5_21,3,5.111111111111111,1150,54,10.8,44,6,0,6,17,27,160.20000000000002,21.217330180627886
full copy,full copy/MassCost/multi-phase/No_time/seed5_21,4,5.111111111111111,1150,9,1.8,44,4,0,4,17,27,177.60000000000002,31.91493868777949
full copy,full copy/MassCost/multi-phase/No_time/seed5_21,5,5.111111111111111,1150,151,30.200000000000003,44,7,4,3,17,27,72.0,24.300335894717417
full copy,full copy/MassCost/multi-phase/No_time/seed5_21,6,5.111111111111111,1150,84,16.8,44,6,3,3,17,27,77.0,26.403884393055844
full copy,full copy/MassCost/multi-phase/No_time/seed5_21,7,5.111111111111111,1150,0,0.0,44,0,0,0,17,27,,29.3679109010475
full copy,full copy/MassCost/multi-phase/No_time/seed5_21,8,5.111111111111111,1150,38,7.6000000000000005,44,3,0,3,17,27,160.20000000000002,27.091365989489145
full copy,full copy/MassCost/multi-phase/No_time/seed5_21,9,5.111111111111111,1150,0,0.0,44,0,0,0,17,27,,32.916151466081054
full copy,full copy/MassCost/multi-phase/No_time/seed5_21,10,5.111111111111111,1150,0,0.0,44,0,0,0,17,27,,29.222872770298604
full copy,full copy/MassCost/multi-phase/No_time/seed5_21,11,5.111111111111111,1150,2,0.4,44,1,1,0,17,27,76.2,27.19036806645989
full copy,full copy/MassCost/multi-phase/No_time/seed5_21,12,5.111111111111111,1150,161,32.2,44,13,1,12,17,27,88.2,26.133583241320448
full copy,full copy/MassCost/multi-phase/No_time/seed5_21,13,5.111111111111111,1150,116,23.200000000000003,44,8,0,8,17,27,145.6,27.306575142457064
full copy,full copy/MassCost/multi-phase/No_time/seed5_21,14,5.111111111111111,1150,42,8.4,44,6,0,6,17,27,88.60000000000001,26.131652698820243
full copy,full copy/MassCost/multi-phase/No_time/seed6_21,0,5.111111111111111,1150,70,14.0,44,7,2,5,17,27,83.0,25.041631637358233
full copy,full copy/MassCost/multi-phase/No_time/seed6_21,1,5.111111111111111,1150,27,5.4,44,3,0,3,17,27,180.20000000000002,25.336831555812267
full copy,full copy/MassCost/multi-phase/No_time/seed6_21,2,5.111111111111111,1150,2,0.4,44,1,0,1,17,27,210.60000000000002,24.330628354724496
full copy,full copy/MassCost/multi-phase/No_time/seed6_21,3,5.111111111111111,1150,0,0.0,44,0,0,0,17,27,,27.878458342193774
full copy,full copy/MassCost/multi-phase/No_time/seed6_21,4,5.111111111111111,1150,56,11.200000000000001,44,5,0,5,17,27,88.60000000000001,24.911540345207996
full copy,full copy/MassCost/multi-phase/No_time/seed6_21,5,5.111111111111111,1150,8,1.6,44,2,1,1,17,27,88.0,27.370392678428246
full copy,full copy/MassCost/multi-phase/No_time/seed6_21,6,5.111111111111111,1150,9,1.8,44,2,0,2,17,27,213.20000000000002,22.256781941181725
full copy,full copy/MassCost/multi-phase/No_time/seed6_21,7,5.111111111111111,1150,791,158.20000000000002,44,31,4,27,17,27,69.8,3.780055984558696
full copy,full copy/MassCost/multi-phase/No_time/seed6_21,8,5.111111111111111,1150,24,4.800000000000001,44,2,1,1,17,27,76.2,31.022777899062067
full copy,full copy/MassCost/multi-phase/No_time/seed6_21,9,5.111111111111111,1150,0,0.0,44,0,0,0,17,27,,30.80742773726699
full copy,full copy/MassCost/multi-phase/No_time/seed6_21,10,5.111111111111111,1150,95,19.0,44,6,2,4,17,27,81.4,29.928898564398747
full copy,full copy/MassCost/multi-phase/No_time/seed6_21,11,5.111111111111111,1150,30,6.0,44,3,0,3,17,27,160.20000000000002,29.991284310142586
full copy,full copy/MassCost/multi-phase/No_time/seed6_21,12,5.111111111111111,1150,0,0.0,44,0,0,0,17,27,,30.71637490195063
full copy,full copy/MassCost/multi-phase/No_time/seed6_21,13,5.111111111111111,1150,3,0.6000000000000001,44,1,0,1,17,27,227.0,25.331363041542843
full copy,full copy/MassCost/multi-phase/No_time/seed6_21,14,5.111111111111111,1150,0,0.0,44,0,0,0,17,27,,23.675144947455298
full copy,full copy/MassCost/single-phase/Added_time/seed4_11,0,5.111111111111111,1150,16,3.2,44,1,0,1,17,27,210.20000000000002,22.7837491858017
full copy,full copy/MassCost/single-phase/Added_time/seed4_11,1,5.111111111111111,1150,3,0.6000000000000001,44,1,0,1,17,27,195.4,26.77008649573808
full copy,full copy/MassCost/single-phase/Added_time/seed4_11,2,5.111111111111111,1150,24,4.800000000000001,44,3,2,1,17,27,40.6,23.357683211746874
full copy,full copy/MassCost/single-phase/Added_time/seed4_11,3,5.111111111111111,1150,195,39.0,44,10,0,10,17,27,160.4,23.105658046667223
full copy,full copy/MassCost/single-phase/Added_time/seed4_11,4,5.111111111111111,1150,0,0.0,44,0,0,0,17,27,,26.477675254266778
full copy,full copy/MassCost/single-phase/Added_time/seed4_11,5,5.111111111111111,1150,37,7.4,44,3,2,1,17,27,82.80000000000001,25.032666560089442
full copy,full copy/MassCost/single-phase/Added_time/seed4_11,6,5.111111111111111,1150,107,21.400000000000002,44,5,0,5,17,27,207.20000000000002,29.414025706800956
full copy,full copy/MassCost/single-phase/Added_time/seed4_11,7,5.111111111111111,1150,50,10.0,44,4,0,4,17,27,200.4,26.27073765232077
full copy,full copy/MassCost/single-phase/Added_time/seed4_11,8,5.111111111111111,1150,3,0.6000000000000001,44,1,0,1,17,27,89.4,28.858040723882993
full copy,full copy/MassCost/single-phase/Added_time/seed4_11,9,5.111111111111111,1150,0,0.0,44,0,0,0,17,27,,26.24618502067057
full copy,full copy/MassCost/single-phase/Added_time/seed4_11,10,5.111111111111111,1150,0,0.0,44,0,0,0,17,27,,27.687120173923546
full copy,full copy/MassCost/single-phase/Added_time/seed4_11,11,5.111111111111111,1150,52,10.4,44,6,0,6,17,27,160.60000000000002,29.885683412407758
full copy,full copy/MassCost/single-phase/Added_time/seed4_11,12,5.111111111111111,1150,0,0.0,44,0,0,0,17,27,,24.039583167130548
full copy,full copy/MassCost/single-phase/Added_time/seed4_11,13,5.111111111111111,1150,33,6.6000000000000005,44,2,0,2,17,27,162.4,28.058507076777943
full copy,full copy/MassCost/single-phase/Added_time/seed4_11,14,5.111111111111111,1150,0,0.0,44,0,0,0,17,27,,31.611628689649393
full copy,full copy/MassCost/single-phase/Added_time/seed5_11,0,5.111111111111111,1150,0,0.0,44,0,0,0,17,27,,25.906070532351514
full copy,full copy/MassCost/single-phase/Added_time/seed5_11,1,5.111111111111111,1150,33,6.6000000000000005,44,2,0,2,17,27,210.20000000000002,23.29295941123534
full copy,full copy/MassCost/single-phase/Added_time/seed5_11,2,5.111111111111111,1150,0,0.0,44,0,0,0,17,27,,28.551877827405765
full copy,full copy/MassCost/single-phase/Added_time/seed5_11,3,5.111111111111111,1150,54,10.8,44,6,0,6,17,27,160.20000000000002,21.217330180627886
full copy,full copy/MassCost/single-phase/Added_time/seed5_11,4,5.111111111111111,1150,9,1.8,44,4,0,4,17,27,177.60000000000002,31.91493868777949
full copy,full copy/MassCost/single-phase/Added_time/seed5_11,5,5.111111111111111,1150,45,9.0,44,4,1,3,17,27,86.80000000000001,25.80169011982961
full copy,full copy/MassCost/single-phase/Added_time/seed5_11,6,5.111111111111111,1150,2,0.4,44,1,0,1,17,27,213.0,25.616987969945434
full copy,full copy/MassCost/single-phase/Added_time/seed5_11,7,5.111111111111111,1150,0,0.0,44,0,0,0,17,27,,29.457412538628652
full copy,full copy/MassCost/single-phase/Added_time/seed5_11,8,5.111111111111111,1150,42,8.4,44,3,0,3,17,27,160.20000000000002,25.473444047129604
full copy,full copy/MassCost/single-phase/Added_time/seed5_11,9,5.111111111111111,1150,14,2.8000000000000003,44,1,0,1,17,27,162.4,32.963726379060255
full copy,full copy/MassCost/single-phase/Added_time/seed5_11,10,5.111111111111111,1150,8,1.6,44,2,0,2,17,27,160.20000000000002,28.864721196384163
full copy,full copy/MassCost/single-phase/Added_time/seed5_11,11,5.111111111111111,1150,8,1.6,44,2,0,2,17,27,160.60000000000002,26.644069398651148
full copy,full copy/MassCost/single-phase/Added_time/seed5_11,12,5.111111111111111,1150,3,0.6000000000000001,44,1,0,1,17,27,160.20000000000002,31.35154982469529
full copy,full copy/MassCost/single-phase/Added_time/seed5_11,13,5.111111111111111,1150,58,11.600000000000001,44,4,0,4,17,27,160.60000000000002,32.40844482296735
full copy,full copy/MassCost/single-phase/Added_time/seed5_11,14,5.111111111111111,1150,21,4.2,44,2,0,2,17,27,160.20000000000002,26.87621703611656
full copy,full copy/MassCost/single-phase/Added_time/seed6_11,0,5.111111111111111,1150,70,14.0,44,7,2,5,17,27,83.0,25.041631637358233
full copy,full copy/MassCost/single-phase/Added_time/seed6_11,1,5.111111111111111,1150,27,5.4,44,3,0,3,17,27,180.20000000000002,25.336831555812267
full copy,full copy/MassCost/single-phase/Added_time/seed6_11,2,5.111111111111111,1150,2,0.4,44,1,0,1,17,27,210.60000000000002,24.330628354724496
full copy,full copy/MassCost/single-phase/Added_time/seed6_11,3,5.111111111111111,1150,0,0.0,44,0,0,0,17,27,,27.878458342193774
full copy,full copy/MassCost/single-phase/Added_time/seed6_11,4,5.111111111111111,1150,56,11.200000000000001,44,5,0,5,17,27,88.60000000000001,24.911540345207996
full copy,full copy/MassCost/single-phase/Added_time/seed6_11,5,5.111111111111111,1150,44,8.8,44,4,1,3,17,27,86.4,27.65406759635409
full copy,full copy/MassCost/single-phase/Added_time/seed6_11,6,5.111111111111111,1150,27,5.4,44,2,1,1,17,27,85.2,25.341086728140418
full copy,full copy/MassCost/single-phase/Added_time/seed6_11,7,5.111111111111111,1150,780,156.0,44,31,4,27,17,27,69.8,4.194232210606702
full copy,full copy/MassCost/single-phase/Added_time/seed6_11,8,5.111111111111111,1150,41,8.200000000000001,44,3,0,3,17,27,160.20000000000002,32.154419558442065
full copy,full copy/MassCost/single-phase/Added_time/seed6_11,9,5.111111111111111,1150,12,2.4000000000000004,44,2,0,2,17,27,222.8,29.683706123883773
full copy,full copy/MassCost/single-phase/Added_time/seed6_11,10,5.111111111111111,1150,22,4.4,44,3,0,3,17,27,212.8,30.625473253771155
full copy,full copy/MassCost/single-phase/Added_time/seed6_11,11,5.111111111111111,1150,48,9.600000000000001,44,3,0,3,17,27,160.20000000000002,29.269194631223947
full copy,full copy/MassCost/single-phase/Added_time/seed6_11,12,5.111111111111111,1150,28,5.6000000000000005,44,2,1,1,17,27,84.2,29.622027792163284
full copy,full copy/MassCost/single-phase/Added_time/seed6_11,13,5.111111111111111,1150,72,14.4,44,3,0,3,17,27,215.4,24.652633359192592
full copy,full copy/MassCost/single-phase/Added_time/seed6_11,14,5.111111111111111,1150,17,3.4000000000000004,44,2,0,2,17,27,210.4,23.2352416067316
full copy,full copy/MassCost/single-phase/No_time/seed4_01,0,5.111111111111111,1150,16,3.2,44,1,0,1,17,27,210.20000000000002,22.7837491858017
full copy,full copy/MassCost/single-phase/No_time/seed4_01,1,5.111111111111111,1150,3,0.6000000000000001,44,1,0,1,17,27,195.4,26.77008649573808
full copy,full copy/MassCost/single-phase/No_time/seed4_01,2,5.111111111111111,1150,24,4.800000000000001,44,3,2,1,17,27,40.6,23.357683211746874
full copy,full copy/MassCost/single-phase/No_time/seed4_01,3,5.111111111111111,1150,195,39.0,44,10,0,10,17,27,160.4,23.105658046667223
full copy,full copy/MassCost/single-phase/No_time/seed4_01,4,5.111111111111111,1150,0,0.0,44,0,0,0,17,27,,26.477675254266778
full copy,full copy/MassCost/single-phase/No_time/seed4_01,5,5.111111111111111,1150,787,157.4,44,31,4,27,17,27,72.8,3.6195973314556906
full copy,full copy/MassCost/single-phase/No_time/seed4_01,6,5.111111111111111,1150,97,19.400000000000002,44,5,0,5,17,27,207.8,26.21224049099562
full copy,full copy/MassCost/single-phase/No_time/seed4_01,7,5.111111111111111,1150,27,5.4,44,3,0,3,17,27,165.20000000000002,21.554736280060638
full copy,full copy/MassCost/single-phase/No_time/seed4_01,8,5.111111111111111,1150,20,4.0,44,4,1,3,17,27,85.60000000000001,27.776200514563104
full copy,full copy/MassCost/single-phase/No_time/seed4_01,9,5.111111111111111,1150,47,9.4,44,3,2,1,17,27,81.2,23.65459615034703
full copy,full copy/MassCost/single-phase/No_time/seed4_01,10,5.111111111111111,1150,56,11.200000000000001,44,3,2,1,17,27,79.60000000000001,24.436902084052473
full copy,full copy/MassCost/single-phase/No_time/seed4_01,11,5.111111111111111,1150,89,17.8,44,7,3,4,17,27,78.0,25.623613478817386
full copy,full copy/MassCost/single-phase/No_time/seed4_01,12,5.111111111111111,1150,110,22.0,44,6,3,3,17,27,75.0,25.556918565683798
full copy,full copy/MassCost/single-phase/No_time/seed4_01,13,5.111111111111111,1150,42,8.4,44,4,2,2,17,27,81.2,25.78320452362308
full copy,full copy/MassCost/single-phase/No_time/seed4_01,14,5.111111111111111,1150,58,11.600000000000001,44,3,2,1,17,27,78.60000000000001,29.11320423427257
full copy,full copy/MassCost/single-phase/No_time/seed5_01,0,5.111111111111111,1150,0,0.0,44,0,0,0,17,27,,25.906070532351514
full copy,full copy/MassCost/single-phase/No_time/seed5_01,1,5.111111111111111,1150,33,6.6000000000000005,44,2,0,2,17,27,210.20000000000002,23.29295941123534
full copy,full copy/MassCost/single-phase/No_time/seed5_01,2,5.111111111111111,1150,0,0.0,44,0,0,0,17,27,,28.551877827405765
full copy,full copy/MassCost/single-phase/No_time/seed5_01,3,5.111111111111111,1150,54,10.8,44,6,0,6,17,27,160.20000000000002,21.217330180627886
full copy,full copy/MassCost/single-phase/No_time/seed5_01,4,5.111111111111111,1150,9,1.8,44,4,0,4,17,27,177.60000000000002,31.91493868777949
full copy,full copy/MassCost/single-phase/No_time/seed5_01,5,5.111111111111111,1150,722,144.4,44,29,4,25,17,27,69.2,4.679906874380292
full copy,full copy/MassCost/single-phase/No_time/seed5_01,6,5.111111111111111,1150,50,10.0,44,4,0,4,17,27,213.0,23.46896535099252
full copy,full copy/MassCost/single-phase/No_time/seed5_01,7,5.111111111111111,1150,37,7.4,44,3,0,3,17,27,165.20000000000002,22.248619735751138
full copy,full copy/MassCost/single-phase/No_time/seed5_01,8,5.111111111111111,1150,5,1.0,44,1,0,1,17,27,160.20000000000002,24.012423117212485
full copy,full copy/MassCost/single-phase/No_time/seed5_01,9,5.111111111111111,1150,12,2.4000000000000004,44,1,0,1,17,27,130.4,28.73597278968698
full copy,full copy/MassCost/single-phase/No_time/seed5_01,10,5.111111111111111,1150,0,0.0,44,0,0,0,17,27,,27.467178442566613
full copy,full copy/MassCost/single-phase/No_time/seed5_01,11,5.111111111111111,1150,4,0.8,44,1,0,1,17,27,216.60000000000002,25.63158604051829
full copy,full copy/MassCost/single-phase/No_time/seed5_01,12,5.111111111111111,1150,14,2.8000000000000003,44,1,0,1,17,27,110.4,29.17338002096699
full copy,full copy/MassCost/single-phase/No_time/seed5_01,13,5.111111111111111,1150,40,8.0,44,2,0,2,17,27,220.0,30.526569783778434
full copy,full copy/MassCost/single-phase/No_time/seed5_01,14,5.111111111111111,1150,0,0.0,44,0,0,0,17,27,,24.08998644045804
full copy,full copy/MassCost/single-phase/No_time/seed6_01,0,5.111111111111111,1150,70,14.0,44,7,2,5,17,27,83.0,25.041631637358233
full copy,full copy/MassCost/single-phase/No_time/seed6_01,1,5.111111111111111,1150,27,5.4,44,3,0,3,17,27,180.20000000000002,25.336831555812267
full copy,full copy/MassCost/single-phase/No_time/seed6_01,2,5.111111111111111,1150,2,0.4,44,1,0,1,17,27,210.60000000000002,24.330628354724496
full copy,full copy/MassCost/single-phase/No_time/seed6_01,3,5.111111111111111,1150,0,0.0,44,0,0,0,17,27,,27.878458342193774
full copy,full copy/MassCost/single-phase/No_time/seed6_01,4,5.111111111111111,1150,56,11.200000000000001,44,5,0,5,17,27,88.60000000000001,24.911540345207996
full copy,full copy/MassCost/single-phase/No_time/seed6_01,5,5.111111111111111,1150,716,143.20000000000002,44,30,3,27,17,27,74.2,4.672425348153517
full copy,full copy/MassCost/single-phase/No_time/seed6_01,6,5.111111111111111,1150,37,7.4,44,4,1,3,17,27,83.80000000000001,22.54793669627231
full copy,full copy/MassCost/single-phase/No_time/seed6_01,7,5.111111111111111,1150,2,0.4,44,1,0,1,17,27,165.4,31.432200921640025
full copy,full copy/MassCost/single-phase/No_time/seed6_01,8,5.111111111111111,1150,35,7.0,44,5,1,4,17,27,88.2,32.08776044772049
full copy,full copy/MassCost/single-phase/No_time/seed6_01,9,5.111111111111111,1150,0,0.0,44,0,0,0,17,27,,31.727965844663203
full copy,full copy/MassCost/single-phase/No_time/seed6_01,10,5.111111111111111,1150,25,5.0,44,2,1,1,17,27,85.60000000000001,31.007180205398654
full copy,full copy/MassCost/single-phase/No_time/seed6_01,11,5.111111111111111,1150,39,7.800000000000001,44,3,0,3,17,27,160.4,29.83516001123957
full copy,full copy/MassCost/single-phase/No_time/seed6_01,12,5.111111111111111,1150,0,0.0,44,0,0,0,17,27,,31.425802265839977
full copy,full copy/MassCost/single-phase/No_time/seed6_01,13,5.111111111111111,1150,29,5.800000000000001,44,2,1,1,17,27,84.2,24.93512632350162
full copy,full copy/MassCost/single-phase/No_time/seed6_01,14,5.111111111111111,1150,0,0.0,44,0,0,0,17,27,,23.483924164828366
single_phase,single_phase/_ab_keepbest/seed1_kb0,0,4.181818181818182,1150,23,4.6000000000000005,54,3,0,3,21,33,168.20000000000002,27.13522543663799
single_phase,single_phase/_ab_keepbest/seed1_kb0,1,4.181818181818182,1150,39,7.800000000000001,54,5,0,5,21,33,164.0,26.04379187180074
single_phase,single_phase/_ab_keepbest/seed1_kb0,2,4.181818181818182,1150,13,2.6,54,3,0,3,21,33,204.20000000000002,25.115427735295278
single_phase,single_phase/_ab_keepbest/seed1_kb0,3,4.181818181818182,1150,14,2.8000000000000003,54,2,0,2,21,33,213.0,22.660359982088337
single_phase,single_phase/_ab_keepbest/seed1_kb0,4,4.181818181818182,1150,78,15.600000000000001,54,11,2,9,21,33,25.0,24.165015248598248
single_phase,single_phase/_ab_keepbest/seed1_kb0,5,4.181818181818182,1150,25,5.0,54,2,0,2,21,33,213.20000000000002,29.968236885700883
single_phase,single_phase/_ab_keepbest/seed1_kb0,6,4.181818181818182,1150,0,0.0,54,0,0,0,21,33,,25.825361284998746
single_phase,single_phase/_ab_keepbest/seed1_kb0,7,4.181818181818182,1150,31,6.2,54,2,0,2,21,33,220.8,27.15394048738306
single_phase,single_phase/_ab_keepbest/seed1_kb0,8,4.181818181818182,1150,0,0.0,54,0,0,0,21,33,,20.665832114249447
single_phase,single_phase/_ab_keepbest/seed1_kb0,9,4.181818181818182,1150,18,3.6,54,2,0,2,21,33,160.20000000000002,23.455810423348375
single_phase,single_phase/_ab_keepbest/seed1_kb0,10,4.181818181818182,1150,15,3.0,54,2,0,2,21,33,221.8,23.88837920466708
single_phase,single_phase/_ab_keepbest/seed1_kb0,11,4.181818181818182,1150,31,6.2,54,2,0,2,21,33,221.8,24.9793490692039
single_phase,single_phase/_ab_keepbest/seed1_kb0,12,4.181818181818182,1150,0,0.0,54,0,0,0,21,33,,24.80230047618143
single_phase,single_phase/_ab_keepbest/seed1_kb0,13,4.181818181818182,1150,26,5.2,54,3,0,3,21,33,215.60000000000002,26.829352311020756
single_phase,single_phase/_ab_keepbest/seed1_kb0,14,4.181818181818182,1150,32,6.4,54,6,0,6,21,33,200.20000000000002,22.406369511168492
single_phase,single_phase/_ab_keepbest/seed1_kb1,0,4.181818181818182,1150,23,4.6000000000000005,54,3,0,3,21,33,168.20000000000002,27.13522543663799
single_phase,single_phase/_ab_keepbest/seed1_kb1,1,4.181818181818182,1150,39,7.800000000000001,54,5,0,5,21,33,164.0,26.04379187180074
single_phase,single_phase/_ab_keepbest/seed1_kb1,2,4.181818181818182,1150,13,2.6,54,3,0,3,21,33,204.20000000000002,25.115427735295278
single_phase,single_phase/_ab_keepbest/seed1_kb1,3,4.181818181818182,1150,14,2.8000000000000003,54,2,0,2,21,33,213.0,22.660359982088337
single_phase,single_phase/_ab_keepbest/seed1_kb1,4,4.181818181818182,1150,78,15.600000000000001,54,11,2,9,21,33,25.0,24.165015248598248
single_phase,single_phase/_ab_keepbest/seed1_kb1,5,4.181818181818182,1150,25,5.0,54,2,0,2,21,33,213.20000000000002,29.70585476509267
single_phase,single_phase/_ab_keepbest/seed1_kb1,6,4.181818181818182,1150,2,0.4,54,1,0,1,21,33,204.20000000000002,25.55437211723562
single_phase,single_phase/_ab_keepbest/seed1_kb1,7,4.181818181818182,1150,31,6.2,54,2,0,2,21,33,220.20000000000002,28.286245586283037
single_phase,single_phase/_ab_keepbest/seed1_kb1,8,4.181818181818182,1150,0,0.0,54,0,0,0,21,33,,24.952272639227623
single_phase,single_phase/_ab_keepbest/seed1_kb1,9,4.181818181818182,1150,10,2.0,54,1,0,1,21,33,160.20000000000002,27.76300189429913
single_phase,single_phase/_ab_keepbest/seed1_kb1,10,4.181818181818182,1150,20,4.0,54,3,0,3,21,33,160.20000000000002,29.17817184796496
single_phase,single_phase/_ab_keepbest/seed1_kb1,11,4.181818181818182,1150,11,2.2,54,1,0,1,21,33,223.20000000000002,29.800871760130494
single_phase,single_phase/_ab_keepbest/seed1_kb1,12,4.181818181818182,1150,2,0.4,54,1,0,1,21,33,166.20000000000002,30.982345495212687
single_phase,single_phase/_ab_keepbest/seed1_kb1,13,4.181818181818182,1150,13,2.6,54,2,0,2,21,33,216.0,32.07087910297498
single_phase,single_phase/_ab_keepbest/seed1_kb1,14,4.181818181818182,1150,23,4.6000000000000005,54,2,0,2,21,33,216.60000000000002,24.490311257068434
single_phase,single_phase/_ab_keepbest/seed2_kb0,0,4.181818181818182,1150,47,9.4,54,6,0,6,21,33,89.60000000000001,31.151728065573177
single_phase,single_phase/_ab_keepbest/seed2_kb0,1,4.181818181818182,1150,37,7.4,54,5,0,5,21,33,164.20000000000002,27.94309245702075
single_phase,single_phase/_ab_keepbest/seed2_kb0,2,4.181818181818182,1150,24,4.800000000000001,54,4,0,4,21,33,212.20000000000002,30.837492050817627
single_phase,single_phase/_ab_keepbest/seed2_kb0,3,4.181818181818182,1150,17,3.4000000000000004,54,3,0,3,21,33,213.0,26.90562607103871
single_phase,single_phase/_ab_keepbest/seed2_kb0,4,4.181818181818182,1150,20,4.0,54,4,0,4,21,33,200.20000000000002,27.26942498957405
single_phase,single_phase/_ab_keepbest/seed2_kb0,5,4.181818181818182,1150,16,3.2,54,2,1,1,21,33,86.4,32.63879677641789
single_phase,single_phase/_ab_keepbest/seed2_kb0,6,4.181818181818182,1150,3,0.6000000000000001,54,0,0,0,21,33,229.4,30.33936414309776
single_phase,single_phase/_ab_keepbest/seed2_kb0,7,4.181818181818182,1150,0,0.0,54,0,0,0,21,33,,26.38555985335416
single_phase,single_phase/_ab_keepbest/seed2_kb0,8,4.181818181818182,1150,0,0.0,54,0,0,0,21,33,,25.711755519925294
single_phase,single_phase/_ab_keepbest/seed2_kb0,9,4.181818181818182,1150,5,1.0,54,1,0,1,21,33,160.20000000000002,25.298681242234064
single_phase,single_phase/_ab_keepbest/seed2_kb0,10,4.181818181818182,1150,62,12.4,54,4,0,4,21,33,213.20000000000002,27.599265902293162
single_phase,single_phase/_ab_keepbest/seed2_kb0,11,4.181818181818182,1150,0,0.0,54,0,0,0,21,33,,29.40184419346326
single_phase,single_phase/_ab_keepbest/seed2_kb0,12,4.181818181818182,1150,0,0.0,54,0,0,0,21,33,,24.897401441242344
single_phase,single_phase/_ab_keepbest/seed2_kb0,13,4.181818181818182,1150,0,0.0,54,0,0,0,21,33,,28.668762373162238
single_phase,single_phase/_ab_keepbest/seed2_kb0,14,4.181818181818182,1150,23,4.6000000000000005,54,2,0,2,21,33,88.60000000000001,27.98073215761144
single_phase,single_phase/_ab_keepbest/seed2_kb1,0,4.181818181818182,1150,47,9.4,54,6,0,6,21,33,89.60000000000001,31.151728065573177
single_phase,single_phase/_ab_keepbest/seed2_kb1,1,4.181818181818182,1150,37,7.4,54,5,0,5,21,33,164.20000000000002,27.94309245702075
single_phase,single_phase/_ab_keepbest/seed2_kb1,2,4.181818181818182,1150,24,4.800000000000001,54,4,0,4,21,33,212.20000000000002,30.837492050817627
single_phase,single_phase/_ab_keepbest/seed2_kb1,3,4.181818181818182,1150,17,3.4000000000000004,54,3,0,3,21,33,213.0,26.90562607103871
single_phase,single_phase/_ab_keepbest/seed2_kb1,4,4.181818181818182,1150,20,4.0,54,4,0,4,21,33,200.20000000000002,27.26942498957405
single_phase,single_phase/_ab_keepbest/seed2_kb1,5,4.181818181818182,1150,16,3.2,54,2,1,1,21,33,86.4,31.45902850876141
single_phase,single_phase/_ab_keepbest/seed2_kb1,6,4.181818181818182,1150,4,0.8,54,0,0,0,21,33,229.0,28.633370001658815
single_phase,single_phase/_ab_keepbest/seed2_kb1,7,4.181818181818182,1150,0,0.0,54,0,0,0,21,33,,24.384059341956664
single_phase,single_phase/_ab_keepbest/seed2_kb1,8,4.181818181818182,1150,0,0.0,54,0,0,0,21,33,,24.08350621758124
single_phase,single_phase/_ab_keepbest/seed2_kb1,9,4.181818181818182,1150,0,0.0,54,0,0,0,21,33,,27.212111505952766
single_phase,single_phase/_ab_keepbest/seed2_kb1,10,4.181818181818182,1150,46,9.200000000000001,54,2,0,2,21,33,218.8,30.284970897567337
single_phase,single_phase/_ab_keepbest/seed2_kb1,11,4.181818181818182,1150,0,0.0,54,0,0,0,21,33,,26.953470265292598
single_phase,single_phase/_ab_keepbest/seed2_kb1,12,4.181818181818182,1150,0,0.0,54,0,0,0,21,33,,24.06609910873823
single_phase,single_phase/_ab_keepbest/seed2_kb1,13,4.181818181818182,1150,0,0.0,54,0,0,0,21,33,,28.04270375238213
single_phase,single_phase/_ab_keepbest/seed2_kb1,14,4.181818181818182,1150,5,1.0,54,1,0,1,21,33,88.60000000000001,32.41947829176072
single_phase,single_phase/_ab_keepbest/seed3_kb0,0,4.181818181818182,1150,27,5.4,54,3,0,3,21,33,160.20000000000002,24.863961045944002
single_phase,single_phase/_ab_keepbest/seed3_kb0,1,4.181818181818182,1150,59,11.8,54,8,0,8,21,33,162.20000000000002,22.37967734537664
single_phase,single_phase/_ab_keepbest/seed3_kb0,2,4.181818181818182,1150,35,7.0,54,4,1,3,21,33,88.0,27.561577514416353
single_phase,single_phase/_ab_keepbest/seed3_kb0,3,4.181818181818182,1150,43,8.6,54,6,0,6,21,33,166.20000000000002,22.468737888207453
single_phase,single_phase/_ab_keepbest/seed3_kb0,4,4.181818181818182,1150,62,12.4,54,7,1,6,21,33,85.0,23.5163161031241
single_phase,single_phase/_ab_keepbest/seed3_kb0,5,4.181818181818182,1150,58,11.600000000000001,54,4,0,4,21,33,213.0,26.85981694218898
single_phase,single_phase/_ab_keepbest/seed3_kb0,6,4.181818181818182,1150,0,0.0,54,0,0,0,21,33,,24.90473642347851
single_phase,single_phase/_ab_keepbest/seed3_kb0,7,4.181818181818182,1150,27,5.4,54,2,1,1,21,33,84.4,29.82832409807172
single_phase,single_phase/_ab_keepbest/seed3_kb0,8,4.181818181818182,1150,1,0.2,54,1,0,1,21,33,89.4,26.288799786413186
single_phase,single_phase/_ab_keepbest/seed3_kb0,9,4.181818181818182,1150,2,0.4,54,2,0,2,21,33,215.8,25.207154425457084
single_phase,single_phase/_ab_keepbest/seed3_kb0,10,4.181818181818182,1150,0,0.0,54,0,0,0,21,33,,20.90944679147153
single_phase,single_phase/_ab_keepbest/seed3_kb0,11,4.181818181818182,1150,10,2.0,54,2,0,2,21,33,213.60000000000002,23.541779412767728
single_phase,single_phase/_ab_keepbest/seed3_kb0,12,4.181818181818182,1150,77,15.4,54,4,0,4,21,33,212.8,24.145653679911323
single_phase,single_phase/_ab_keepbest/seed3_kb0,13,4.181818181818182,1150,18,3.6,54,3,0,3,21,33,213.20000000000002,24.581663661077933
single_phase,single_phase/_ab_keepbest/seed3_kb0,14,4.181818181818182,1150,85,17.0,54,8,1,7,21,33,87.2,22.92992915913317
single_phase,single_phase/_ab_keepbest/seed3_kb1,0,4.181818181818182,1150,27,5.4,54,3,0,3,21,33,160.20000000000002,24.863961045944002
single_phase,single_phase/_ab_keepbest/seed3_kb1,1,4.181818181818182,1150,59,11.8,54,8,0,8,21,33,162.20000000000002,22.37967734537664
single_phase,single_phase/_ab_keepbest/seed3_kb1,2,4.181818181818182,1150,35,7.0,54,4,1,3,21,33,88.0,27.561577514416353
single_phase,single_phase/_ab_keepbest/seed3_kb1,3,4.181818181818182,1150,43,8.6,54,6,0,6,21,33,166.20000000000002,22.468737888207453
single_phase,single_phase/_ab_keepbest/seed3_kb1,4,4.181818181818182,1150,62,12.4,54,7,1,6,21,33,85.0,23.5163161031241
single_phase,single_phase/_ab_keepbest/seed3_kb1,5,4.181818181818182,1150,58,11.600000000000001,54,4,0,4,21,33,213.0,26.95103012749091
single_phase,single_phase/_ab_keepbest/seed3_kb1,6,4.181818181818182,1150,0,0.0,54,0,0,0,21,33,,24.354762485600357
single_phase,single_phase/_ab_keepbest/seed3_kb1,7,4.181818181818182,1150,27,5.4,54,2,1,1,21,33,84.4,31.12691263798589
single_phase,single_phase/_ab_keepbest/seed3_kb1,8,4.181818181818182,1150,1,0.2,54,1,0,1,21,33,89.4,27.63850545498468
single_phase,single_phase/_ab_keepbest/seed3_kb1,9,4.181818181818182,1150,0,0.0,54,0,0,0,21,33,,25.20279779348369
single_phase,single_phase/_ab_keepbest/seed3_kb1,10,4.181818181818182,1150,1,0.2,54,1,0,1,21,33,213.60000000000002,20.83361679777408
single_phase,single_phase/_ab_keepbest/seed3_kb1,11,4.181818181818182,1150,11,2.2,54,2,0,2,21,33,213.60000000000002,23.26145028273683
single_phase,single_phase/_ab_keepbest/seed3_kb1,12,4.181818181818182,1150,76,15.200000000000001,54,4,0,4,21,33,213.0,23.88300212344617
single_phase,single_phase/_ab_keepbest/seed3_kb1,13,4.181818181818182,1150,24,4.800000000000001,54,5,0,5,21,33,200.20000000000002,23.470987537157395
single_phase,single_phase/_ab_keepbest/seed3_kb1,14,4.181818181818182,1150,87,17.400000000000002,54,8,1,7,21,33,87.2,22.88347598062505
single_phase,single_phase/_mo_off,0,2.017543859649123,1150,34,6.800000000000001,115,5,0,5,44,71,160.4,20.832232610581567
single_phase,single_phase/_mo_off,1,2.017543859649123,1150,43,8.6,115,9,0,9,44,71,88.2,27.277251197718897
single_phase,single_phase/_mo_off,2,2.017543859649123,1150,19,3.8000000000000003,115,5,0,5,44,71,162.4,23.35212869607802
single_phase,single_phase/_mo_off,3,2.017543859649123,1150,37,7.4,115,6,1,5,44,71,88.0,24.744536115204316
single_phase,single_phase/_mo_off,4,2.017543859649123,1150,86,17.2,115,14,4,10,44,71,72.4,30.262755291423513
single_phase,single_phase/_mo_off,5,2.017543859649123,1150,71,14.200000000000001,115,8,5,3,44,71,78.2,27.032365519186214
single_phase,single_phase/_mo_off,6,2.017543859649123,1150,62,12.4,115,9,4,5,44,71,81.60000000000001,25.38092401895854
single_phase,single_phase/_smoke_visc,0,5.111111111111111,1150,67,13.4,44,8,0,8,17,27,160.4,24.298058016361356
single_phase,single_phase/_smoke_visc,1,5.111111111111111,1150,28,5.6000000000000005,44,4,0,4,17,27,173.60000000000002,24.919668116666823
single_phase,single_phase/_smoke_visc,2,5.111111111111111,1150,29,5.800000000000001,44,3,1,2,17,27,85.2,23.114452491150494
single_phase,single_phase/_smoke_visc,3,5.111111111111111,1150,71,14.200000000000001,44,6,2,4,17,27,78.80000000000001,21.846687867897355
single_phase,single_phase/_smoke_visc,4,5.111111111111111,1150,59,11.8,44,6,2,4,17,27,81.2,27.74985648652363
single_phase,single_phase/_smoke_visc,5,5.111111111111111,1150,36,7.2,44,2,0,2,17,27,162.8,29.095361194238787
single_phase,single_phase/seed0_0,0,2.017543859649123,1150,34,6.800000000000001,115,5,0,5,44,71,160.4,20.832232610582935
single_phase,single_phase/seed0_0,1,2.017543859649123,1150,43,8.6,115,9,0,9,44,71,88.2,27.27725119770927
single_phase,single_phase/seed0_0,2,2.017543859649123,1150,19,3.8000000000000003,115,5,0,5,44,71,162.4,23.352128696079784
single_phase,single_phase/seed0_0,3,2.017543859649123,1150,37,7.4,115,6,1,5,44,71,88.0,24.744536115224378
single_phase,single_phase/seed0_0,4,2.017543859649123,1150,86,17.2,115,14,4,10,44,71,72.4,30.262755291435855
single_phase,single_phase/seed0_0,5,2.017543859649123,1150,13,2.6,115,2,1,1,44,71,87.0,28.980209946665642
single_phase,single_phase/seed0_0,6,2.017543859649123,1150,62,12.4,115,9,0,9,44,71,89.4,27.06073588348234
single_phase,single_phase/seed0_0,7,2.017543859649123,1150,0,0.0,115,0,0,0,44,71,,24.955079375676988
single_phase,single_phase/seed0_0,8,2.017543859649123,1150,34,6.800000000000001,115,4,0,4,44,71,213.0,28.724386866041094
single_phase,single_phase/seed0_0,9,2.017543859649123,1150,20,4.0,115,5,1,4,44,71,88.0,29.14267706364653
single_phase,single_phase/seed0_0,10,2.017543859649123,1150,56,11.200000000000001,115,11,0,11,44,71,89.0,25.8683262348327
single_phase,single_phase/seed0_0,11,2.017543859649123,1150,0,0.0,115,0,0,0,44,71,,26.82610923318634
single_phase,single_phase/seed0_1,0,2.017543859649123,1150,34,6.800000000000001,115,5,0,5,44,71,160.4,20.832232610581567
single_phase,single_phase/seed0_1,1,2.017543859649123,1150,43,8.6,115,9,0,9,44,71,88.2,27.277251197718897
single_phase,single_phase/seed0_1,2,2.017543859649123,1150,19,3.8000000000000003,115,5,0,5,44,71,162.4,23.35212869607802
single_phase,single_phase/seed0_1,3,2.017543859649123,1150,37,7.4,115,6,1,5,44,71,88.0,24.744536115204316
single_phase,single_phase/seed0_1,4,2.017543859649123,1150,86,17.2,115,14,4,10,44,71,72.4,30.262755291423513
single_phase,single_phase/seed0_1,5,2.017543859649123,1150,71,14.200000000000001,115,8,5,3,44,71,78.2,27.032365519186214
single_phase,single_phase/seed0_1,6,2.017543859649123,1150,62,12.4,115,9,4,5,44,71,81.60000000000001,25.38092401895854
single_phase,single_phase/seed0_1,7,2.017543859649123,1150,0,0.0,115,0,0,0,44,71,,25.171758224759177
single_phase,single_phase/seed0_1,8,2.017543859649123,1150,34,6.800000000000001,115,5,0,5,44,71,88.2,26.085311618377883
single_phase,single_phase/seed0_1,9,2.017543859649123,1150,68,13.600000000000001,115,8,5,3,44,71,78.80000000000001,25.77418501560692
single_phase,single_phase/seed0_10,0,2.017543859649123,1150,34,6.800000000000001,115,5,0,5,44,71,160.4,20.832232610581567
single_phase,single_phase/seed0_10,1,2.017543859649123,1150,43,8.6,115,9,0,9,44,71,88.2,27.277251197718897
single_phase,single_phase/seed0_10,2,2.017543859649123,1150,19,3.8000000000000003,115,5,0,5,44,71,162.4,23.35212869607802
single_phase,single_phase/seed0_10,3,2.017543859649123,1150,37,7.4,115,6,1,5,44,71,88.0,24.744536115204316
single_phase,single_phase/seed0_10,4,2.017543859649123,1150,86,17.2,115,14,4,10,44,71,72.4,30.262755291423513
single_phase,single_phase/seed0_10,5,2.017543859649123,1150,0,0.0,115,0,0,0,44,71,,24.86075098774078
single_phase,single_phase/seed0_10,6,2.017543859649123,1150,63,12.600000000000001,115,9,0,9,44,71,213.0,24.002377393545597
single_phase,single_phase/seed0_10,7,2.017543859649123,1150,0,0.0,115,0,0,0,44,71,,21.589076446107537
single_phase,single_phase/seed0_10,8,2.017543859649123,1150,31,6.2,115,5,0,5,44,71,213.0,25.721688756061223
single_phase,single_phase/seed0_10,9,2.017543859649123,1150,25,5.0,115,7,0,7,44,71,213.20000000000002,23.19760066886041
single_phase,single_phase/seed0_10,10,2.017543859649123,1150,38,7.6000000000000005,115,9,0,9,44,71,164.20000000000002,21.07392692567069
single_phase,single_phase/seed0_10,11,2.017543859649123,1150,0,0.0,115,0,0,0,44,71,,21.608686450891128
single_phase,single_phase/seed0_11,0,2.017543859649123,1150,34,6.800000000000001,115,5,0,5,44,71,160.4,20.832232610581567
single_phase,single_phase/seed0_11,1,2.017543859649123,1150,43,8.6,115,9,0,9,44,71,88.2,27.277251197718897
single_phase,single_phase/seed0_11,2,2.017543859649123,1150,19,3.8000000000000003,115,5,0,5,44,71,162.4,23.35212869607802
single_phase,single_phase/seed0_11,3,2.017543859649123,1150,37,7.4,115,6,1,5,44,71,88.0,24.744536115204316
single_phase,single_phase/seed0_11,4,2.017543859649123,1150,86,17.2,115,14,4,10,44,71,72.4,30.262755291423513
single_phase,single_phase/seed0_11,5,2.017543859649123,1150,0,0.0,115,0,0,0,44,71,,25.61666932223575
single_phase,single_phase/seed0_11,6,2.017543859649123,1150,56,11.200000000000001,115,9,0,9,44,71,213.0,24.91118774264563
single_phase,single_phase/seed0_11,7,2.017543859649123,1150,0,0.0,115,0,0,0,44,71,,23.54025648970914
single_phase,single_phase/seed0_11,8,2.017543859649123,1150,29,5.800000000000001,115,5,0,5,44,71,213.20000000000002,24.385508628804963
single_phase,single_phase/seed0_11,9,2.017543859649123,1150,15,3.0,115,4,0,4,44,71,218.4,25.985252466169882
single_phase,single_phase/seed0_11,10,2.017543859649123,1150,46,9.200000000000001,115,9,0,9,44,71,163.4,24.306768255741165
single_phase,single_phase/seed0_12,0,2.017543859649123,1150,34,6.800000000000001,115,5,0,5,44,71,160.4,20.832232610581567
single_phase,single_phase/seed0_12,1,2.017543859649123,1150,43,8.6,115,9,0,9,44,71,88.2,27.277251197718897
single_phase,single_phase/seed0_12,2,2.017543859649123,1150,19,3.8000000000000003,115,5,0,5,44,71,162.4,23.35212869607802
single_phase,single_phase/seed0_12,3,2.017543859649123,1150,37,7.4,115,6,1,5,44,71,88.0,24.744536115204316
single_phase,single_phase/seed0_12,4,2.017543859649123,1150,86,17.2,115,14,4,10,44,71,72.4,30.262755291423513
single_phase,single_phase/seed0_12,5,2.017543859649123,1150,0,0.0,115,0,0,0,44,71,,28.787360253636646
single_phase,single_phase/seed0_12,6,2.017543859649123,1150,70,14.0,115,10,0,10,44,71,204.8,22.768284064483183
single_phase,single_phase/seed0_12,7,2.017543859649123,1150,0,0.0,115,0,0,0,44,71,,25.14275018004234
single_phase,single_phase/seed0_12,8,2.017543859649123,1150,35,7.0,115,4,0,4,44,71,213.0,27.869789426859217
single_phase,single_phase/seed0_15,0,5.111111111111111,1150,4,0.8,44,2,0,2,17,27,200.4,21.038724058116266
single_phase,single_phase/seed0_15,1,5.111111111111111,1150,34,6.800000000000001,44,3,2,1,17,27,60.400000000000006,29.02722073455681
single_phase,single_phase/seed0_15,2,5.111111111111111,1150,50,10.0,44,2,0,2,17,27,220.20000000000002,23.349159810425018
single_phase,single_phase/seed0_15,3,5.111111111111111,1150,47,9.4,44,2,0,2,17,27,219.0,23.732278938831424
single_phase,single_phase/seed0_15,4,5.111111111111111,1150,80,16.0,44,9,0,9,17,27,161.8,29.47857449003124
single_phase,single_phase/seed0_15,5,5.111111111111111,1150,0,0.0,44,0,0,0,17,27,,28.034084742657072
single_phase,single_phase/seed0_16,0,5.111111111111111,1150,28,5.6000000000000005,44,3,0,3,17,27,160.4,20.341971328431892
single_phase,single_phase/seed0_16,1,5.111111111111111,1150,55,11.0,44,4,1,3,17,27,88.2,28.22560188145895
single_phase,single_phase/seed0_16,2,5.111111111111111,1150,31,6.2,44,3,1,2,17,27,85.2,21.864727940142945
single_phase,single_phase/seed0_16,3,5.111111111111111,1150,62,12.4,44,3,2,1,17,27,78.80000000000001,22.39887009413329
single_phase,single_phase/seed0_16,4,5.111111111111111,1150,101,20.200000000000003,44,9,2,7,17,27,79.4,27.886880152828322
single_phase,single_phase/seed0_16,5,5.111111111111111,1150,0,0.0,44,0,0,0,17,27,,24.144844364752238
single_phase,single_phase/seed0_17,0,5.111111111111111,1150,28,5.6000000000000005,44,3,0,3,17,27,160.4,20.341971328431892
single_phase,single_phase/seed0_17,1,5.111111111111111,1150,55,11.0,44,4,1,3,17,27,88.2,28.22560188145895
single_phase,single_phase/seed0_17,2,5.111111111111111,1150,31,6.2,44,3,1,2,17,27,85.2,21.864727940142945
single_phase,single_phase/seed0_17,3,5.111111111111111,1150,62,12.4,44,3,2,1,17,27,78.80000000000001,22.39887009413329
single_phase,single_phase/seed0_17,4,5.111111111111111,1150,101,20.200000000000003,44,9,2,7,17,27,79.4,27.886880152828322
single_phase,single_phase/seed0_17,5,5.111111111111111,1150,75,15.0,44,5,3,2,17,27,78.0,27.321751062779118
single_phase,single_phase/seed0_2,0,2.017543859649123,1150,34,6.800000000000001,115,5,0,5,44,71,160.4,20.832232610581567
single_phase,single_phase/seed0_2,1,2.017543859649123,1150,43,8.6,115,9,0,9,44,71,88.2,27.277251197718897
single_phase,single_phase/seed0_2,2,2.017543859649123,1150,19,3.8000000000000003,115,5,0,5,44,71,162.4,23.35212869607802
single_phase,single_phase/seed0_2,3,2.017543859649123,1150,37,7.4,115,6,1,5,44,71,88.0,24.744536115204316
single_phase,single_phase/seed0_2,4,2.017543859649123,1150,86,17.2,115,14,4,10,44,71,72.4,30.262755291423513
single_phase,single_phase/seed0_2,5,2.017543859649123,1150,71,14.200000000000001,115,8,5,3,44,71,78.2,27.032365519186214
single_phase,single_phase/seed0_2,6,2.017543859649123,1150,62,12.4,115,9,4,5,44,71,81.60000000000001,25.38092401895854
single_phase,single_phase/seed0_2,7,2.017543859649123,1150,0,0.0,115,0,0,0,44,71,,25.171758224759177
single_phase,single_phase/seed0_2,8,2.017543859649123,1150,34,6.800000000000001,115,5,0,5,44,71,88.2,26.085311618377883
single_phase,single_phase/seed0_3,0,2.017543859649123,1150,34,6.800000000000001,115,5,0,5,44,71,160.4,20.832232610581567
single_phase,single_phase/seed0_3,1,2.017543859649123,1150,43,8.6,115,9,0,9,44,71,88.2,27.277251197718897
single_phase,single_phase/seed0_3,2,2.017543859649123,1150,19,3.8000000000000003,115,5,0,5,44,71,162.4,23.35212869607802
single_phase,single_phase/seed0_3,3,2.017543859649123,1150,37,7.4,115,6,1,5,44,71,88.0,24.744536115204316
single_phase,single_phase/seed0_3,4,2.017543859649123,1150,86,17.2,115,14,4,10,44,71,72.4,30.262755291423513
single_phase,single_phase/seed0_3,5,2.017543859649123,1150,0,0.0,115,0,0,0,44,71,,28.08173668309604
single_phase,single_phase/seed0_3,6,2.017543859649123,1150,62,12.4,115,9,0,9,44,71,213.0,26.96137254693522
single_phase,single_phase/seed0_3,7,2.017543859649123,1150,0,0.0,115,0,0,0,44,71,,24.976665813995723
single_phase,single_phase/seed0_3,8,2.017543859649123,1150,34,6.800000000000001,115,4,0,4,44,71,213.0,28.21192214059063
single_phase,single_phase/seed0_4,0,2.017543859649123,1150,34,6.800000000000001,115,5,0,5,44,71,160.4,20.832232610581567
single_phase,single_phase/seed0_4,1,2.017543859649123,1150,43,8.6,115,9,0,9,44,71,88.2,27.277251197718897
single_phase,single_phase/seed0_4,2,2.017543859649123,1150,19,3.8000000000000003,115,5,0,5,44,71,162.4,23.35212869607802
single_phase,single_phase/seed0_4,3,2.017543859649123,1150,37,7.4,115,6,1,5,44,71,88.0,24.744536115204316
single_phase,single_phase/seed0_4,4,2.017543859649123,1150,86,17.2,115,14,4,10,44,71,72.4,30.262755291423513
single_phase,single_phase/seed0_4,5,2.017543859649123,1150,0,0.0,115,0,0,0,44,71,,29.058588088185665
single_phase,single_phase/seed0_4,6,2.017543859649123,1150,65,13.0,115,9,0,9,44,71,213.0,26.83085795670101
single_phase,single_phase/seed0_4,7,2.017543859649123,1150,0,0.0,115,0,0,0,44,71,,24.252193630322846
single_phase,single_phase/seed0_4,8,2.017543859649123,1150,33,6.6000000000000005,115,4,0,4,44,71,213.0,28.03172636246362
single_phase,single_phase/seed0_5,0,2.017543859649123,1150,34,6.800000000000001,115,5,0,5,44,71,160.4,20.832232610581567
single_phase,single_phase/seed0_5,1,2.017543859649123,1150,43,8.6,115,9,0,9,44,71,88.2,27.277251197718897
single_phase,single_phase/seed0_5,2,2.017543859649123,1150,19,3.8000000000000003,115,5,0,5,44,71,162.4,23.35212869607802
single_phase,single_phase/seed0_5,3,2.017543859649123,1150,37,7.4,115,6,1,5,44,71,88.0,24.744536115204316
single_phase,single_phase/seed0_5,4,2.017543859649123,1150,86,17.2,115,14,4,10,44,71,72.4,30.262755291423513
single_phase,single_phase/seed0_5,5,2.017543859649123,1150,0,0.0,115,0,0,0,44,71,,27.470359323765756
single_phase,single_phase/seed0_5,6,2.017543859649123,1150,58,11.600000000000001,115,7,5,2,44,71,80.0,26.582392232717133
single_phase,single_phase/seed0_5,7,2.017543859649123,1150,0,0.0,115,0,0,0,44,71,,26.76440792299066
single_phase,single_phase/seed0_5,8,2.017543859649123,1150,26,5.2,115,4,0,4,44,71,213.20000000000002,30.3999869919168
single_phase,single_phase/seed0_6,0,2.017543859649123,1150,34,6.800000000000001,115,5,0,5,44,71,160.4,20.832232610581567
single_phase,single_phase/seed0_6,1,2.017543859649123,1150,43,8.6,115,9,0,9,44,71,88.2,27.277251197718897
single_phase,single_phase/seed0_6,2,2.017543859649123,1150,19,3.8000000000000003,115,5,0,5,44,71,162.4,23.35212869607802
single_phase,single_phase/seed0_6,3,2.017543859649123,1150,37,7.4,115,6,1,5,44,71,88.0,24.744536115204316
single_phase,single_phase/seed0_6,4,2.017543859649123,1150,86,17.2,115,14,4,10,44,71,72.4,30.262755291423513
single_phase,single_phase/seed0_6,5,2.017543859649123,1150,0,0.0,115,0,0,0,44,71,,22.753163879093577
single_phase,single_phase/seed0_6,6,2.017543859649123,1150,68,13.600000000000001,115,10,0,10,44,71,204.60000000000002,22.205592467806518
single_phase,single_phase/seed0_6,7,2.017543859649123,1150,0,0.0,115,0,0,0,44,71,,20.596117435135117
single_phase,single_phase/seed0_6,8,2.017543859649123,1150,49,9.8,115,10,1,9,44,71,86.60000000000001,27.880315937335293
single_phase,single_phase/seed0_7,0,25.555555555555557,1150,17,3.4000000000000004,8,2,0,2,3,5,87.80000000000001,22.020130906264306
single_phase,single_phase/seed0_7,1,25.555555555555557,1150,41,8.200000000000001,8,1,0,1,3,5,82.60000000000001,27.789789118501364
single_phase,single_phase/seed0_7,2,25.555555555555557,1150,2,0.4,8,1,0,1,3,5,160.4,23.626208900014635
single_phase,single_phase/seed0_7,3,25.555555555555557,1150,55,11.0,8,4,0,4,3,5,84.0,25.65343800750793
single_phase,single_phase/seed0_7,4,25.555555555555557,1150,41,8.200000000000001,8,1,0,1,3,5,87.60000000000001,31.047160352185387
single_phase,single_phase/seed0_7,5,25.555555555555557,1150,0,0.0,8,0,0,0,3,5,,26.78281774415532
single_phase,single_phase/seed0_7,6,25.555555555555557,1150,71,14.200000000000001,8,0,0,0,3,5,205.0,23.305142321905517
single_phase,single_phase/seed0_7,7,25.555555555555557,1150,0,0.0,8,0,0,0,3,5,,22.135920998218857
single_phase,single_phase/seed0_7,8,25.555555555555557,1150,32,6.4,8,0,0,0,3,5,213.0,25.273908744167404
single_phase,single_phase/seed0_7,9,25.555555555555557,1150,20,4.0,8,0,0,0,3,5,218.4,26.32504364769979
single_phase,single_phase/seed0_7,10,25.555555555555557,1150,50,10.0,8,1,0,1,3,5,163.60000000000002,23.773938228233433
single_phase,single_phase/seed0_8,0,2.017543859649123,1150,34,6.800000000000001,115,5,0,5,44,71,160.4,20.832232610581567
single_phase,single_phase/seed0_8,1,2.017543859649123,1150,43,8.6,115,9,0,9,44,71,88.2,27.277251197718897
single_phase,single_phase/seed0_8,2,2.017543859649123,1150,19,3.8000000000000003,115,5,0,5,44,71,162.4,23.35212869607802
single_phase,single_phase/seed0_8,3,2.017543859649123,1150,37,7.4,115,6,1,5,44,71,88.0,24.744536115204316
single_phase,single_phase/seed0_8,4,2.017543859649123,1150,86,17.2,115,14,4,10,44,71,72.4,30.262755291423513
single_phase,single_phase/seed0_8,5,2.017543859649123,1150,0,0.0,115,0,0,0,44,71,,28.856719405491564
single_phase,single_phase/seed0_8,6,2.017543859649123,1150,63,12.600000000000001,115,9,0,9,44,71,213.0,26.101050718951
single_phase,single_phase/seed0_8,7,2.017543859649123,1150,0,0.0,115,0,0,0,44,71,,23.89372918185006
single_phase,single_phase/seed0_8,8,2.017543859649123,1150,19,3.8000000000000003,115,4,0,4,44,71,213.0,24.603829455574914
single_phase,single_phase/seed0_8,9,2.017543859649123,1150,23,4.6000000000000005,115,7,0,7,44,71,213.0,25.77786128746139
single_phase,single_phase/seed0_8,10,2.017543859649123,1150,57,11.4,115,8,0,8,44,71,207.8,21.4392438875158
single_phase,single_phase/seed0_9,0,4.181818181818182,1150,31,6.2,54,6,0,6,21,33,184.20000000000002,20.91985165563251
single_phase,single_phase/seed0_9,1,4.181818181818182,1150,25,5.0,54,4,0,4,21,33,88.4,28.476608823708165
single_phase,single_phase/seed0_9,2,4.181818181818182,1150,17,3.4000000000000004,54,3,0,3,21,33,164.0,23.394565780291032
single_phase,single_phase/seed0_9,3,4.181818181818182,1150,29,5.800000000000001,54,1,0,1,21,33,164.0,25.123884340682455
single_phase,single_phase/seed0_9,4,4.181818181818182,1150,50,10.0,54,6,1,5,21,33,86.2,31.115850941422014
single_phase,single_phase/seed0_9,5,4.181818181818182,1150,0,0.0,54,0,0,0,21,33,,29.653797749151746
single_phase,single_phase/seed0_9,6,4.181818181818182,1150,61,12.200000000000001,54,4,0,4,21,33,213.0,27.266867898944987
single_phase,single_phase/seed0_9,7,4.181818181818182,1150,0,0.0,54,0,0,0,21,33,,25.76239921292037
single_phase,single_phase/seed0_9,8,4.181818181818182,1150,33,6.6000000000000005,54,2,0,2,21,33,213.0,29.178295404758106
single_phase,single_phase/seed0_9,9,4.181818181818182,1150,17,3.4000000000000004,54,3,0,3,21,33,89.4,29.468726116404746
single_phase,single_phase/seed1,0,2.017543859649123,1150,22,4.4,115,6,0,6,44,71,160.4,27.840468300757507
single_phase,single_phase/seed1,1,2.017543859649123,1150,0,0.0,115,0,0,0,44,71,,26.793839849719554
single_phase,single_phase/seed1,2,2.017543859649123,1150,18,3.6,115,4,0,4,44,71,162.4,25.273125225091107
single_phase,single_phase/seed1,3,2.017543859649123,1150,31,6.2,115,5,0,5,44,71,164.4,22.821286831418856
single_phase,single_phase/seed1,4,2.017543859649123,1150,51,10.200000000000001,115,10,1,9,44,71,25.0,25.100463445719736
single_phase,single_phase/seed1,5,2.017543859649123,1150,57,11.4,115,7,4,3,44,71,80.80000000000001,26.789770775183836
single_phase,single_phase/seed1,6,2.017543859649123,1150,106,21.200000000000003,115,13,7,6,44,71,74.60000000000001,23.39492382424923
single_phase,single_phase/seed1,7,2.017543859649123,1150,63,12.600000000000001,115,7,5,2,44,71,78.60000000000001,26.289585191809376
single_phase,single_phase/seed1,8,2.017543859649123,1150,0,0.0,115,0,0,0,44,71,,18.811694981207886
single_phase,single_phase/seed1,9,2.017543859649123,1150,5,1.0,115,2,0,2,44,71,228.0,20.91681821499621
single_phase,single_phase/seed1,10,2.017543859649123,1150,7,1.4000000000000001,115,1,0,1,44,71,222.4,21.502354064863063
single_phase,single_phase/seed1,11,2.017543859649123,1150,23,4.6000000000000005,115,5,0,5,44,71,213.20000000000002,22.5359981364704
single_phase,single_phase/seed13_0,0,5.111111111111111,1150,21,4.2,44,3,0,3,17,27,160.4,23.139612690331482
single_phase,single_phase/seed13_0,1,5.111111111111111,1150,61,12.200000000000001,44,6,1,5,17,27,87.4,26.24853874276101
single_phase,single_phase/seed13_0,2,5.111111111111111,1150,133,26.6,44,9,3,6,17,27,74.2,28.396575426537446
single_phase,single_phase/seed13_0,3,5.111111111111111,1150,3,0.6000000000000001,44,1,0,1,17,27,200.4,23.005958924043124
single_phase,single_phase/seed13_0,4,5.111111111111111,1150,41,8.200000000000001,44,3,0,3,17,27,180.4,26.367003217776254
single_phase,single_phase/seed13_0,5,5.111111111111111,1150,809,161.8,44,31,4,27,17,27,68.0,3.76401747850364
single_phase,single_phase/seed13_0,6,5.111111111111111,1150,753,150.6,44,31,4,27,17,27,72.4,3.973490486697372
single_phase,single_phase/seed13_0,7,5.111111111111111,1150,717,143.4,44,30,4,26,17,27,72.4,4.86045997580869
single_phase,single_phase/seed13_0,8,5.111111111111111,1150,805,161.0,44,31,4,27,17,27,68.60000000000001,3.272275741816501
single_phase,single_phase/seed13_0,9,5.111111111111111,1150,168,33.6,44,7,4,3,17,27,68.4,26.259097354391223
single_phase,single_phase/seed13_0,10,5.111111111111111,1150,71,14.200000000000001,44,4,2,2,17,27,79.2,24.21430170041929
single_phase,single_phase/seed13_0,11,5.111111111111111,1150,0,0.0,44,0,0,0,17,27,,25.288884371140078
single_phase,single_phase/seed13_0,12,5.111111111111111,1150,93,18.6,44,6,3,3,17,27,77.2,24.359442812595276
single_phase,single_phase/seed13_0,13,5.111111111111111,1150,92,18.400000000000002,44,4,3,1,17,27,73.0,23.56311905295975
single_phase,single_phase/seed13_0,14,5.111111111111111,1150,32,6.4,44,2,1,1,17,27,83.4,26.666003612461743
single_phase,single_phase/seed13_0,15,5.111111111111111,1150,120,24.0,44,5,4,1,17,27,69.2,25.944487658269523
single_phase,single_phase/seed13_1,0,5.111111111111111,1150,21,4.2,44,3,0,3,17,27,160.4,23.139612690331482
single_phase,single_phase/seed13_1,1,5.111111111111111,1150,61,12.200000000000001,44,6,1,5,17,27,87.4,26.24853874276101
single_phase,single_phase/seed13_1,2,5.111111111111111,1150,133,26.6,44,9,3,6,17,27,74.2,28.396575426537446
single_phase,single_phase/seed13_1,3,5.111111111111111,1150,3,0.6000000000000001,44,1,0,1,17,27,200.4,23.005958924043124
single_phase,single_phase/seed13_1,4,5.111111111111111,1150,41,8.200000000000001,44,3,0,3,17,27,180.4,26.367003217776254
single_phase,single_phase/seed13_1,5,5.111111111111111,1150,807,161.4,44,31,4,27,17,27,68.2,3.7649582922557907
single_phase,single_phase/seed13_1,6,5.111111111111111,1150,753,150.6,44,31,4,27,17,27,72.4,3.973490487129931
single_phase,single_phase/seed13_1,7,5.111111111111111,1150,120,24.0,44,8,4,4,17,27,72.4,23.95626070802999
single_phase,single_phase/seed13_1,8,5.111111111111111,1150,808,161.60000000000002,44,31,4,27,17,27,68.60000000000001,3.3650546937440295
single_phase,single_phase/seed13_1,9,5.111111111111111,1150,68,13.600000000000001,44,5,0,5,17,27,205.4,27.650487563503663
single_phase,single_phase/seed13_1,10,5.111111111111111,1150,39,7.800000000000001,44,2,0,2,17,27,222.0,26.05665932353349
single_phase,single_phase/seed13_1,11,5.111111111111111,1150,70,14.0,44,5,0,5,17,27,205.20000000000002,29.208460671948124
single_phase,single_phase/seed13_1,12,5.111111111111111,1150,0,0.0,44,0,0,0,17,27,,28.84591940033379
single_phase,single_phase/seed13_1,13,5.111111111111111,1150,94,18.8,44,7,0,7,17,27,160.60000000000002,24.707809894448605
single_phase,single_phase/seed13_1,14,5.111111111111111,1150,0,0.0,44,0,0,0,17,27,,29.633642975637514
single_phase,single_phase/seed13_1,15,5.111111111111111,1150,79,15.8,44,6,0,6,17,27,200.20000000000002,25.434193291091784
single_phase,single_phase/seed13_2,0,5.111111111111111,1150,21,4.2,44,3,0,3,17,27,160.4,23.139612690331482
single_phase,single_phase/seed13_2,1,5.111111111111111,1150,61,12.200000000000001,44,6,1,5,17,27,87.4,26.24853874276101
single_phase,single_phase/seed13_2,2,5.111111111111111,1150,133,26.6,44,9,3,6,17,27,74.2,28.396575426537446
single_phase,single_phase/seed13_2,3,5.111111111111111,1150,3,0.6000000000000001,44,1,0,1,17,27,200.4,23.005958924043124
single_phase,single_phase/seed13_2,4,5.111111111111111,1150,41,8.200000000000001,44,3,0,3,17,27,180.4,26.367003217776254
single_phase,single_phase/seed13_2,5,5.111111111111111,1150,808,161.60000000000002,44,31,4,27,17,27,68.2,3.7410548901056453
single_phase,single_phase/seed13_2,6,5.111111111111111,1150,753,150.6,44,31,4,27,17,27,72.4,3.97349058485899
single_phase,single_phase/seed13_2,7,5.111111111111111,1150,109,21.8,44,6,3,3,17,27,73.0,23.974097733954206
single_phase,single_phase/seed13_2,8,5.111111111111111,1150,118,23.6,44,5,4,1,17,27,68.8,26.693453312521676
single_phase,single_phase/seed13_2,9,5.111111111111111,1150,153,30.6,44,7,4,3,17,27,68.60000000000001,27.35573724388941
single_phase,single_phase/seed13_2,10,5.111111111111111,1150,69,13.8,44,4,2,2,17,27,79.2,26.00869620553556
single_phase,single_phase/seed13_2,11,5.111111111111111,1150,25,5.0,44,3,2,1,17,27,32.2,26.556623676736397
single_phase,single_phase/seed13_2,12,5.111111111111111,1150,81,16.2,44,4,3,1,17,27,76.80000000000001,28.01364333760693
single_phase,single_phase/seed13_2,13,5.111111111111111,1150,110,22.0,44,5,4,1,17,27,71.0,25.399294418057796
single_phase,single_phase/seed13_2,14,5.111111111111111,1150,77,15.4,44,4,3,1,17,27,75.2,30.009051514518
single_phase,single_phase/seed13_2,15,5.111111111111111,1150,105,21.0,44,5,4,1,17,27,70.4,26.095330184467812
single_phase,single_phase/seed13_3,0,5.111111111111111,1150,21,4.2,44,3,0,3,17,27,160.4,23.139612690331482
single_phase,single_phase/seed13_3,1,5.111111111111111,1150,61,12.200000000000001,44,6,1,5,17,27,87.4,26.24853874276101
single_phase,single_phase/seed13_3,2,5.111111111111111,1150,133,26.6,44,9,3,6,17,27,74.2,28.396575426537446
single_phase,single_phase/seed13_3,3,5.111111111111111,1150,3,0.6000000000000001,44,1,0,1,17,27,200.4,23.005958924043124
single_phase,single_phase/seed13_3,4,5.111111111111111,1150,41,8.200000000000001,44,3,0,3,17,27,180.4,26.367003217776254
single_phase,single_phase/seed13_3,5,5.111111111111111,1150,809,161.8,44,31,4,27,17,27,68.0,3.7619751646094057
single_phase,single_phase/seed13_3,6,5.111111111111111,1150,753,150.6,44,31,4,27,17,27,72.4,3.973490533959142
single_phase,single_phase/seed13_3,7,5.111111111111111,1150,109,21.8,44,7,4,3,17,27,72.4,23.814892418983174
single_phase,single_phase/seed13_3,8,5.111111111111111,1150,123,24.6,44,6,4,2,17,27,68.60000000000001,27.428004267982043
single_phase,single_phase/seed13_3,9,5.111111111111111,1150,128,25.6,44,8,4,4,17,27,69.8,27.935584779720426
single_phase,single_phase/seed13_3,10,5.111111111111111,1150,55,11.0,44,4,1,3,17,27,86.4,26.18631679070051
single_phase,single_phase/seed13_3,11,5.111111111111111,1150,68,13.600000000000001,44,5,2,3,17,27,81.0,26.782494899033537
single_phase,single_phase/seed13_3,12,5.111111111111111,1150,111,22.200000000000003,44,7,2,5,17,27,79.80000000000001,23.693972635543098
single_phase,single_phase/seed13_3,13,5.111111111111111,1150,97,19.400000000000002,44,6,3,3,17,27,76.80000000000001,25.315398158034494
single_phase,single_phase/seed13_3,14,5.111111111111111,1150,72,14.4,44,4,3,1,17,27,76.80000000000001,26.63868313223288
single_phase,single_phase/seed13_3,15,5.111111111111111,1150,118,23.6,44,6,3,3,17,27,74.0,25.607148538129366
single_phase,single_phase/seed13_4,0,5.111111111111111,1150,21,4.2,44,3,0,3,17,27,160.4,23.139612690331482
single_phase,single_phase/seed13_4,1,5.111111111111111,1150,61,12.200000000000001,44,6,1,5,17,27,87.4,26.24853874276101
single_phase,single_phase/seed13_4,2,5.111111111111111,1150,133,26.6,44,9,3,6,17,27,74.2,28.396575426537446
single_phase,single_phase/seed13_4,3,5.111111111111111,1150,3,0.6000000000000001,44,1,0,1,17,27,200.4,23.005958924043124
single_phase,single_phase/seed13_4,4,5.111111111111111,1150,41,8.200000000000001,44,3,0,3,17,27,180.4,26.367003217776254
single_phase,single_phase/seed13_4,5,5.111111111111111,1150,809,161.8,44,31,4,27,17,27,68.0,3.7488705548071697
single_phase,single_phase/seed13_4,6,5.111111111111111,1150,112,22.400000000000002,44,7,4,3,17,27,72.8,25.114670398218514
single_phase,single_phase/seed13_4,7,5.111111111111111,1150,116,23.200000000000003,44,7,4,3,17,27,72.4,24.928299544334998
single_phase,single_phase/seed13_4,8,5.111111111111111,1150,119,23.8,44,5,4,1,17,27,68.8,24.226911568731182
single_phase,single_phase/seed13_4,9,5.111111111111111,1150,101,20.200000000000003,44,5,3,2,17,27,73.2,24.895763369251068
single_phase,single_phase/seed13_4,10,5.111111111111111,1150,51,10.200000000000001,44,3,0,3,17,27,89.4,28.052511007346716
single_phase,single_phase/seed13_4,11,5.111111111111111,1150,23,4.6000000000000005,44,4,0,4,17,27,205.4,28.361678830382967
single_phase,single_phase/seed13_4,12,5.111111111111111,1150,0,0.0,44,0,0,0,17,27,,25.545502743166562
single_phase,single_phase/seed13_4,13,5.111111111111111,1150,106,21.200000000000003,44,7,0,7,17,27,160.20000000000002,24.440550090979276
single_phase,single_phase/seed13_4,14,5.111111111111111,1150,0,0.0,44,0,0,0,17,27,,29.01553483931706
single_phase,single_phase/seed13_4,15,5.111111111111111,1150,17,3.4000000000000004,44,2,0,2,17,27,165.0,25.070069939761712
single_phase,single_phase/seed14_0,0,5.111111111111111,1150,16,3.2,44,2,0,2,17,27,160.4,29.997386620664415
single_phase,single_phase/seed14_0,1,5.111111111111111,1150,169,33.800000000000004,44,10,2,8,17,27,81.4,23.65111099448234
single_phase,single_phase/seed14_0,2,5.111111111111111,1150,56,11.200000000000001,44,5,0,5,17,27,160.4,28.330509960538716
single_phase,single_phase/seed14_0,3,5.111111111111111,1150,44,8.8,44,5,1,4,17,27,40.400000000000006,27.533162285008114
single_phase,single_phase/seed14_0,4,5.111111111111111,1150,25,5.0,44,3,0,3,17,27,160.20000000000002,21.67254863737846
single_phase,single_phase/seed14_0,5,5.111111111111111,1150,21,4.2,44,2,0,2,17,27,100.4,28.559286047633606
single_phase,single_phase/seed14_0,6,5.111111111111111,1150,0,0.0,44,0,0,0,17,27,,22.053618236482183
single_phase,single_phase/seed14_0,7,5.111111111111111,1150,27,5.4,44,2,0,2,17,27,163.4,27.51323979414038
single_phase,single_phase/seed14_0,8,5.111111111111111,1150,661,132.20000000000002,44,28,2,26,17,27,79.0,4.4587855291800285
single_phase,single_phase/seed14_0,9,5.111111111111111,1150,0,0.0,44,0,0,0,17,27,,27.206308907279702
single_phase,single_phase/seed14_0,10,5.111111111111111,1150,0,0.0,44,0,0,0,17,27,,24.020841298257817
single_phase,single_phase/seed14_0,11,5.111111111111111,1150,37,7.4,44,4,0,4,17,27,213.0,27.156530319146256
single_phase,single_phase/seed14_0,12,5.111111111111111,1150,17,3.4000000000000004,44,3,0,3,17,27,206.20000000000002,25.971340403343387
single_phase,single_phase/seed14_0,13,5.111111111111111,1150,69,13.8,44,4,0,4,17,27,200.20000000000002,24.254163862889303
single_phase,single_phase/seed14_0,14,5.111111111111111,1150,17,3.4000000000000004,44,2,0,2,17,27,222.0,26.674061737122415
single_phase,single_phase/seed14_0,15,5.111111111111111,1150,18,3.6,44,2,0,2,17,27,216.20000000000002,22.80878229967923
single_phase,single_phase/seed14_1,0,5.111111111111111,1150,16,3.2,44,2,0,2,17,27,160.4,29.997386620664415
single_phase,single_phase/seed14_1,1,5.111111111111111,1150,169,33.800000000000004,44,10,2,8,17,27,81.4,23.65111099448234
single_phase,single_phase/seed14_1,2,5.111111111111111,1150,56,11.200000000000001,44,5,0,5,17,27,160.4,28.330509960538716
single_phase,single_phase/seed14_1,3,5.111111111111111,1150,44,8.8,44,5,1,4,17,27,40.400000000000006,27.533162285008114
single_phase,single_phase/seed14_1,4,5.111111111111111,1150,25,5.0,44,3,0,3,17,27,160.20000000000002,21.67254863737846
single_phase,single_phase/seed14_1,5,5.111111111111111,1150,21,4.2,44,2,0,2,17,27,100.4,28.574532031580475
single_phase,single_phase/seed14_1,6,5.111111111111111,1150,0,0.0,44,0,0,0,17,27,,22.162992551884685
single_phase,single_phase/seed14_1,7,5.111111111111111,1150,15,3.0,44,1,0,1,17,27,162.20000000000002,29.259987092384954
single_phase,single_phase/seed14_1,8,5.111111111111111,1150,28,5.6000000000000005,44,3,0,3,17,27,165.20000000000002,28.443570652185446
single_phase,single_phase/seed14_1,9,5.111111111111111,1150,0,0.0,44,0,0,0,17,27,,25.822401086297646
single_phase,single_phase/seed14_1,10,5.111111111111111,1150,0,0.0,44,0,0,0,17,27,,24.477789415005816
single_phase,single_phase/seed14_1,11,5.111111111111111,1150,0,0.0,44,0,0,0,17,27,,26.635961715504063
single_phase,single_phase/seed14_1,12,5.111111111111111,1150,647,129.4,44,28,2,26,17,27,78.80000000000001,5.98521648734243
single_phase,single_phase/seed14_1,13,5.111111111111111,1150,64,12.8,44,5,2,3,17,27,79.4,24.847938413080353
single_phase,single_phase/seed14_1,14,5.111111111111111,1150,156,31.200000000000003,44,9,3,6,17,27,74.2,23.16628387585232
single_phase,single_phase/seed14_1,15,5.111111111111111,1150,97,19.400000000000002,44,7,2,5,17,27,79.0,23.108859794147808
single_phase,single_phase/seed14_2,0,5.111111111111111,1150,16,3.2,44,2,0,2,17,27,160.4,29.997386620664415
single_phase,single_phase/seed14_2,1,5.111111111111111,1150,169,33.800000000000004,44,10,2,8,17,27,81.4,23.65111099448234
single_phase,single_phase/seed14_2,2,5.111111111111111,1150,56,11.200000000000001,44,5,0,5,17,27,160.4,28.330509960538716
single_phase,single_phase/seed14_2,3,5.111111111111111,1150,44,8.8,44,5,1,4,17,27,40.400000000000006,27.533162285008114
single_phase,single_phase/seed14_2,4,5.111111111111111,1150,25,5.0,44,3,0,3,17,27,160.20000000000002,21.67254863737846
single_phase,single_phase/seed14_2,5,5.111111111111111,1150,12,2.4000000000000004,44,1,0,1,17,27,163.0,29.233812735395205
single_phase,single_phase/seed14_2,6,5.111111111111111,1150,55,11.0,44,3,2,1,17,27,80.2,23.633286330681653
single_phase,single_phase/seed14_2,7,5.111111111111111,1150,497,99.4,44,22,4,18,17,27,72.4,18.866110569143697
single_phase,single_phase/seed14_2,8,5.111111111111111,1150,56,11.200000000000001,44,5,1,4,17,27,87.80000000000001,27.189407404436427
single_phase,single_phase/seed14_2,9,5.111111111111111,1150,0,0.0,44,0,0,0,17,27,,25.784294712389382
single_phase,single_phase/seed14_2,10,5.111111111111111,1150,0,0.0,44,0,0,0,17,27,,26.012338408575566
single_phase,single_phase/seed14_2,11,5.111111111111111,1150,50,10.0,44,4,0,4,17,27,213.0,26.59209545245509
single_phase,single_phase/seed14_2,12,5.111111111111111,1150,18,3.6,44,3,0,3,17,27,206.60000000000002,25.317463676217244
single_phase,single_phase/seed14_2,13,5.111111111111111,1150,29,5.800000000000001,44,3,0,3,17,27,200.20000000000002,24.957890880454134
single_phase,single_phase/seed14_2,14,5.111111111111111,1150,25,5.0,44,3,0,3,17,27,162.4,26.157720752385035
single_phase,single_phase/seed14_2,15,5.111111111111111,1150,34,6.800000000000001,44,5,0,5,17,27,165.20000000000002,22.3977880449824
single_phase,single_phase/seed14_3,0,5.111111111111111,1150,16,3.2,44,2,0,2,17,27,160.4,29.997386620664415
single_phase,single_phase/seed14_3,1,5.111111111111111,1150,169,33.800000000000004,44,10,2,8,17,27,81.4,23.65111099448234
single_phase,single_phase/seed14_3,2,5.111111111111111,1150,56,11.200000000000001,44,5,0,5,17,27,160.4,28.330509960538716
single_phase,single_phase/seed14_3,3,5.111111111111111,1150,44,8.8,44,5,1,4,17,27,40.400000000000006,27.533162285008114
single_phase,single_phase/seed14_3,4,5.111111111111111,1150,25,5.0,44,3,0,3,17,27,160.20000000000002,21.67254863737846
single_phase,single_phase/seed14_3,5,5.111111111111111,1150,13,2.6,44,1,0,1,17,27,163.20000000000002,29.26219956427802
single_phase,single_phase/seed14_3,6,5.111111111111111,1150,49,9.8,44,4,2,2,17,27,82.0,22.819269765424945
single_phase,single_phase/seed14_3,7,5.111111111111111,1150,18,3.6,44,2,0,2,17,27,164.0,28.970681554240574
single_phase,single_phase/seed14_3,8,5.111111111111111,1150,41,8.200000000000001,44,3,0,3,17,27,161.20000000000002,28.131457617737667
single_phase,single_phase/seed14_3,9,5.111111111111111,1150,60,12.0,44,3,2,1,17,27,79.0,26.386724263775086
single_phase,single_phase/seed14_3,10,5.111111111111111,1150,102,20.400000000000002,44,5,4,1,17,27,72.0,24.63805376309251
single_phase,single_phase/seed14_3,11,5.111111111111111,1150,107,21.400000000000002,44,6,3,3,17,27,74.8,26.81745815957279
single_phase,single_phase/seed14_3,12,5.111111111111111,1150,11,2.2,44,3,0,3,17,27,206.4,19.477704080461013
single_phase,single_phase/seed14_3,13,5.111111111111111,1150,43,8.6,44,4,0,4,17,27,200.0,19.666207960353052
single_phase,single_phase/seed14_3,14,5.111111111111111,1150,3,0.6000000000000001,44,1,0,1,17,27,221.60000000000002,20.378738846920598
single_phase,single_phase/seed14_3,15,5.111111111111111,1150,19,3.8000000000000003,44,4,0,4,17,27,165.4,17.732587160624682
single_phase,single_phase/seed14_4,0,5.111111111111111,1150,16,3.2,44,2,0,2,17,27,160.4,29.997386620664415
single_phase,single_phase/seed14_4,1,5.111111111111111,1150,169,33.800000000000004,44,10,2,8,17,27,81.4,23.65111099448234
single_phase,single_phase/seed14_4,2,5.111111111111111,1150,56,11.200000000000001,44,5,0,5,17,27,160.4,28.330509960538716
single_phase,single_phase/seed14_4,3,5.111111111111111,1150,44,8.8,44,5,1,4,17,27,40.400000000000006,27.533162285008114
single_phase,single_phase/seed14_4,4,5.111111111111111,1150,25,5.0,44,3,0,3,17,27,160.20000000000002,21.67254863737846
single_phase,single_phase/seed14_4,5,5.111111111111111,1150,14,2.8000000000000003,44,1,0,1,17,27,163.0,29.24440980421721
single_phase,single_phase/seed14_4,6,5.111111111111111,1150,0,0.0,44,0,0,0,17,27,,25.39423097384431
single_phase,single_phase/seed14_4,7,5.111111111111111,1150,24,4.800000000000001,44,2,0,2,17,27,162.20000000000002,29.300857313885768
single_phase,single_phase/seed14_4,8,5.111111111111111,1150,43,8.6,44,3,0,3,17,27,161.4,28.2674816587209
single_phase,single_phase/seed14_4,9,5.111111111111111,1150,0,0.0,44,0,0,0,17,27,,27.004683924982555
single_phase,single_phase/seed14_4,10,5.111111111111111,1150,0,0.0,44,0,0,0,17,27,,24.91663381290028
single_phase,single_phase/seed14_4,11,5.111111111111111,1150,27,5.4,44,4,0,4,17,27,213.20000000000002,28.40071090032133
single_phase,single_phase/seed14_4,12,5.111111111111111,1150,16,3.2,44,2,0,2,17,27,206.20000000000002,26.540712865732242
single_phase,single_phase/seed14_4,13,5.111111111111111,1150,37,7.4,44,4,0,4,17,27,200.4,25.81716743675884
single_phase,single_phase/seed14_4,14,5.111111111111111,1150,9,1.8,44,3,1,2,17,27,88.0,26.303735614488097
single_phase,single_phase/seed14_4,15,5.111111111111111,1150,73,14.600000000000001,44,4,3,1,17,27,77.80000000000001,21.032200195645768
single_phase,single_phase/seed1_1,0,4.181818181818182,1150,23,4.6000000000000005,54,3,0,3,21,33,168.20000000000002,27.13522543663799
single_phase,single_phase/seed1_1,1,4.181818181818182,1150,39,7.800000000000001,54,5,0,5,21,33,164.0,26.04379187180074
single_phase,single_phase/seed1_1,2,4.181818181818182,1150,13,2.6,54,3,0,3,21,33,204.20000000000002,25.115427735295278
single_phase,single_phase/seed1_1,3,4.181818181818182,1150,14,2.8000000000000003,54,2,0,2,21,33,213.0,22.660359982088337
single_phase,single_phase/seed1_1,4,4.181818181818182,1150,78,15.600000000000001,54,11,2,9,21,33,25.0,24.165015248598248
single_phase,single_phase/seed1_1,5,4.181818181818182,1150,25,5.0,54,3,0,3,21,33,213.20000000000002,29.454918308867374
single_phase,single_phase/seed1_1,6,4.181818181818182,1150,3,0.6000000000000001,54,1,0,1,21,33,203.0,25.440612611539887
single_phase,single_phase/seed1_1,7,4.181818181818182,1150,44,8.8,54,2,0,2,21,33,219.0,24.127025166516354
single_phase,single_phase/seed1_1,8,4.181818181818182,1150,0,0.0,54,0,0,0,21,33,,20.662281304246385
single_phase,single_phase/seed1_1,9,4.181818181818182,1150,18,3.6,54,2,0,2,21,33,160.20000000000002,23.455518413540347
single_phase,single_phase/seed1_10,0,5.111111111111111,1150,0,0.0,44,0,0,0,17,27,,28.843364862621065
single_phase,single_phase/seed1_10,1,5.111111111111111,1150,0,0.0,44,0,0,0,17,27,,26.82624817340246
single_phase,single_phase/seed1_10,2,5.111111111111111,1150,0,0.0,44,0,0,0,17,27,,25.936765680555357
single_phase,single_phase/seed1_10,3,5.111111111111111,1150,4,0.8,44,1,0,1,17,27,216.0,23.42883887263294
single_phase,single_phase/seed1_10,4,5.111111111111111,1150,3,0.6000000000000001,44,1,1,0,17,27,25.0,26.62191830153
single_phase,single_phase/seed1_10,5,5.111111111111111,1150,24,4.800000000000001,44,3,0,3,17,27,213.20000000000002,28.882958595095946
single_phase,single_phase/seed1_10,6,5.111111111111111,1150,4,0.8,44,2,0,2,17,27,202.8,25.24597169462964
single_phase,single_phase/seed1_11,0,5.111111111111111,1150,0,0.0,44,0,0,0,17,27,,28.843364862621065
single_phase,single_phase/seed1_11,1,5.111111111111111,1150,0,0.0,44,0,0,0,17,27,,26.82624817340246
single_phase,single_phase/seed1_11,2,5.111111111111111,1150,0,0.0,44,0,0,0,17,27,,25.936765680555357
single_phase,single_phase/seed1_11,3,5.111111111111111,1150,4,0.8,44,1,0,1,17,27,216.0,23.42883887263294
single_phase,single_phase/seed1_11,4,5.111111111111111,1150,3,0.6000000000000001,44,1,1,0,17,27,25.0,26.62191830153
single_phase,single_phase/seed1_11,5,5.111111111111111,1150,24,4.800000000000001,44,3,0,3,17,27,213.20000000000002,28.882958595095946
single_phase,single_phase/seed1_11,6,5.111111111111111,1150,4,0.8,44,2,0,2,17,27,202.8,25.24597169462964
single_phase,single_phase/seed1_11,7,5.111111111111111,1150,31,6.2,44,2,0,2,17,27,220.8,27.09311122276532
single_phase,single_phase/seed1_11,8,5.111111111111111,1150,0,0.0,44,0,0,0,17,27,,23.460788036132524
single_phase,single_phase/seed1_2,0,4.181818181818182,1150,23,4.6000000000000005,54,3,0,3,21,33,168.20000000000002,27.13522543663799
single_phase,single_phase/seed1_2,1,4.181818181818182,1150,39,7.800000000000001,54,5,0,5,21,33,164.0,26.04379187180074
single_phase,single_phase/seed1_2,2,4.181818181818182,1150,13,2.6,54,3,0,3,21,33,204.20000000000002,25.115427735295278
single_phase,single_phase/seed1_2,3,4.181818181818182,1150,14,2.8000000000000003,54,2,0,2,21,33,213.0,22.660359982088337
single_phase,single_phase/seed1_2,4,4.181818181818182,1150,78,15.600000000000001,54,11,2,9,21,33,25.0,24.165015248598248
single_phase,single_phase/seed1_2,5,4.181818181818182,1150,25,5.0,54,3,0,3,21,33,213.20000000000002,29.454918308867374
single_phase,single_phase/seed1_2,6,4.181818181818182,1150,3,0.6000000000000001,54,1,0,1,21,33,203.0,25.440612611539887
single_phase,single_phase/seed1_2,7,4.181818181818182,1150,44,8.8,54,2,0,2,21,33,219.0,24.127025166516354
single_phase,single_phase/seed1_2,8,4.181818181818182,1150,0,0.0,54,0,0,0,21,33,,20.662281304246385
single_phase,single_phase/seed1_2,9,4.181818181818182,1150,18,3.6,54,2,0,2,21,33,160.20000000000002,23.455518413540347
single_phase,single_phase/seed1_2,10,4.181818181818182,1150,15,3.0,54,2,0,2,21,33,221.8,23.88837920458054
single_phase,single_phase/seed1_2,11,4.181818181818182,1150,31,6.2,54,2,0,2,21,33,221.8,24.97932521141151
single_phase,single_phase/seed1_2,12,4.181818181818182,1150,1,0.2,54,0,0,0,21,33,229.60000000000002,24.778536677067407
single_phase,single_phase/seed1_3,0,4.181818181818182,1150,23,4.6000000000000005,54,3,0,3,21,33,168.20000000000002,27.13522543663799
single_phase,single_phase/seed1_3,1,4.181818181818182,1150,39,7.800000000000001,54,5,0,5,21,33,164.0,26.04379187180074
single_phase,single_phase/seed1_3,2,4.181818181818182,1150,13,2.6,54,3,0,3,21,33,204.20000000000002,25.115427735295278
single_phase,single_phase/seed1_3,3,4.181818181818182,1150,14,2.8000000000000003,54,2,0,2,21,33,213.0,22.660359982088337
single_phase,single_phase/seed1_3,4,4.181818181818182,1150,78,15.600000000000001,54,11,2,9,21,33,25.0,24.165015248598248
single_phase,single_phase/seed1_3,5,4.181818181818182,1150,24,4.800000000000001,54,3,0,3,21,33,213.20000000000002,28.77061043393217
single_phase,single_phase/seed1_3,6,4.181818181818182,1150,5,1.0,54,2,0,2,21,33,200.20000000000002,25.16994048899668
single_phase,single_phase/seed1_3,7,4.181818181818182,1150,33,6.6000000000000005,54,2,0,2,21,33,220.20000000000002,26.877533518439133
single_phase,single_phase/seed1_3,8,4.181818181818182,1150,0,0.0,54,0,0,0,21,33,,21.184246413210754
single_phase,single_phase/seed1_3,9,4.181818181818182,1150,17,3.4000000000000004,54,1,0,1,21,33,226.4,26.141147668532764
single_phase,single_phase/seed1_3,10,4.181818181818182,1150,10,2.0,54,3,0,3,21,33,160.20000000000002,27.575679873759842
single_phase,single_phase/seed1_3,11,4.181818181818182,1150,26,5.2,54,3,0,3,21,33,213.60000000000002,28.20620726045647
single_phase,single_phase/seed1_4,0,4.181818181818182,1150,23,4.6000000000000005,54,3,0,3,21,33,168.20000000000002,27.13522543663799
single_phase,single_phase/seed1_4,1,4.181818181818182,1150,39,7.800000000000001,54,5,0,5,21,33,164.0,26.04379187180074
single_phase,single_phase/seed1_4,2,4.181818181818182,1150,13,2.6,54,3,0,3,21,33,204.20000000000002,25.115427735295278
single_phase,single_phase/seed1_4,3,4.181818181818182,1150,14,2.8000000000000003,54,2,0,2,21,33,213.0,22.660359982088337
single_phase,single_phase/seed1_4,4,4.181818181818182,1150,78,15.600000000000001,54,11,2,9,21,33,25.0,24.165015248598248
single_phase,single_phase/seed1_4,5,4.181818181818182,1150,25,5.0,54,3,0,3,21,33,213.20000000000002,29.454918308867374
single_phase,single_phase/seed1_4,6,4.181818181818182,1150,3,0.6000000000000001,54,1,0,1,21,33,203.0,25.440612611539887
single_phase,single_phase/seed1_4,7,4.181818181818182,1150,44,8.8,54,2,0,2,21,33,219.0,24.127025166516354
single_phase,single_phase/seed1_4,8,4.181818181818182,1150,0,0.0,54,0,0,0,21,33,,20.662281304246385
single_phase,single_phase/seed1_4,9,4.181818181818182,1150,18,3.6,54,2,0,2,21,33,160.20000000000002,23.455518413540347
single_phase,single_phase/seed1_4,10,4.181818181818182,1150,15,3.0,54,2,0,2,21,33,221.8,23.88837920458054
single_phase,single_phase/seed1_4,11,4.181818181818182,1150,31,6.2,54,2,0,2,21,33,221.8,24.97932521141151
single_phase,single_phase/seed1_4,12,4.181818181818182,1150,1,0.2,54,0,0,0,21,33,229.60000000000002,24.778536677067407
single_phase,single_phase/seed1_5,0,4.181818181818182,1150,23,4.6000000000000005,54,3,0,3,21,33,168.20000000000002,27.13522543663799
single_phase,single_phase/seed1_5,1,4.181818181818182,1150,39,7.800000000000001,54,5,0,5,21,33,164.0,26.04379187180074
single_phase,single_phase/seed1_5,2,4.181818181818182,1150,13,2.6,54,3,0,3,21,33,204.20000000000002,25.115427735295278
single_phase,single_phase/seed1_5,3,4.181818181818182,1150,14,2.8000000000000003,54,2,0,2,21,33,213.0,22.660359982088337
single_phase,single_phase/seed1_5,4,4.181818181818182,1150,78,15.600000000000001,54,11,2,9,21,33,25.0,24.165015248598248
single_phase,single_phase/seed1_5,5,4.181818181818182,1150,24,4.800000000000001,54,3,0,3,21,33,213.20000000000002,28.77061043393217
single_phase,single_phase/seed1_5,6,4.181818181818182,1150,5,1.0,54,2,0,2,21,33,200.20000000000002,25.16994048899668
single_phase,single_phase/seed1_5,7,4.181818181818182,1150,33,6.6000000000000005,54,2,0,2,21,33,220.20000000000002,26.877533518439133
single_phase,single_phase/seed1_5,8,4.181818181818182,1150,0,0.0,54,0,0,0,21,33,,21.184246413210754
single_phase,single_phase/seed1_5,9,4.181818181818182,1150,17,3.4000000000000004,54,1,0,1,21,33,226.4,26.141147668532764
single_phase,single_phase/seed1_5,10,4.181818181818182,1150,10,2.0,54,3,0,3,21,33,160.20000000000002,27.575679873759842
single_phase,single_phase/seed1_6,0,4.181818181818182,1150,23,4.6000000000000005,54,3,0,3,21,33,168.20000000000002,27.13522543663799
single_phase,single_phase/seed1_6,1,4.181818181818182,1150,39,7.800000000000001,54,5,0,5,21,33,164.0,26.04379187180074
single_phase,single_phase/seed1_6,2,4.181818181818182,1150,13,2.6,54,3,0,3,21,33,204.20000000000002,25.115427735295278
single_phase,single_phase/seed1_6,3,4.181818181818182,1150,14,2.8000000000000003,54,2,0,2,21,33,213.0,22.660359982088337
single_phase,single_phase/seed1_6,4,4.181818181818182,1150,78,15.600000000000001,54,11,2,9,21,33,25.0,24.165015248598248
single_phase,single_phase/seed1_6,5,4.181818181818182,1150,25,5.0,54,3,0,3,21,33,213.20000000000002,29.454918308867374
single_phase,single_phase/seed1_6,6,4.181818181818182,1150,3,0.6000000000000001,54,1,0,1,21,33,203.0,25.440612611539887
single_phase,single_phase/seed1_6,7,4.181818181818182,1150,44,8.8,54,2,0,2,21,33,219.0,24.127025166516354
single_phase,single_phase/seed1_6,8,4.181818181818182,1150,0,0.0,54,0,0,0,21,33,,20.662281304246385
single_phase,single_phase/seed1_6,9,4.181818181818182,1150,18,3.6,54,2,0,2,21,33,160.20000000000002,23.455518413540347
single_phase,single_phase/seed1_6,10,4.181818181818182,1150,15,3.0,54,2,0,2,21,33,221.8,23.88837920458054
single_phase,single_phase/seed1_6,11,4.181818181818182,1150,31,6.2,54,2,0,2,21,33,221.8,24.97932521141151
single_phase,single_phase/seed1_6,12,4.181818181818182,1150,1,0.2,54,0,0,0,21,33,229.60000000000002,24.778536677067407
single_phase,single_phase/seed1_6,13,4.181818181818182,1150,52,10.4,54,4,0,4,21,33,213.20000000000002,25.912683463422653
single_phase,single_phase/seed1_6,14,4.181818181818182,1150,36,7.2,54,6,0,6,21,33,200.20000000000002,22.394204237176773
single_phase,single_phase/seed1_6,15,4.181818181818182,1150,6,1.2000000000000002,54,1,0,1,21,33,88.4,26.09391514866373
single_phase,single_phase/seed1_6,16,4.181818181818182,1150,31,6.2,54,5,0,5,21,33,166.4,23.683478892465452
single_phase,single_phase/seed1_7,0,4.181818181818182,1150,23,4.6000000000000005,54,3,0,3,21,33,168.20000000000002,27.13522543663799
single_phase,single_phase/seed1_7,1,4.181818181818182,1150,39,7.800000000000001,54,5,0,5,21,33,164.0,26.04379187180074
single_phase,single_phase/seed1_7,2,4.181818181818182,1150,13,2.6,54,3,0,3,21,33,204.20000000000002,25.115427735295278
single_phase,single_phase/seed1_7,3,4.181818181818182,1150,14,2.8000000000000003,54,2,0,2,21,33,213.0,22.660359982088337
single_phase,single_phase/seed1_7,4,4.181818181818182,1150,78,15.600000000000001,54,11,2,9,21,33,25.0,24.165015248598248
single_phase,single_phase/seed1_7,5,4.181818181818182,1150,25,5.0,54,3,0,3,21,33,213.20000000000002,29.405446390286215
single_phase,single_phase/seed1_7,6,4.181818181818182,1150,0,0.0,54,0,0,0,21,33,,26.744625720134263
single_phase,single_phase/seed1_7,7,4.181818181818182,1150,34,6.800000000000001,54,2,0,2,21,33,220.20000000000002,28.32924970529437
single_phase,single_phase/seed1_7,8,4.181818181818182,1150,0,0.0,54,0,0,0,21,33,,25.570494203247577
single_phase,single_phase/seed1_7,9,4.181818181818182,1150,17,3.4000000000000004,54,1,0,1,21,33,160.20000000000002,28.431689874248175
single_phase,single_phase/seed1_7,10,4.181818181818182,1150,11,2.2,54,4,0,4,21,33,163.0,29.459224422208962
single_phase,single_phase/seed1_7,11,4.181818181818182,1150,13,2.6,54,0,0,0,21,33,227.60000000000002,25.675792485133655
single_phase,single_phase/seed1_7,12,4.181818181818182,1150,1,0.2,54,0,0,0,21,33,229.60000000000002,24.77855098918804
single_phase,single_phase/seed1_7,13,4.181818181818182,1150,52,10.4,54,4,0,4,21,33,213.20000000000002,25.912683460734122
single_phase,single_phase/seed1_7,14,4.181818181818182,1150,36,7.2,54,6,0,6,21,33,200.20000000000002,22.39420913166207
single_phase,single_phase/seed1_7,15,4.181818181818182,1150,7,1.4000000000000001,54,2,0,2,21,33,88.4,31.48488026411807
single_phase,single_phase/seed1_7,16,4.181818181818182,1150,11,2.2,54,3,0,3,21,33,168.4,28.2445806428951
single_phase,single_phase/seed1_8,0,4.181818181818182,1150,23,4.6000000000000005,54,3,0,3,21,33,168.20000000000002,27.13522543663799
single_phase,single_phase/seed1_8,1,4.181818181818182,1150,39,7.800000000000001,54,5,0,5,21,33,164.0,26.04379187180074
single_phase,single_phase/seed1_8,2,4.181818181818182,1150,13,2.6,54,3,0,3,21,33,204.20000000000002,25.115427735295278
single_phase,single_phase/seed1_8,3,4.181818181818182,1150,14,2.8000000000000003,54,2,0,2,21,33,213.0,22.660359982088337
single_phase,single_phase/seed1_8,4,4.181818181818182,1150,78,15.600000000000001,54,11,2,9,21,33,25.0,24.165015248598248
single_phase,single_phase/seed1_8,5,4.181818181818182,1150,25,5.0,54,2,0,2,21,33,213.20000000000002,29.968236885700883
single_phase,single_phase/seed1_8,6,4.181818181818182,1150,0,0.0,54,0,0,0,21,33,,25.825361284998746
single_phase,single_phase/seed1_8,7,4.181818181818182,1150,31,6.2,54,2,0,2,21,33,220.8,27.15394048738306
single_phase,single_phase/seed1_8,8,4.181818181818182,1150,0,0.0,54,0,0,0,21,33,,20.665832114249447
single_phase,single_phase/seed1_8,9,4.181818181818182,1150,18,3.6,54,2,0,2,21,33,160.20000000000002,23.455810423348375
single_phase,single_phase/seed1_8,10,4.181818181818182,1150,15,3.0,54,2,0,2,21,33,221.8,23.88837920466708
single_phase,single_phase/seed1_8,11,4.181818181818182,1150,31,6.2,54,2,0,2,21,33,221.8,24.9793490692039
single_phase,single_phase/seed1_8,12,4.181818181818182,1150,0,0.0,54,0,0,0,21,33,,24.80230047618143
single_phase,single_phase/seed1_8,13,4.181818181818182,1150,26,5.2,54,3,0,3,21,33,215.60000000000002,26.829352311020756
single_phase,single_phase/seed1_9,0,4.181818181818182,1150,23,4.6000000000000005,54,3,0,3,21,33,168.20000000000002,27.13522543663799
single_phase,single_phase/seed1_9,1,4.181818181818182,1150,39,7.800000000000001,54,5,0,5,21,33,164.0,26.04379187180074
single_phase,single_phase/seed1_9,2,4.181818181818182,1150,13,2.6,54,3,0,3,21,33,204.20000000000002,25.115427735295278
single_phase,single_phase/seed1_9,3,4.181818181818182,1150,14,2.8000000000000003,54,2,0,2,21,33,213.0,22.660359982088337
single_phase,single_phase/seed1_9,4,4.181818181818182,1150,78,15.600000000000001,54,11,2,9,21,33,25.0,24.165015248598248
single_phase,single_phase/seed1_9,5,4.181818181818182,1150,26,5.2,54,3,0,3,21,33,213.20000000000002,29.12071646469169
single_phase,single_phase/seed1_9,6,4.181818181818182,1150,3,0.6000000000000001,54,1,0,1,21,33,203.0,25.507239660814065
single_phase,single_phase/seed1_9,7,4.181818181818182,1150,32,6.4,54,2,0,2,21,33,220.20000000000002,28.427689102483306
single_phase,single_phase/seed1_9,8,4.181818181818182,1150,0,0.0,54,0,0,0,21,33,,24.997265109977455
single_phase,single_phase/seed1_9,9,4.181818181818182,1150,11,2.2,54,1,0,1,21,33,160.20000000000002,27.89971549343808
single_phase,single_phase/seed1_9,10,4.181818181818182,1150,18,3.6,54,3,0,3,21,33,160.20000000000002,29.2144415445494
single_phase,single_phase/seed1_9,11,4.181818181818182,1150,11,2.2,54,1,0,1,21,33,223.20000000000002,30.058916540221336
single_phase,single_phase/seed1_9,12,4.181818181818182,1150,0,0.0,54,0,0,0,21,33,,30.31147768079564
single_phase,single_phase/seed1_9,13,4.181818181818182,1150,22,4.4,54,3,0,3,21,33,216.0,30.28427050434645
single_phase,single_phase/seed1_clamp10,0,2.017543859649123,1150,0,0.0,115,0,0,0,44,71,,28.832956142429893
single_phase,single_phase/seed1_clamp10,1,2.017543859649123,1150,0,0.0,115,0,0,0,44,71,,26.859781868851094
single_phase,single_phase/seed1_clamp10,2,2.017543859649123,1150,0,0.0,115,0,0,0,44,71,,25.906563958735678
single_phase,single_phase/seed1_clamp10,3,2.017543859649123,1150,5,1.0,115,2,0,2,44,71,216.0,23.43000179369796
single_phase,single_phase/seed1_clamp10,4,2.017543859649123,1150,10,2.0,115,2,1,1,44,71,25.0,26.574994446715998
single_phase,single_phase/seed1_clamp10,5,2.017543859649123,1150,23,4.6000000000000005,115,5,0,5,44,71,213.20000000000002,28.050901640816956
single_phase,single_phase/seed1_clamp10,6,2.017543859649123,1150,10,2.0,115,3,0,3,44,71,200.20000000000002,24.393499064953247
single_phase,single_phase/seed1_clamp10,7,2.017543859649123,1150,27,5.4,115,5,0,5,44,71,221.4,26.172626570008614
single_phase,single_phase/seed1_clamp10,8,2.017543859649123,1150,0,0.0,115,0,0,0,44,71,,22.569386574971407
single_phase,single_phase/seed1_clamp_expl2,0,2.017543859649123,1150,0,0.0,115,0,0,0,44,71,,28.838890729829192
single_phase,single_phase/seed1_clamp_expl2,1,2.017543859649123,1150,0,0.0,115,0,0,0,44,71,,26.69401430699605
single_phase,single_phase/seed1_clamp_expl2,2,2.017543859649123,1150,0,0.0,115,0,0,0,44,71,,25.82252755182666
single_phase,single_phase/seed1_clamp_expl2,3,2.017543859649123,1150,6,1.2000000000000002,115,2,0,2,44,71,89.4,23.26986823280939
single_phase,single_phase/seed1_clamp_expl2,4,2.017543859649123,1150,12,2.4000000000000004,115,2,1,1,44,71,25.0,26.193614782555464
single_phase,single_phase/seed1_clamp_expl2,5,2.017543859649123,1150,23,4.6000000000000005,115,5,0,5,44,71,213.20000000000002,27.871446476244287
single_phase,single_phase/seed1_clamp_expl2,6,2.017543859649123,1150,4,0.8,115,2,0,2,44,71,202.8,25.258348834846377
single_phase,single_phase/seed1_clamp_expl2,7,2.017543859649123,1150,32,6.4,115,5,0,5,44,71,220.8,27.197839835904638
single_phase,single_phase/seed1_clamp_expl2,8,2.017543859649123,1150,0,0.0,115,0,0,0,44,71,,24.04529594901491
single_phase,single_phase/seed20_0,0,,1150,67,13.4,0,0,0,0,0,0,82.4,24.920887304561298
single_phase,single_phase/seed20_0,1,,1150,69,13.8,0,0,0,0,0,0,89.2,25.49126577940131
single_phase,single_phase/seed20_0,2,,1150,132,26.400000000000002,0,0,0,0,0,0,200.20000000000002,24.39284848946182
single_phase,single_phase/seed20_0,3,,1150,60,12.0,0,0,0,0,0,0,160.4,26.499720758011186
single_phase,single_phase/seed20_0,4,,1150,90,18.0,0,0,0,0,0,0,180.4,26.744115339274035
single_phase,single_phase/seed20_0,5,,1150,24,4.800000000000001,0,0,0,0,0,0,225.4,28.968029452382435
single_phase,single_phase/seed20_0,6,,1150,12,2.4000000000000004,0,0,0,0,0,0,200.20000000000002,17.80407138759977
single_phase,single_phase/seed20_0,7,,1150,27,5.4,0,0,0,0,0,0,135.4,23.469227437816528
single_phase,single_phase/seed20_0,8,,1150,24,4.800000000000001,0,0,0,0,0,0,155.4,22.83833028843543
single_phase,single_phase/seed20_0,9,,1150,4,0.8,0,0,0,0,0,0,160.20000000000002,26.8742252080938
single_phase,single_phase/seed20_2,0,5.111111111111111,1150,67,13.4,44,5,2,3,17,27,82.4,24.920887304536926
single_phase,single_phase/seed20_2,1,5.111111111111111,1150,69,13.8,44,7,0,7,17,27,89.2,25.491265779404426
single_phase,single_phase/seed20_2,2,5.111111111111111,1150,132,26.400000000000002,44,6,0,6,17,27,200.20000000000002,24.392848489465262
single_phase,single_phase/seed20_2,3,5.111111111111111,1150,60,12.0,44,9,0,9,17,27,160.4,26.49972075801396
single_phase,single_phase/seed20_2,4,5.111111111111111,1150,90,18.0,44,7,0,7,17,27,180.4,26.74411533927295
single_phase,single_phase/seed20_2,5,5.111111111111111,1150,26,5.2,44,2,0,2,17,27,216.20000000000002,28.992407839353568
single_phase,single_phase/seed20_2,6,5.111111111111111,1150,20,4.0,44,2,0,2,17,27,200.20000000000002,19.72910853108326
single_phase,single_phase/seed20_2,7,5.111111111111111,1150,8,1.6,44,2,0,2,17,27,207.60000000000002,24.82402103081487
single_phase,single_phase/seed20_2,8,5.111111111111111,1150,0,0.0,44,0,0,0,17,27,,30.964513491151365
single_phase,single_phase/seed20_2,9,5.111111111111111,1150,68,13.600000000000001,44,6,2,4,17,27,83.2,28.826483474969326
single_phase,single_phase/seed20_3,0,,1150,67,13.4,0,0,0,0,0,0,82.4,24.920887304536926
single_phase,single_phase/seed20_3,1,,1150,69,13.8,0,0,0,0,0,0,89.2,25.491265779404426
single_phase,single_phase/seed20_3,2,,1150,132,26.400000000000002,0,0,0,0,0,0,200.20000000000002,24.392848489465262
single_phase,single_phase/seed20_3,3,,1150,60,12.0,0,0,0,0,0,0,160.4,26.49972075801396
single_phase,single_phase/seed20_3,4,,1150,90,18.0,0,0,0,0,0,0,180.4,26.74411533927295
single_phase,single_phase/seed20_3,5,,1150,25,5.0,0,0,0,0,0,0,225.20000000000002,29.00788057058617
single_phase,single_phase/seed20_3,6,,1150,12,2.4000000000000004,0,0,0,0,0,0,200.20000000000002,17.9093372248848
single_phase,single_phase/seed20_3,7,,1150,19,3.8000000000000003,0,0,0,0,0,0,205.4,25.00205115221501
single_phase,single_phase/seed20_3,8,,1150,13,2.6,0,0,0,0,0,0,155.4,24.059372370855833
single_phase,single_phase/seed20_3,9,,1150,17,3.4000000000000004,0,0,0,0,0,0,160.20000000000002,28.666969401844412
single_phase,single_phase/seed21_0,0,,1150,8,1.6,0,0,0,0,0,0,200.4,26.61984394159597
single_phase,single_phase/seed21_0,1,,1150,167,33.4,0,0,0,0,0,0,160.4,26.228313754559576
single_phase,single_phase/seed21_0,2,,1150,122,24.400000000000002,0,0,0,0,0,0,60.400000000000006,26.367957164758042
single_phase,single_phase/seed21_0,3,,1150,36,7.2,0,0,0,0,0,0,83.4,21.618005725938083
single_phase,single_phase/seed21_0,4,,1150,48,9.600000000000001,0,0,0,0,0,0,60.400000000000006,31.270063821438082
single_phase,single_phase/seed21_0,5,,1150,30,6.0,0,0,0,0,0,0,150.0,29.57661590691986
single_phase,single_phase/seed21_0,6,,1150,130,26.0,0,0,0,0,0,0,73.8,21.719427720631057
single_phase,single_phase/seed21_0,7,,1150,806,161.20000000000002,0,0,0,0,0,0,66.4,3.6865656807364524
single_phase,single_phase/seed21_0,8,,1150,78,15.600000000000001,0,0,0,0,0,0,78.80000000000001,29.147321049035153
single_phase,single_phase/seed21_0,9,,1150,0,0.0,0,0,0,0,0,0,,27.743604645970795
single_phase,single_phase/seed21_2,0,,1150,8,1.6,0,0,0,0,0,0,200.4,26.61984394159597
single_phase,single_phase/seed21_2,1,,1150,167,33.4,0,0,0,0,0,0,160.4,26.228313754559576
single_phase,single_phase/seed21_2,2,,1150,122,24.400000000000002,0,0,0,0,0,0,60.400000000000006,26.367957164758042
single_phase,single_phase/seed21_2,3,,1150,36,7.2,0,0,0,0,0,0,83.4,21.618005725938083
single_phase,single_phase/seed21_2,4,,1150,48,9.600000000000001,0,0,0,0,0,0,60.400000000000006,31.270063821438082
single_phase,single_phase/seed21_2,5,,1150,30,6.0,0,0,0,0,0,0,150.0,29.57661590691986
single_phase,single_phase/seed21_2,6,,1150,130,26.0,0,0,0,0,0,0,73.8,21.719427720631057
single_phase,single_phase/seed21_2,7,,1150,806,161.20000000000002,0,0,0,0,0,0,66.4,3.6865656807364524
single_phase,single_phase/seed21_2,8,,1150,78,15.600000000000001,0,0,0,0,0,0,78.80000000000001,29.147321049035153
single_phase,single_phase/seed21_2,9,,1150,0,0.0,0,0,0,0,0,0,,27.743604645970795
single_phase,single_phase/seed21_3,0,,1150,8,1.6,0,0,0,0,0,0,200.4,26.61984394159597
single_phase,single_phase/seed21_3,1,,1150,167,33.4,0,0,0,0,0,0,160.4,26.228313754559576
single_phase,single_phase/seed21_3,2,,1150,122,24.400000000000002,0,0,0,0,0,0,60.400000000000006,26.367957164758042
single_phase,single_phase/seed21_3,3,,1150,36,7.2,0,0,0,0,0,0,83.4,21.618005725938083
single_phase,single_phase/seed21_3,4,,1150,48,9.600000000000001,0,0,0,0,0,0,60.400000000000006,31.270063821438082
single_phase,single_phase/seed21_3,5,,1150,119,23.8,0,0,0,0,0,0,77.2,25.696377945127793
single_phase,single_phase/seed21_3,6,,1150,45,9.0,0,0,0,0,0,0,161.20000000000002,23.09763873866799
single_phase,single_phase/seed21_3,7,,1150,801,160.20000000000002,0,0,0,0,0,0,68.8,3.366776874756764
single_phase,single_phase/seed21_3,8,,1150,0,0.0,0,0,0,0,0,0,,27.570012195695245
single_phase,single_phase/seed21_3,9,,1150,4,0.8,0,0,0,0,0,0,155.4,24.043388755276407
single_phase,single_phase/seed21_5,0,,1150,8,1.6,0,0,0,0,0,0,200.4,26.61984394159597
single_phase,single_phase/seed21_5,1,,1150,167,33.4,0,0,0,0,0,0,160.4,26.228313754559576
single_phase,single_phase/seed21_5,2,,1150,122,24.400000000000002,0,0,0,0,0,0,60.400000000000006,26.367957164758042
single_phase,single_phase/seed21_5,3,,1150,36,7.2,0,0,0,0,0,0,83.4,21.618005725938083
single_phase,single_phase/seed21_5,4,,1150,48,9.600000000000001,0,0,0,0,0,0,60.400000000000006,31.270063821438082
single_phase,single_phase/seed21_5,5,,1150,13,2.6,0,0,0,0,0,0,227.60000000000002,28.366528130511426
single_phase,single_phase/seed21_5,6,,1150,0,0.0,0,0,0,0,0,0,,22.326898476303494
single_phase,single_phase/seed21_5,7,,1150,33,6.6000000000000005,0,0,0,0,0,0,213.0,33.6375297309844
single_phase,single_phase/seed21_5,8,,1150,57,11.4,0,0,0,0,0,0,79.2,27.736727012377393
single_phase,single_phase/seed21_5,9,,1150,52,10.4,0,0,0,0,0,0,81.0,27.451174959554116
single_phase,single_phase/seed21_5,10,,1150,732,146.4,0,0,0,0,0,0,73.4,5.232823350073543
single_phase,single_phase/seed21_6,0,,1150,8,1.6,0,0,0,0,0,0,200.4,26.61984394159597
single_phase,single_phase/seed21_6,1,,1150,167,33.4,0,0,0,0,0,0,160.4,26.228313754559576
single_phase,single_phase/seed21_6,2,,1150,122,24.400000000000002,0,0,0,0,0,0,60.400000000000006,26.367957164758042
single_phase,single_phase/seed21_6,3,,1150,36,7.2,0,0,0,0,0,0,83.4,21.618005725938083
single_phase,single_phase/seed21_6,4,,1150,48,9.600000000000001,0,0,0,0,0,0,60.400000000000006,31.270063821438082
single_phase,single_phase/seed21_6,5,,1150,13,2.6,0,0,0,0,0,0,227.60000000000002,28.366528130511426
single_phase,single_phase/seed21_6,6,,1150,0,0.0,0,0,0,0,0,0,,22.326898476303494
single_phase,single_phase/seed21_6,7,,1150,33,6.6000000000000005,0,0,0,0,0,0,213.0,33.6375297309844
single_phase,single_phase/seed21_6,8,,1150,57,11.4,0,0,0,0,0,0,79.2,27.736727012377393
single_phase,single_phase/seed21_6,9,,1150,52,10.4,0,0,0,0,0,0,81.0,27.451174959554116
single_phase,single_phase/seed21_6,10,,1150,732,146.4,0,0,0,0,0,0,73.4,5.232823350073543
single_phase,single_phase/seed2_0,0,2.017543859649123,1150,70,14.0,115,10,1,9,44,71,86.80000000000001,29.99246750764554
single_phase,single_phase/seed2_0,1,2.017543859649123,1150,26,5.2,115,4,0,4,44,71,162.4,27.844886159615807
single_phase,single_phase/seed2_0,2,2.017543859649123,1150,0,0.0,115,0,0,0,44,71,,30.147669612504423
single_phase,single_phase/seed2_0,3,2.017543859649123,1150,41,8.200000000000001,115,8,0,8,44,71,188.4,25.73416346962304
single_phase,single_phase/seed2_0,4,2.017543859649123,1150,59,11.8,115,7,0,7,44,71,204.4,26.360568929654985
single_phase,single_phase/seed2_0,5,2.017543859649123,1150,814,162.8,115,82,11,71,44,71,66.8,3.5833766399976
single_phase,single_phase/seed2_0,6,2.017543859649123,1150,0,0.0,115,0,0,0,44,71,,29.795677211552864
single_phase,single_phase/seed2_0,7,2.017543859649123,1150,0,0.0,115,0,0,0,44,71,,19.40588991605149
single_phase,single_phase/seed2_0,8,2.017543859649123,1150,0,0.0,115,0,0,0,44,71,,19.2126529145354
single_phase,single_phase/seed2_0,9,2.017543859649123,1150,0,0.0,115,0,0,0,44,71,,21.682467992830468
single_phase,single_phase/seed2_0,10,2.017543859649123,1150,58,11.600000000000001,115,6,0,6,44,71,218.4,24.434154610201098
single_phase,single_phase/seed2_0,11,2.017543859649123,1150,13,2.6,115,3,0,3,44,71,225.8,21.72978809952575
single_phase,single_phase/seed2_0_horizon,0,2.017543859649123,1150,70,14.0,115,10,1,9,44,71,86.80000000000001,29.99246750764554
single_phase,single_phase/seed2_0_horizon,1,2.017543859649123,1150,26,5.2,115,4,0,4,44,71,162.4,27.844886159615807
single_phase,single_phase/seed2_0_horizon,2,2.017543859649123,1150,0,0.0,115,0,0,0,44,71,,30.147669612504423
single_phase,single_phase/seed2_0_horizon,3,2.017543859649123,1150,41,8.200000000000001,115,8,0,8,44,71,188.4,25.73416346962304
single_phase,single_phase/seed2_0_horizon,4,2.017543859649123,1150,59,11.8,115,7,0,7,44,71,204.4,26.360568929654985
single_phase,single_phase/seed2_0_horizon,5,2.017543859649123,1150,191,38.2,115,25,7,18,44,71,74.4,28.654603147032507
single_phase,single_phase/seed2_0_horizon,6,2.017543859649123,1150,0,0.0,115,0,0,0,44,71,,28.93424076544307
single_phase,single_phase/seed2_0_horizon,7,2.017543859649123,1150,0,0.0,115,0,0,0,44,71,,20.94919545551401
single_phase,single_phase/seed2_0_horizon,8,2.017543859649123,1150,0,0.0,115,0,0,0,44,71,,22.706012205373703
single_phase,single_phase/seed2_0_horizon,9,2.017543859649123,1150,0,0.0,115,0,0,0,44,71,,26.604857277060688
single_phase,single_phase/seed2_0_horizon,10,2.017543859649123,1150,65,13.0,115,12,2,10,44,71,85.80000000000001,30.324592465930138
single_phase,single_phase/seed2_0_horizon,11,2.017543859649123,1150,0,0.0,115,0,0,0,44,71,,23.58429507874249
single_phase,single_phase/seed2_0warm,0,4.181818181818182,1150,47,9.4,54,6,0,6,21,33,89.60000000000001,31.151728065577995
single_phase,single_phase/seed2_0warm,1,4.181818181818182,1150,37,7.4,54,5,0,5,21,33,164.20000000000002,27.943092457019215
single_phase,single_phase/seed2_0warm,2,4.181818181818182,1150,24,4.800000000000001,54,4,0,4,21,33,212.20000000000002,30.837492050818934
single_phase,single_phase/seed2_0warm,3,4.181818181818182,1150,17,3.4000000000000004,54,3,0,3,21,33,213.0,26.90562607103841
single_phase,single_phase/seed2_0warm,4,4.181818181818182,1150,20,4.0,54,4,0,4,21,33,200.20000000000002,27.269424989574162
single_phase,single_phase/seed2_0warm,5,4.181818181818182,1150,16,3.2,54,2,1,1,21,33,86.4,32.717887303694994
single_phase,single_phase/seed2_0warm,6,4.181818181818182,1150,0,0.0,54,0,0,0,21,33,,29.846730063205477
single_phase,single_phase/seed2_0warm,7,4.181818181818182,1150,0,0.0,54,0,0,0,21,33,,24.843574883361047
single_phase,single_phase/seed2_0warm,8,4.181818181818182,1150,0,0.0,54,0,0,0,21,33,,22.238345135715186
single_phase,single_phase/seed2_0warm,9,4.181818181818182,1150,0,0.0,54,0,0,0,21,33,,26.484919308294305
single_phase,single_phase/seed2_0warm,10,4.181818181818182,1150,43,8.6,54,2,0,2,21,33,219.20000000000002,32.091531763113764
single_phase,single_phase/seed2_0warm,11,4.181818181818182,1150,1,0.2,54,0,0,0,21,33,229.20000000000002,26.154322215991222
single_phase,single_phase/seed2_1,0,4.181818181818182,1150,47,9.4,54,6,0,6,21,33,89.60000000000001,31.151728065573177
single_phase,single_phase/seed2_1,1,4.181818181818182,1150,37,7.4,54,5,0,5,21,33,164.20000000000002,27.94309245702075
single_phase,single_phase/seed2_1,2,4.181818181818182,1150,24,4.800000000000001,54,4,0,4,21,33,212.20000000000002,30.837492050817627
single_phase,single_phase/seed2_1,3,4.181818181818182,1150,17,3.4000000000000004,54,3,0,3,21,33,213.0,26.90562607103871
single_phase,single_phase/seed2_1,4,4.181818181818182,1150,20,4.0,54,4,0,4,21,33,200.20000000000002,27.26942498957405
single_phase,single_phase/seed2_1,5,4.181818181818182,1150,16,3.2,54,2,1,1,21,33,86.4,30.423415270737447
single_phase,single_phase/seed2_1,6,4.181818181818182,1150,1,0.2,54,0,0,0,21,33,229.60000000000002,28.693464885399724
single_phase,single_phase/seed2_1,7,4.181818181818182,1150,0,0.0,54,0,0,0,21,33,,24.45712692410506
single_phase,single_phase/seed2_1,8,4.181818181818182,1150,0,0.0,54,0,0,0,21,33,,24.420926870950364
single_phase,single_phase/seed2_1,9,4.181818181818182,1150,2,0.4,54,1,0,1,21,33,213.20000000000002,25.712303889508572
single_phase,single_phase/seed2_1,10,4.181818181818182,1150,46,9.200000000000001,54,2,0,2,21,33,218.8,30.18762114480382
single_phase,single_phase/seed2_1,11,4.181818181818182,1150,0,0.0,54,0,0,0,21,33,,26.953254089268373
single_phase,single_phase/seed2_1,12,4.181818181818182,1150,0,0.0,54,0,0,0,21,33,,23.751665172520187
single_phase,single_phase/seed2_1,13,4.181818181818182,1150,0,0.0,54,0,0,0,21,33,,28.873027426390006
single_phase,single_phase/seed2_10,0,5.111111111111111,1150,45,9.0,44,5,3,2,17,27,50.400000000000006,34.18548581602129
single_phase,single_phase/seed2_10,1,5.111111111111111,1150,9,1.8,44,1,0,1,17,27,100.4,27.525441647406534
single_phase,single_phase/seed2_10,2,5.111111111111111,1150,34,6.800000000000001,44,4,0,4,17,27,150.4,25.45813332569274
single_phase,single_phase/seed2_10,3,5.111111111111111,1150,101,20.200000000000003,44,4,3,1,17,27,73.0,26.74942622381058
single_phase,single_phase/seed2_10,4,5.111111111111111,1150,160,32.0,44,8,1,7,17,27,84.60000000000001,26.764171688082133
single_phase,single_phase/seed2_10,5,5.111111111111111,1150,8,1.6,44,2,1,1,17,27,88.0,32.38457580118911
single_phase,single_phase/seed2_10,6,5.111111111111111,1150,0,0.0,44,0,0,0,17,27,,21.789283342738916
single_phase,single_phase/seed2_10,7,5.111111111111111,1150,0,0.0,44,0,0,0,17,27,,24.852424751505076
single_phase,single_phase/seed2_10,8,5.111111111111111,1150,0,0.0,44,0,0,0,17,27,,25.655820179905362
single_phase,single_phase/seed2_10,9,5.111111111111111,1150,3,0.6000000000000001,44,1,0,1,17,27,162.60000000000002,22.17290623852921
single_phase,single_phase/seed2_10,10,5.111111111111111,1150,2,0.4,44,1,0,1,17,27,169.60000000000002,30.510855328038943
single_phase,single_phase/seed2_10,11,5.111111111111111,1150,0,0.0,44,0,0,0,17,27,,24.45404862239786
single_phase,single_phase/seed2_10_hor,0,5.111111111111111,1150,825,165.0,44,32,5,27,17,27,64.8,2.981843683502399
single_phase,single_phase/seed2_10_hor,1,5.111111111111111,1150,17,3.4000000000000004,44,2,2,0,17,27,50.400000000000006,25.156416609023072
single_phase,single_phase/seed2_10_hor,2,5.111111111111111,1150,107,21.400000000000002,44,8,5,3,17,27,50.400000000000006,29.66756159948388
single_phase,single_phase/seed2_10_hor,3,5.111111111111111,1150,25,5.0,44,2,2,0,17,27,50.400000000000006,22.984675485649284
single_phase,single_phase/seed2_10_hor,4,5.111111111111111,1150,861,172.20000000000002,44,34,7,27,17,27,50.400000000000006,1.3474872540152358
single_phase,single_phase/seed2_10_hor,5,5.111111111111111,1150,66,13.200000000000001,44,4,0,4,17,27,213.0,24.08055885287051
single_phase,single_phase/seed2_10_hor,6,5.111111111111111,1150,2,0.4,44,1,0,1,17,27,228.60000000000002,12.623983784630962
single_phase,single_phase/seed2_10_hor,7,5.111111111111111,1150,35,7.0,44,4,0,4,17,27,212.8,15.44248049920542
single_phase,single_phase/seed2_10_hor,8,5.111111111111111,1150,12,2.4000000000000004,44,1,0,1,17,27,226.20000000000002,13.32059786112249
single_phase,single_phase/seed2_10_hor,9,5.111111111111111,1150,9,1.8,44,2,0,2,17,27,215.60000000000002,13.804428210228707
single_phase,single_phase/seed2_10_hor,10,5.111111111111111,1150,0,0.0,44,0,0,0,17,27,,11.649967890944087
single_phase,single_phase/seed2_10_hor,11,5.111111111111111,1150,30,6.0,44,3,0,3,17,27,213.4,13.058812186618725
single_phase,single_phase/seed2_12,0,5.111111111111111,1150,27,5.4,44,1,0,1,17,27,224.8,31.417324729905648
single_phase,single_phase/seed2_12,1,5.111111111111111,1150,32,6.4,44,3,0,3,17,27,89.2,31.177165754942717
single_phase,single_phase/seed2_12,2,5.111111111111111,1150,28,5.6000000000000005,44,2,0,2,17,27,222.8,31.29055045539655
single_phase,single_phase/seed2_12,3,5.111111111111111,1150,28,5.6000000000000005,44,2,0,2,17,27,89.60000000000001,31.265106767153103
single_phase,single_phase/seed2_12,4,5.111111111111111,1150,29,5.800000000000001,44,3,0,3,17,27,89.80000000000001,31.52552212133737
single_phase,single_phase/seed2_12,5,5.111111111111111,1150,44,8.8,44,3,1,2,17,27,84.0,30.828531368882757
single_phase,single_phase/seed2_12,6,5.111111111111111,1150,41,8.200000000000001,44,3,1,2,17,27,85.80000000000001,30.749346559879484
single_phase,single_phase/seed2_12,7,5.111111111111111,1150,42,8.4,44,3,1,2,17,27,85.60000000000001,30.5817808427877
single_phase,single_phase/seed2_12,8,5.111111111111111,1150,40,8.0,44,3,1,2,17,27,86.2,30.788837456117506
single_phase,single_phase/seed2_12,9,5.111111111111111,1150,30,6.0,44,2,0,2,17,27,222.60000000000002,31.407610062684924
single_phase,single_phase/seed2_13,0,5.111111111111111,1150,27,5.4,44,1,0,1,17,27,224.8,31.417324729905648
single_phase,single_phase/seed2_13,1,5.111111111111111,1150,32,6.4,44,3,0,3,17,27,89.2,31.177165754942717
single_phase,single_phase/seed2_13,2,5.111111111111111,1150,28,5.6000000000000005,44,2,0,2,17,27,222.8,31.29055045539655
single_phase,single_phase/seed2_13,3,5.111111111111111,1150,28,5.6000000000000005,44,2,0,2,17,27,89.60000000000001,31.265106767153103
single_phase,single_phase/seed2_13,4,5.111111111111111,1150,29,5.800000000000001,44,3,0,3,17,27,89.80000000000001,31.52552212133737
single_phase,single_phase/seed2_13,5,5.111111111111111,1150,42,8.4,44,3,1,2,17,27,84.80000000000001,30.91189441776875
single_phase,single_phase/seed2_13,6,5.111111111111111,1150,46,9.200000000000001,44,4,2,2,17,27,83.0,30.953888836008815
single_phase,single_phase/seed2_13,7,5.111111111111111,1150,47,9.4,44,4,2,2,17,27,83.0,30.871727617229368
single_phase,single_phase/seed2_13,8,5.111111111111111,1150,50,10.0,44,4,2,2,17,27,83.0,29.685593211377352
single_phase,single_phase/seed2_14,0,5.111111111111111,1150,111,22.200000000000003,44,8,0,8,17,27,160.20000000000002,30.63197973115667
single_phase,single_phase/seed2_14,1,5.111111111111111,1150,43,8.6,44,3,1,2,17,27,86.4,29.604151538648054
single_phase,single_phase/seed2_14,2,5.111111111111111,1150,12,2.4000000000000004,44,3,0,3,17,27,150.4,28.80655395270077
single_phase,single_phase/seed2_14,3,5.111111111111111,1150,31,6.2,44,3,0,3,17,27,88.80000000000001,30.171494619242036
single_phase,single_phase/seed2_14,4,5.111111111111111,1150,72,14.4,44,7,1,6,17,27,50.400000000000006,30.80546456317017
single_phase,single_phase/seed2_14,5,5.111111111111111,1150,566,113.2,44,24,1,23,17,27,84.80000000000001,9.641410114307366
single_phase,single_phase/seed2_14,6,5.111111111111111,1150,22,4.4,44,3,0,3,17,27,165.0,32.4502898567586
single_phase,single_phase/seed2_14,7,5.111111111111111,1150,58,11.600000000000001,44,4,0,4,17,27,143.0,30.908077868389146
single_phase,single_phase/seed2_14,8,5.111111111111111,1150,31,6.2,44,3,0,3,17,27,218.4,24.94429003695539
single_phase,single_phase/seed2_15,0,5.111111111111111,1150,606,121.2,44,25,2,23,17,27,81.2,8.80922186333608
single_phase,single_phase/seed2_15,1,5.111111111111111,1150,609,121.80000000000001,44,27,4,23,17,27,50.400000000000006,8.580187131480818
single_phase,single_phase/seed2_15,2,5.111111111111111,1150,72,14.4,44,6,2,4,17,27,81.2,30.775928129248335
single_phase,single_phase/seed2_15,3,5.111111111111111,1150,153,30.6,44,13,3,10,17,27,77.80000000000001,27.989808645114728
single_phase,single_phase/seed2_15,4,5.111111111111111,1150,40,8.0,44,5,1,4,17,27,50.400000000000006,30.449614006305044
single_phase,single_phase/seed2_15,5,5.111111111111111,1150,45,9.0,44,4,1,3,17,27,86.60000000000001,30.361126310760564
single_phase,single_phase/seed2_15,6,5.111111111111111,1150,59,11.8,44,5,2,3,17,27,83.2,29.432758356027655
single_phase,single_phase/seed2_15,7,5.111111111111111,1150,767,153.4,44,31,4,27,17,27,72.4,4.378430863879363
single_phase,single_phase/seed2_15,8,5.111111111111111,1150,87,17.400000000000002,44,6,3,3,17,27,76.4,29.438136983946062
single_phase,single_phase/seed2_16,0,5.111111111111111,1150,24,4.800000000000001,44,1,0,1,17,27,225.4,30.869402295303907
single_phase,single_phase/seed2_16,1,5.111111111111111,1150,95,19.0,44,8,0,8,17,27,162.20000000000002,29.8349453104438
single_phase,single_phase/seed2_16,2,5.111111111111111,1150,16,3.2,44,3,1,2,17,27,88.0,29.246518021603407
single_phase,single_phase/seed2_16,3,5.111111111111111,1150,26,5.2,44,3,0,3,17,27,160.20000000000002,32.65871092356602
single_phase,single_phase/seed2_16,4,5.111111111111111,1150,35,7.0,44,4,0,4,17,27,160.60000000000002,31.383817986410165
single_phase,single_phase/seed2_16,5,5.111111111111111,1150,804,160.8,44,31,4,27,17,27,68.60000000000001,3.985631519002009
single_phase,single_phase/seed2_16,6,5.111111111111111,1150,22,4.4,44,2,0,2,17,27,223.20000000000002,33.710129535072106
single_phase,single_phase/seed2_16,7,5.111111111111111,1150,100,20.0,44,5,4,1,17,27,72.2,29.313896688875698
single_phase,single_phase/seed2_16,8,5.111111111111111,1150,19,3.8000000000000003,44,1,0,1,17,27,226.0,32.20283179008683
single_phase,single_phase/seed2_17,0,5.111111111111111,1150,24,4.800000000000001,44,1,0,1,17,27,225.4,30.869402295303907
single_phase,single_phase/seed2_17,1,5.111111111111111,1150,95,19.0,44,8,0,8,17,27,162.20000000000002,29.8349453104438
single_phase,single_phase/seed2_17,2,5.111111111111111,1150,16,3.2,44,3,1,2,17,27,88.0,29.246518021603407
single_phase,single_phase/seed2_17,3,5.111111111111111,1150,26,5.2,44,3,0,3,17,27,160.20000000000002,32.65871092356602
single_phase,single_phase/seed2_17,4,5.111111111111111,1150,35,7.0,44,4,0,4,17,27,160.60000000000002,31.383817986410165
single_phase,single_phase/seed2_17,5,5.111111111111111,1150,804,160.8,44,31,4,27,17,27,68.60000000000001,3.985631519002009
single_phase,single_phase/seed2_17,6,5.111111111111111,1150,22,4.4,44,2,0,2,17,27,223.20000000000002,33.710129535072106
single_phase,single_phase/seed2_17,7,5.111111111111111,1150,100,20.0,44,5,4,1,17,27,72.2,29.313896688875698
single_phase,single_phase/seed2_17,8,5.111111111111111,1150,19,3.8000000000000003,44,1,0,1,17,27,226.0,32.20283179008683
single_phase,single_phase/seed2_17,9,5.111111111111111,1150,629,125.80000000000001,44,26,3,23,17,27,77.2,8.693625368642882
single_phase,single_phase/seed2_17,10,5.111111111111111,1150,18,3.6,44,1,0,1,17,27,226.20000000000002,33.06508403940207
single_phase,single_phase/seed2_18,0,5.111111111111111,1150,72,14.4,44,6,0,6,17,27,200.20000000000002,30.00016820486439
single_phase,single_phase/seed2_18,1,5.111111111111111,1150,20,4.0,44,3,0,3,17,27,180.4,30.310709606354205
single_phase,single_phase/seed2_18,2,5.111111111111111,1150,23,4.6000000000000005,44,2,1,1,17,27,85.80000000000001,29.261892387200763
single_phase,single_phase/seed2_18,3,5.111111111111111,1150,63,12.600000000000001,44,4,0,4,17,27,160.4,32.81436136940794
single_phase,single_phase/seed2_18,4,5.111111111111111,1150,76,15.200000000000001,44,6,2,4,17,27,78.60000000000001,29.54769394856773
single_phase,single_phase/seed2_18,5,5.111111111111111,1150,23,4.6000000000000005,44,2,0,2,17,27,160.20000000000002,31.452669164054676
single_phase,single_phase/seed2_18,6,5.111111111111111,1150,25,5.0,44,2,0,2,17,27,162.0,31.3837462037085
single_phase,single_phase/seed2_18,7,5.111111111111111,1150,22,4.4,44,2,0,2,17,27,162.20000000000002,31.14598637634022
single_phase,single_phase/seed2_18,8,5.111111111111111,1150,24,4.800000000000001,44,3,0,3,17,27,89.60000000000001,32.54289332518513
single_phase,single_phase/seed2_18,9,5.111111111111111,1150,109,21.8,44,7,2,5,17,27,81.2,29.327475329078286
single_phase,single_phase/seed2_18,10,5.111111111111111,1150,781,156.20000000000002,44,31,4,27,17,27,72.0,3.947854121975866
single_phase,single_phase/seed2_19,0,5.111111111111111,1150,79,15.8,44,5,2,3,17,27,80.80000000000001,31.44164245447496
single_phase,single_phase/seed2_19,1,5.111111111111111,1150,122,24.400000000000002,44,6,3,3,17,27,77.0,29.54329770052762
single_phase,single_phase/seed2_19,2,5.111111111111111,1150,106,21.200000000000003,44,7,2,5,17,27,80.4,27.945961225849317
single_phase,single_phase/seed2_19,3,5.111111111111111,1150,72,14.4,44,4,3,1,17,27,77.0,28.8148067947749
single_phase,single_phase/seed2_19,4,5.111111111111111,1150,50,10.0,44,3,0,3,17,27,160.4,30.746967878728896
single_phase,single_phase/seed2_19,5,5.111111111111111,1150,586,117.2,44,24,1,23,17,27,84.80000000000001,9.016710835385284
single_phase,single_phase/seed2_19,6,5.111111111111111,1150,191,38.2,44,13,0,13,17,27,88.80000000000001,26.216449008494624
single_phase,single_phase/seed2_19,7,5.111111111111111,1150,15,3.0,44,1,0,1,17,27,227.20000000000002,33.5919141638142
single_phase,single_phase/seed2_19,8,5.111111111111111,1150,51,10.200000000000001,44,4,2,2,17,27,82.2,30.9607036243644
single_phase,single_phase/seed2_19,9,5.111111111111111,1150,83,16.6,44,4,3,1,17,27,74.4,29.471680496335306
single_phase,single_phase/seed2_19,10,5.111111111111111,1150,68,13.600000000000001,44,3,2,1,17,27,78.4,30.426024816172365
single_phase,single_phase/seed2_2,0,4.181818181818182,1150,47,9.4,54,6,0,6,21,33,89.60000000000001,31.151728065573177
single_phase,single_phase/seed2_2,1,4.181818181818182,1150,37,7.4,54,5,0,5,21,33,164.20000000000002,27.94309245702075
single_phase,single_phase/seed2_2,2,4.181818181818182,1150,24,4.800000000000001,54,4,0,4,21,33,212.20000000000002,30.837492050817627
single_phase,single_phase/seed2_2,3,4.181818181818182,1150,17,3.4000000000000004,54,3,0,3,21,33,213.0,26.90562607103871
single_phase,single_phase/seed2_2,4,4.181818181818182,1150,20,4.0,54,4,0,4,21,33,200.20000000000002,27.26942498957405
single_phase,single_phase/seed2_2,5,4.181818181818182,1150,16,3.2,54,2,1,1,21,33,86.4,32.306775224984115
single_phase,single_phase/seed2_2,6,4.181818181818182,1150,3,0.6000000000000001,54,0,0,0,21,33,229.4,28.82857142743006
single_phase,single_phase/seed2_2,7,4.181818181818182,1150,0,0.0,54,0,0,0,21,33,,24.437566216740766
single_phase,single_phase/seed2_2,8,4.181818181818182,1150,0,0.0,54,0,0,0,21,33,,24.1289829412642
single_phase,single_phase/seed2_20,0,5.111111111111111,1150,79,15.8,44,5,2,3,17,27,80.80000000000001,31.44164245447496
single_phase,single_phase/seed2_20,1,5.111111111111111,1150,0,0.0,44,0,0,0,17,27,,26.801619316154888
single_phase,single_phase/seed2_20,2,5.111111111111111,1150,73,14.600000000000001,44,7,3,4,17,27,78.0,28.02337376987253
single_phase,single_phase/seed2_20,3,5.111111111111111,1150,0,0.0,44,0,0,0,17,27,,27.640811365079642
single_phase,single_phase/seed2_20,4,5.111111111111111,1150,68,13.600000000000001,44,5,2,3,17,27,79.0,26.183641652536735
single_phase,single_phase/seed2_20,5,5.111111111111111,1150,680,136.0,44,29,3,26,17,27,77.0,5.584193458354453
single_phase,single_phase/seed2_20,6,5.111111111111111,1150,63,12.600000000000001,44,3,2,1,17,27,78.4,27.47512765020099
single_phase,single_phase/seed2_20,7,5.111111111111111,1150,11,2.2,44,1,0,1,17,27,224.60000000000002,23.37190801383392
single_phase,single_phase/seed2_20,8,5.111111111111111,1150,0,0.0,44,0,0,0,17,27,,22.91402287156041
single_phase,single_phase/seed2_20,9,5.111111111111111,1150,70,14.0,44,4,3,1,17,27,77.60000000000001,24.502389960446102
single_phase,single_phase/seed2_20,10,5.111111111111111,1150,787,157.4,44,31,4,27,17,27,70.60000000000001,4.1085029933857555
single_phase,single_phase/seed2_20,11,5.111111111111111,1150,10,2.0,44,2,1,1,17,27,88.2,28.426483832287193
single_phase,single_phase/seed2_20,12,5.111111111111111,1150,4,0.8,44,1,0,1,17,27,160.20000000000002,25.1329719984905
single_phase,single_phase/seed2_20,13,5.111111111111111,1150,10,2.0,44,2,0,2,17,27,212.0,27.49292184161795
single_phase,single_phase/seed2_20,14,5.111111111111111,1150,0,0.0,44,0,0,0,17,27,,30.024891484044222
single_phase,single_phase/seed2_21,0,5.111111111111111,1150,79,15.8,44,5,2,3,17,27,80.80000000000001,31.44164245447496
single_phase,single_phase/seed2_21,1,5.111111111111111,1150,0,0.0,44,0,0,0,17,27,,26.801619316154888
single_phase,single_phase/seed2_21,2,5.111111111111111,1150,73,14.600000000000001,44,7,3,4,17,27,78.0,28.02337376987253
single_phase,single_phase/seed2_21,3,5.111111111111111,1150,0,0.0,44,0,0,0,17,27,,27.640811365079642
single_phase,single_phase/seed2_21,4,5.111111111111111,1150,68,13.600000000000001,44,5,2,3,17,27,79.0,26.183641652536735
single_phase,single_phase/seed2_21,5,5.111111111111111,1150,809,161.8,44,31,4,27,17,27,68.4,3.2234072458791347
single_phase,single_phase/seed2_21,6,5.111111111111111,1150,2,0.4,44,1,0,1,17,27,89.80000000000001,30.549003018993147
single_phase,single_phase/seed2_21,7,5.111111111111111,1150,0,0.0,44,0,0,0,17,27,,26.56447043065878
single_phase,single_phase/seed2_22,0,5.111111111111111,1150,79,15.8,44,5,2,3,17,27,80.80000000000001,31.44164245447496
single_phase,single_phase/seed2_22,1,5.111111111111111,1150,0,0.0,44,0,0,0,17,27,,26.801619316154888
single_phase,single_phase/seed2_22,2,5.111111111111111,1150,73,14.600000000000001,44,7,3,4,17,27,78.0,28.02337376987253
single_phase,single_phase/seed2_22,3,5.111111111111111,1150,0,0.0,44,0,0,0,17,27,,27.640811365079642
single_phase,single_phase/seed2_22,4,5.111111111111111,1150,68,13.600000000000001,44,5,2,3,17,27,79.0,26.183641652536735
single_phase,single_phase/seed2_22,5,5.111111111111111,1150,809,161.8,44,31,4,27,17,27,68.4,3.2234072458791347
single_phase,single_phase/seed2_22,6,5.111111111111111,1150,2,0.4,44,1,0,1,17,27,89.80000000000001,30.549003018993147
single_phase,single_phase/seed2_22,7,5.111111111111111,1150,0,0.0,44,0,0,0,17,27,,26.56447043065878
single_phase,single_phase/seed2_23,0,5.111111111111111,1150,79,15.8,44,5,2,3,17,27,80.80000000000001,31.44164245447496
single_phase,single_phase/seed2_23,1,5.111111111111111,1150,0,0.0,44,0,0,0,17,27,,26.801619316154888
single_phase,single_phase/seed2_23,2,5.111111111111111,1150,73,14.600000000000001,44,7,3,4,17,27,78.0,28.02337376987253
single_phase,single_phase/seed2_23,3,5.111111111111111,1150,0,0.0,44,0,0,0,17,27,,27.640811365079642
single_phase,single_phase/seed2_23,4,5.111111111111111,1150,68,13.600000000000001,44,5,2,3,17,27,79.0,26.183641652536735
single_phase,single_phase/seed2_23,5,5.111111111111111,1150,806,161.20000000000002,44,31,4,27,17,27,68.4,3.1876526808995167
single_phase,single_phase/seed2_23,6,5.111111111111111,1150,50,10.0,44,3,2,1,17,27,81.0,30.09185527868788
single_phase,single_phase/seed2_23,7,5.111111111111111,1150,0,0.0,44,0,0,0,17,27,,25.368138307017958
single_phase,single_phase/seed2_24,0,5.111111111111111,1150,79,15.8,44,5,2,3,17,27,80.80000000000001,31.44164245447496
single_phase,single_phase/seed2_24,1,5.111111111111111,1150,0,0.0,44,0,0,0,17,27,,26.801619316154888
single_phase,single_phase/seed2_24,2,5.111111111111111,1150,73,14.600000000000001,44,7,3,4,17,27,78.0,28.02337376987253
single_phase,single_phase/seed2_24,3,5.111111111111111,1150,0,0.0,44,0,0,0,17,27,,27.640811365079642
single_phase,single_phase/seed2_24,4,5.111111111111111,1150,68,13.600000000000001,44,5,2,3,17,27,79.0,26.183641652536735
single_phase,single_phase/seed2_24,5,5.111111111111111,1150,805,161.0,44,31,4,27,17,27,68.60000000000001,3.1093868177618975
single_phase,single_phase/seed2_24,6,5.111111111111111,1150,102,20.400000000000002,44,7,3,4,17,27,77.80000000000001,28.06997846614863
single_phase,single_phase/seed2_24,7,5.111111111111111,1150,0,0.0,44,0,0,0,17,27,,25.098340487874484
single_phase,single_phase/seed2_24,8,5.111111111111111,1150,0,0.0,44,0,0,0,17,27,,25.376468287454166
single_phase,single_phase/seed2_24,9,5.111111111111111,1150,21,4.2,44,4,1,3,17,27,86.4,27.928437781859405
single_phase,single_phase/seed2_24,10,5.111111111111111,1150,71,14.200000000000001,44,4,3,1,17,27,77.4,30.036642665805417
single_phase,single_phase/seed2_25,0,5.111111111111111,1150,72,14.4,44,6,0,6,17,27,200.20000000000002,30.00016820486439
single_phase,single_phase/seed2_25,1,5.111111111111111,1150,7,1.4000000000000001,44,2,0,2,17,27,89.60000000000001,26.35589931956898
single_phase,single_phase/seed2_25,2,5.111111111111111,1150,1,0.2,44,1,0,1,17,27,160.4,30.222306391990095
single_phase,single_phase/seed2_25,3,5.111111111111111,1150,3,0.6000000000000001,44,1,0,1,17,27,212.4,25.8752826659097
single_phase,single_phase/seed2_25,4,5.111111111111111,1150,62,12.4,44,7,2,5,17,27,60.400000000000006,24.887730191173446
single_phase,single_phase/seed2_25,5,5.111111111111111,1150,0,0.0,44,0,0,0,17,27,,33.873513919329724
single_phase,single_phase/seed2_26,0,5.111111111111111,1150,72,14.4,44,6,0,6,17,27,200.20000000000002,30.00016820486439
single_phase,single_phase/seed2_26,1,5.111111111111111,1150,7,1.4000000000000001,44,2,0,2,17,27,89.60000000000001,26.35589931956898
single_phase,single_phase/seed2_26,2,5.111111111111111,1150,1,0.2,44,1,0,1,17,27,160.4,30.222306391990095
single_phase,single_phase/seed2_26,3,5.111111111111111,1150,3,0.6000000000000001,44,1,0,1,17,27,212.4,25.8752826659097
single_phase,single_phase/seed2_26,4,5.111111111111111,1150,62,12.4,44,7,2,5,17,27,60.400000000000006,24.887730191173446
single_phase,single_phase/seed2_26,5,5.111111111111111,1150,637,127.4,44,26,2,24,17,27,78.60000000000001,7.369103331572034
single_phase,single_phase/seed2_26,6,5.111111111111111,1150,0,0.0,44,0,0,0,17,27,,30.84655572721073
single_phase,single_phase/seed2_26,7,5.111111111111111,1150,0,0.0,44,0,0,0,17,27,,26.650113148639843
single_phase,single_phase/seed2_26,8,5.111111111111111,1150,0,0.0,44,0,0,0,17,27,,24.784139277952935
single_phase,single_phase/seed2_27,0,5.111111111111111,1150,72,14.4,44,6,0,6,17,27,200.20000000000002,30.00016820486439
single_phase,single_phase/seed2_27,1,5.111111111111111,1150,7,1.4000000000000001,44,2,0,2,17,27,89.60000000000001,26.35589931956898
single_phase,single_phase/seed2_27,2,5.111111111111111,1150,1,0.2,44,1,0,1,17,27,160.4,30.222306391990095
single_phase,single_phase/seed2_27,3,5.111111111111111,1150,3,0.6000000000000001,44,1,0,1,17,27,212.4,25.8752826659097
single_phase,single_phase/seed2_27,4,5.111111111111111,1150,62,12.4,44,7,2,5,17,27,60.400000000000006,24.887730191173446
single_phase,single_phase/seed2_27,5,5.111111111111111,1150,228,45.6,44,12,2,10,17,27,82.2,26.004346143644128
single_phase,single_phase/seed2_27,6,5.111111111111111,1150,114,22.8,44,7,3,4,17,27,77.60000000000001,28.1878498450442
single_phase,single_phase/seed2_27,7,5.111111111111111,1150,20,4.0,44,2,0,2,17,27,221.20000000000002,25.913738348858836
single_phase,single_phase/seed2_27,8,5.111111111111111,1150,0,0.0,44,0,0,0,17,27,,25.571616238982447
single_phase,single_phase/seed2_28,0,5.111111111111111,1150,72,14.4,44,6,0,6,17,27,200.20000000000002,30.00016820486439
single_phase,single_phase/seed2_28,1,5.111111111111111,1150,7,1.4000000000000001,44,2,0,2,17,27,89.60000000000001,26.35589931956898
single_phase,single_phase/seed2_28,2,5.111111111111111,1150,1,0.2,44,1,0,1,17,27,160.4,30.222306391990095
single_phase,single_phase/seed2_28,3,5.111111111111111,1150,3,0.6000000000000001,44,1,0,1,17,27,212.4,25.8752826659097
single_phase,single_phase/seed2_28,4,5.111111111111111,1150,62,12.4,44,7,2,5,17,27,60.400000000000006,24.887730191173446
single_phase,single_phase/seed2_28,5,5.111111111111111,1150,0,0.0,44,0,0,0,17,27,,25.464196641706312
single_phase,single_phase/seed2_28,6,5.111111111111111,1150,3,0.6000000000000001,44,0,0,0,17,27,229.60000000000002,23.097765958297888
single_phase,single_phase/seed2_28,7,5.111111111111111,1150,0,0.0,44,0,0,0,17,27,,19.361304264989883
single_phase,single_phase/seed2_28,8,5.111111111111111,1150,0,0.0,44,0,0,0,17,27,,19.061788757201143
single_phase,single_phase/seed2_29,0,5.111111111111111,1150,72,14.4,44,6,0,6,17,27,200.20000000000002,30.00016820486439
single_phase,single_phase/seed2_29,1,5.111111111111111,1150,7,1.4000000000000001,44,2,0,2,17,27,89.60000000000001,26.35589931956898
single_phase,single_phase/seed2_29,2,5.111111111111111,1150,1,0.2,44,1,0,1,17,27,160.4,30.222306391990095
single_phase,single_phase/seed2_29,3,5.111111111111111,1150,3,0.6000000000000001,44,1,0,1,17,27,212.4,25.8752826659097
single_phase,single_phase/seed2_29,4,5.111111111111111,1150,62,12.4,44,7,2,5,17,27,60.400000000000006,24.887730191173446
single_phase,single_phase/seed2_29,5,5.111111111111111,1150,14,2.8000000000000003,44,2,1,1,17,27,86.80000000000001,34.331618396725375
single_phase,single_phase/seed2_29,6,5.111111111111111,1150,59,11.8,44,5,2,3,17,27,81.60000000000001,30.64538661680223
single_phase,single_phase/seed2_29,7,5.111111111111111,1150,0,0.0,44,0,0,0,17,27,,26.857908073239464
single_phase,single_phase/seed2_29,8,5.111111111111111,1150,0,0.0,44,0,0,0,17,27,,26.487772298400674
single_phase,single_phase/seed2_30,0,5.111111111111111,1150,72,14.4,44,6,0,6,17,27,200.20000000000002,30.00016820486439
single_phase,single_phase/seed2_30,1,5.111111111111111,1150,7,1.4000000000000001,44,2,0,2,17,27,89.60000000000001,26.35589931956898
single_phase,single_phase/seed2_30,2,5.111111111111111,1150,1,0.2,44,1,0,1,17,27,160.4,30.222306391990095
single_phase,single_phase/seed2_30,3,5.111111111111111,1150,3,0.6000000000000001,44,1,0,1,17,27,212.4,25.8752826659097
single_phase,single_phase/seed2_30,4,5.111111111111111,1150,62,12.4,44,7,2,5,17,27,60.400000000000006,24.887730191173446
single_phase,single_phase/seed2_30,5,5.111111111111111,1150,550,110.0,44,24,2,22,17,27,76.2,9.689482595456528
single_phase,single_phase/seed2_30,6,5.111111111111111,1150,0,0.0,44,0,0,0,17,27,,29.940366681678118
single_phase,single_phase/seed2_30,7,5.111111111111111,1150,0,0.0,44,0,0,0,17,27,,24.051363858669102
single_phase,single_phase/seed2_30,8,5.111111111111111,1150,7,1.4000000000000001,44,1,0,1,17,27,215.20000000000002,22.55748952726161
single_phase,single_phase/seed2_30,9,5.111111111111111,1150,47,9.4,44,3,0,3,17,27,160.20000000000002,26.672358398591943
single_phase,single_phase/seed2_31,0,5.111111111111111,1150,72,14.4,44,6,0,6,17,27,200.20000000000002,30.00016820486439
single_phase,single_phase/seed2_31,1,5.111111111111111,1150,7,1.4000000000000001,44,2,0,2,17,27,89.60000000000001,26.35589931956898
single_phase,single_phase/seed2_31,2,5.111111111111111,1150,1,0.2,44,1,0,1,17,27,160.4,30.222306391990095
single_phase,single_phase/seed2_31,3,5.111111111111111,1150,3,0.6000000000000001,44,1,0,1,17,27,212.4,25.8752826659097
single_phase,single_phase/seed2_31,4,5.111111111111111,1150,62,12.4,44,7,2,5,17,27,60.400000000000006,24.887730191173446
single_phase,single_phase/seed2_31,5,5.111111111111111,1150,551,110.2,44,24,2,22,17,27,76.2,9.702248166536485
single_phase,single_phase/seed2_31,6,5.111111111111111,1150,0,0.0,44,0,0,0,17,27,,29.903698030318182
single_phase,single_phase/seed2_31,7,5.111111111111111,1150,0,0.0,44,0,0,0,17,27,,23.809284506145303
single_phase,single_phase/seed2_31,8,5.111111111111111,1150,0,0.0,44,0,0,0,17,27,,25.759653337277857
single_phase,single_phase/seed2_32,0,5.111111111111111,1150,72,14.4,44,6,0,6,17,27,200.20000000000002,30.00016820486439
single_phase,single_phase/seed2_32,1,5.111111111111111,1150,7,1.4000000000000001,44,2,0,2,17,27,89.60000000000001,26.35589931956898
single_phase,single_phase/seed2_32,2,5.111111111111111,1150,1,0.2,44,1,0,1,17,27,160.4,30.222306391990095
single_phase,single_phase/seed2_32,3,5.111111111111111,1150,3,0.6000000000000001,44,1,0,1,17,27,212.4,25.8752826659097
single_phase,single_phase/seed2_32,4,5.111111111111111,1150,62,12.4,44,7,2,5,17,27,60.400000000000006,24.887730191173446
single_phase,single_phase/seed2_32,5,5.111111111111111,1150,0,0.0,44,0,0,0,17,27,,34.63629817574726
single_phase,single_phase/seed2_33,0,5.111111111111111,1150,72,14.4,44,6,0,6,17,27,200.20000000000002,30.00016820486439
single_phase,single_phase/seed2_33,1,5.111111111111111,1150,7,1.4000000000000001,44,2,0,2,17,27,89.60000000000001,26.35589931956898
single_phase,single_phase/seed2_33,2,5.111111111111111,1150,1,0.2,44,1,0,1,17,27,160.4,30.222306391990095
single_phase,single_phase/seed2_33,3,5.111111111111111,1150,3,0.6000000000000001,44,1,0,1,17,27,212.4,25.8752826659097
single_phase,single_phase/seed2_33,4,5.111111111111111,1150,62,12.4,44,7,2,5,17,27,60.400000000000006,24.887730191173446
single_phase,single_phase/seed2_33,5,5.111111111111111,1150,639,127.80000000000001,44,27,2,25,17,27,79.0,7.163627877826207
single_phase,single_phase/seed2_33,6,5.111111111111111,1150,0,0.0,44,0,0,0,17,27,,30.504855532471467
single_phase,single_phase/seed2_33,7,5.111111111111111,1150,0,0.0,44,0,0,0,17,27,,23.916737113168878
single_phase,single_phase/seed2_33,8,5.111111111111111,1150,0,0.0,44,0,0,0,17,27,,24.340122858752462
single_phase,single_phase/seed2_34,0,5.111111111111111,1150,72,14.4,44,6,0,6,17,27,200.20000000000002,30.00016820486439
single_phase,single_phase/seed2_34,1,5.111111111111111,1150,7,1.4000000000000001,44,2,0,2,17,27,89.60000000000001,26.35589931956898
single_phase,single_phase/seed2_34,2,5.111111111111111,1150,1,0.2,44,1,0,1,17,27,160.4,30.222306391990095
single_phase,single_phase/seed2_34,3,5.111111111111111,1150,3,0.6000000000000001,44,1,0,1,17,27,212.4,25.8752826659097
single_phase,single_phase/seed2_34,4,5.111111111111111,1150,62,12.4,44,7,2,5,17,27,60.400000000000006,24.887730191173446
single_phase,single_phase/seed2_34,5,5.111111111111111,1150,622,124.4,44,25,2,23,17,27,79.80000000000001,7.7312734387732895
single_phase,single_phase/seed2_34,6,5.111111111111111,1150,0,0.0,44,0,0,0,17,27,,30.56180996456802
single_phase,single_phase/seed2_34,7,5.111111111111111,1150,0,0.0,44,0,0,0,17,27,,25.313938849722867
single_phase,single_phase/seed2_34,8,5.111111111111111,1150,16,3.2,44,4,0,4,17,27,175.4,21.98345327008973
single_phase,single_phase/seed2_35,0,5.111111111111111,1150,72,14.4,44,6,0,6,17,27,200.20000000000002,30.00016820486439
single_phase,single_phase/seed2_35,1,5.111111111111111,1150,7,1.4000000000000001,44,2,0,2,17,27,89.60000000000001,26.35589931956898
single_phase,single_phase/seed2_35,2,5.111111111111111,1150,1,0.2,44,1,0,1,17,27,160.4,30.222306391990095
single_phase,single_phase/seed2_35,3,5.111111111111111,1150,3,0.6000000000000001,44,1,0,1,17,27,212.4,25.8752826659097
single_phase,single_phase/seed2_35,4,5.111111111111111,1150,62,12.4,44,7,2,5,17,27,60.400000000000006,24.887730191173446
single_phase,single_phase/seed2_35,5,5.111111111111111,1150,626,125.2,44,25,2,23,17,27,79.60000000000001,7.729396006209981
single_phase,single_phase/seed2_35,6,5.111111111111111,1150,0,0.0,44,0,0,0,17,27,,30.394805964547814
single_phase,single_phase/seed2_35,7,5.111111111111111,1150,0,0.0,44,0,0,0,17,27,,24.78855729231452
single_phase,single_phase/seed2_35,8,5.111111111111111,1150,20,4.0,44,4,0,4,17,27,175.4,21.92589687501307
single_phase,single_phase/seed2_36,0,5.111111111111111,1150,72,14.4,44,6,0,6,17,27,200.20000000000002,30.00016820486439
single_phase,single_phase/seed2_36,1,5.111111111111111,1150,7,1.4000000000000001,44,2,0,2,17,27,89.60000000000001,26.35589931956898
single_phase,single_phase/seed2_36,2,5.111111111111111,1150,1,0.2,44,1,0,1,17,27,160.4,30.222306391990095
single_phase,single_phase/seed2_36,3,5.111111111111111,1150,3,0.6000000000000001,44,1,0,1,17,27,212.4,25.8752826659097
single_phase,single_phase/seed2_36,4,5.111111111111111,1150,62,12.4,44,7,2,5,17,27,60.400000000000006,24.887730191173446
single_phase,single_phase/seed2_36,5,5.111111111111111,1150,601,120.2,44,25,2,23,17,27,81.2,8.613768983144553
single_phase,single_phase/seed2_36,6,5.111111111111111,1150,0,0.0,44,0,0,0,17,27,,30.041861156989587
single_phase,single_phase/seed2_36,7,5.111111111111111,1150,0,0.0,44,0,0,0,17,27,,23.965426826137737
single_phase,single_phase/seed2_36,8,5.111111111111111,1150,19,3.8000000000000003,44,3,0,3,17,27,170.4,22.25846184783696
single_phase,single_phase/seed2_37,0,5.111111111111111,1150,72,14.4,44,6,0,6,17,27,200.20000000000002,30.00016820486439
single_phase,single_phase/seed2_37,1,5.111111111111111,1150,66,13.200000000000001,44,4,2,2,17,27,80.0,25.32354911929385
single_phase,single_phase/seed2_37,2,5.111111111111111,1150,72,14.4,44,4,2,2,17,27,79.2,30.935891167261044
single_phase,single_phase/seed2_37,3,5.111111111111111,1150,53,10.600000000000001,44,4,0,4,17,27,160.4,26.43100739150793
single_phase,single_phase/seed2_37,4,5.111111111111111,1150,18,3.6,44,4,0,4,17,27,160.4,27.765249469135494
single_phase,single_phase/seed2_37,5,5.111111111111111,1150,720,144.0,44,29,3,26,17,27,73.8,5.570138156373763
single_phase,single_phase/seed2_37,6,5.111111111111111,1150,0,0.0,44,0,0,0,17,27,,28.991078498719776
single_phase,single_phase/seed2_37,7,5.111111111111111,1150,0,0.0,44,0,0,0,17,27,,21.923903540797475
single_phase,single_phase/seed2_37,8,5.111111111111111,1150,18,3.6,44,3,0,3,17,27,175.4,20.288754252081954
single_phase,single_phase/seed2_4,0,2.0,1150,63,12.600000000000001,115,13,3,10,45,70,85.4,30.087723137365582
single_phase,single_phase/seed2_4,1,2.0,1150,43,8.6,115,8,0,8,45,70,206.20000000000002,27.167411774916246
single_phase,single_phase/seed2_4,2,2.0,1150,8,1.6,115,2,0,2,45,70,202.20000000000002,30.43971403265533
single_phase,single_phase/seed2_4,3,2.0,1150,11,2.2,115,2,0,2,45,70,166.20000000000002,26.969975470419353
single_phase,single_phase/seed2_4,4,2.0,1150,19,3.8000000000000003,115,4,0,4,45,70,206.20000000000002,26.937678484805538
single_phase,single_phase/seed2_4,5,2.0,1150,0,0.0,115,0,0,0,45,70,,25.479173756594214
single_phase,single_phase/seed2_4,6,2.0,1150,3,0.6000000000000001,115,1,0,1,45,70,229.60000000000002,23.097996988203732
single_phase,single_phase/seed2_4,7,2.0,1150,0,0.0,115,0,0,0,45,70,,19.362179672408846
single_phase,single_phase/seed2_4,8,2.0,1150,0,0.0,115,0,0,0,45,70,,19.065271605146712
single_phase,single_phase/seed2_4,9,2.0,1150,0,0.0,115,0,0,0,45,70,,22.00063795242497
single_phase,single_phase/seed2_4,10,2.0,1150,58,11.600000000000001,115,6,0,6,45,70,218.60000000000002,27.43003022521886
single_phase,single_phase/seed2_4,11,2.0,1150,3,0.6000000000000001,115,2,0,2,45,70,228.0,26.35238115799566
single_phase,single_phase/seed2_4,12,2.0,1150,5,1.0,115,1,0,1,45,70,218.60000000000002,21.882403632392545
single_phase,single_phase/seed2_4,13,2.0,1150,0,0.0,115,0,0,0,45,70,,26.19444732789296
single_phase,single_phase/seed2_4,14,2.0,1150,6,1.2000000000000002,115,2,0,2,45,70,227.60000000000002,29.973283995112926
single_phase,single_phase/seed2_5,0,2.017543859649123,1150,70,14.0,115,10,1,9,44,71,86.80000000000001,29.992467507569177
single_phase,single_phase/seed2_5,1,2.017543859649123,1150,26,5.2,115,4,0,4,44,71,162.4,27.84488615961628
single_phase,single_phase/seed2_5,2,2.017543859649123,1150,0,0.0,115,0,0,0,44,71,,30.14766961250598
single_phase,single_phase/seed2_5,3,2.017543859649123,1150,41,8.200000000000001,115,8,0,8,44,71,188.4,25.734163469624306
single_phase,single_phase/seed2_5,4,2.017543859649123,1150,59,11.8,115,7,0,7,44,71,204.4,26.36056892965409
single_phase,single_phase/seed2_5,5,2.017543859649123,1150,3,0.6000000000000001,115,1,0,1,44,71,89.0,32.012469943810366
single_phase,single_phase/seed2_5,6,2.017543859649123,1150,0,0.0,115,0,0,0,44,71,,25.069709004631466
single_phase,single_phase/seed2_5,7,2.017543859649123,1150,0,0.0,115,0,0,0,44,71,,25.590108699235792
single_phase,single_phase/seed2_6,0,5.111111111111111,1150,78,15.600000000000001,44,7,4,3,17,27,50.400000000000006,28.91921353492812
single_phase,single_phase/seed2_6,1,5.111111111111111,1150,16,3.2,44,2,0,2,17,27,200.20000000000002,26.760341892002785
single_phase,single_phase/seed2_6,2,5.111111111111111,1150,39,7.800000000000001,44,4,0,4,17,27,150.4,27.78422997844418
single_phase,single_phase/seed2_6,3,5.111111111111111,1150,79,15.8,44,6,4,2,17,27,50.400000000000006,25.614268136692726
single_phase,single_phase/seed2_6,4,5.111111111111111,1150,602,120.4,44,25,2,23,17,27,82.2,8.235775307538717
single_phase,single_phase/seed2_6,5,5.111111111111111,1150,866,173.20000000000002,44,34,7,27,17,27,56.6,2.6082223924485786
single_phase,single_phase/seed2_6,6,5.111111111111111,1150,808,161.60000000000002,44,32,5,27,17,27,66.60000000000001,3.9511940753738872
single_phase,single_phase/seed2_6,7,5.111111111111111,1150,817,163.4,44,32,5,27,17,27,65.60000000000001,3.1989993108162422
single_phase,single_phase/seed2_8,0,5.111111111111111,1150,55,11.0,44,4,3,1,17,27,50.400000000000006,33.15849845658703
single_phase,single_phase/seed2_8,1,5.111111111111111,1150,51,10.200000000000001,44,4,0,4,17,27,100.4,22.719290336771163
single_phase,single_phase/seed2_8,2,5.111111111111111,1150,67,13.4,44,4,0,4,17,27,150.4,26.07826054764551
single_phase,single_phase/seed2_8,3,5.111111111111111,1150,76,15.200000000000001,44,6,4,2,17,27,50.400000000000006,24.27033530454696
single_phase,single_phase/seed2_8,4,5.111111111111111,1150,181,36.2,44,11,0,11,17,27,126.80000000000001,24.6419476664565
single_phase,single_phase/seed2_8,5,5.111111111111111,1150,882,176.4,44,36,9,27,17,27,25.6,0.9545504620442602
single_phase,single_phase/seed2_8,6,5.111111111111111,1150,845,169.0,44,34,7,27,17,27,30.400000000000002,1.7368126496953673
single_phase,single_phase/seed2_8,7,5.111111111111111,1150,792,158.4,44,33,6,27,17,27,30.400000000000002,2.371909752934104
single_phase,single_phase/seed2_paired,0,2.017543859649123,1150,70,14.0,115,10,1,9,44,71,86.80000000000001,29.992467507569177
single_phase,single_phase/seed2_paired,1,2.017543859649123,1150,26,5.2,115,4,0,4,44,71,162.4,27.84488615961628
single_phase,single_phase/seed2_paired,2,2.017543859649123,1150,0,0.0,115,0,0,0,44,71,,30.14766961250598
single_phase,single_phase/seed2_paired,3,2.017543859649123,1150,41,8.200000000000001,115,8,0,8,44,71,188.4,25.734163469624306
single_phase,single_phase/seed2_paired,4,2.017543859649123,1150,59,11.8,115,7,0,7,44,71,204.4,26.36056892965409
single_phase,single_phase/seed2_paired,5,2.017543859649123,1150,0,0.0,115,0,0,0,44,71,,28.167482588449506
single_phase,single_phase/seed2_paired,6,2.017543859649123,1150,2,0.4,115,1,0,1,44,71,229.60000000000002,23.126815750149653
single_phase,single_phase/seed2_paired,7,2.017543859649123,1150,0,0.0,115,0,0,0,44,71,,19.36130440368316
single_phase,single_phase/seed2_paired,8,2.017543859649123,1150,0,0.0,115,0,0,0,44,71,,19.06192901044863
single_phase,single_phase/seed3_0,0,2.017543859649123,1150,12,2.4000000000000004,115,3,0,3,44,71,160.4,25.720090335983958
single_phase,single_phase/seed3_0,1,2.017543859649123,1150,72,14.4,115,11,1,10,44,71,78.4,22.20273882123181
single_phase,single_phase/seed3_0,2,2.017543859649123,1150,32,6.4,115,6,2,4,44,71,85.2,26.626381211470193
single_phase,single_phase/seed3_0,3,2.017543859649123,1150,29,5.800000000000001,115,4,0,4,44,71,202.4,22.938924210102588
single_phase,single_phase/seed3_0,4,2.017543859649123,1150,28,5.6000000000000005,115,6,2,4,44,71,85.60000000000001,23.945441155995976
single_phase,single_phase/seed3_0,5,2.017543859649123,1150,68,13.600000000000001,115,9,0,9,44,71,212.8,22.283158650064134
single_phase,single_phase/seed3_0,6,2.017543859649123,1150,0,0.0,115,0,0,0,44,71,,24.88767337908028
single_phase,single_phase/seed3_0,7,2.017543859649123,1150,2,0.4,115,1,0,1,44,71,213.0,29.988764379634077
single_phase,single_phase/seed3_0,8,2.017543859649123,1150,0,0.0,115,0,0,0,44,71,,26.06826922335323
single_phase,single_phase/seed3_0,9,2.017543859649123,1150,0,0.0,115,0,0,0,44,71,,27.1973850930747
single_phase,single_phase/seed3_0,10,2.017543859649123,1150,0,0.0,115,0,0,0,44,71,,22.761655115118295
single_phase,single_phase/seed3_0,11,2.017543859649123,1150,11,2.2,115,2,0,2,44,71,215.8,25.553238563766946
single_phase,single_phase/seed3_1,0,5.111111111111111,1150,70,14.0,44,6,2,4,17,27,79.80000000000001,23.15327694013241
single_phase,single_phase/seed3_1,1,5.111111111111111,1150,38,7.6000000000000005,44,4,0,4,17,27,200.4,22.723848544473828
single_phase,single_phase/seed3_1,2,5.111111111111111,1150,51,10.200000000000001,44,4,2,2,17,27,81.60000000000001,26.416514997535252
single_phase,single_phase/seed3_1,3,5.111111111111111,1150,54,10.8,44,4,0,4,17,27,200.20000000000002,22.536565195187944
single_phase,single_phase/seed3_1,4,5.111111111111111,1150,109,21.8,44,9,2,7,17,27,80.0,21.466343771933918
single_phase,single_phase/seed3_1,5,5.111111111111111,1150,276,55.2,44,15,4,11,17,27,70.2,21.980988088910028
single_phase,single_phase/seed3_1,6,5.111111111111111,1150,96,19.200000000000003,44,5,4,1,17,27,72.2,23.455995878857934
single_phase,single_phase/seed3_1,7,5.111111111111111,1150,176,35.2,44,8,5,3,17,27,66.2,32.50417686454671
single_phase,single_phase/seed3_1,8,5.111111111111111,1150,790,158.0,44,31,4,27,17,27,71.60000000000001,3.7474152401515823
single_phase,single_phase/seed3_1,9,5.111111111111111,1150,153,30.6,44,7,4,3,17,27,70.8,25.380717901053007
single_phase,single_phase/seed3_1,10,5.111111111111111,1150,0,0.0,44,0,0,0,17,27,,25.201419543403222
single_phase,single_phase/seed3_10,0,5.111111111111111,1150,825,165.0,44,32,5,27,17,27,64.8,2.981843683502399
single_phase,single_phase/seed3_10,1,5.111111111111111,1150,17,3.4000000000000004,44,2,2,0,17,27,50.400000000000006,25.156416609023072
single_phase,single_phase/seed3_10,2,5.111111111111111,1150,107,21.400000000000002,44,8,5,3,17,27,50.400000000000006,29.66756159948388
single_phase,single_phase/seed3_10,3,5.111111111111111,1150,25,5.0,44,2,2,0,17,27,50.400000000000006,22.984675485649284
single_phase,single_phase/seed3_10,4,5.111111111111111,1150,861,172.20000000000002,44,34,7,27,17,27,50.400000000000006,1.3474872540152358
single_phase,single_phase/seed3_10,5,5.111111111111111,1150,61,12.200000000000001,44,4,2,2,17,27,80.0,27.0569462253923
single_phase,single_phase/seed3_10,6,5.111111111111111,1150,0,0.0,44,0,0,0,17,27,,26.184825357519056
single_phase,single_phase/seed3_10,7,5.111111111111111,1150,12,2.4000000000000004,44,2,1,1,17,27,87.80000000000001,33.02188259229831
single_phase,single_phase/seed3_10,8,5.111111111111111,1150,0,0.0,44,0,0,0,17,27,,28.86725510012809
single_phase,single_phase/seed3_10,9,5.111111111111111,1150,0,0.0,44,0,0,0,17,27,,26.992051094326033
single_phase,single_phase/seed3_10,10,5.111111111111111,1150,0,0.0,44,0,0,0,17,27,,23.12795737526173
single_phase,single_phase/seed3_10,11,5.111111111111111,1150,10,2.0,44,1,0,1,17,27,216.0,25.457039218831774
single_phase,single_phase/seed3_100,0,5.111111111111111,1150,57,11.4,44,5,0,5,17,27,182.0,23.94821094228283
single_phase,single_phase/seed3_100,1,5.111111111111111,1150,56,11.200000000000001,44,4,0,4,17,27,166.4,23.394272399886876
single_phase,single_phase/seed3_100,2,5.111111111111111,1150,18,3.6,44,3,0,3,17,27,180.4,27.126579282194857
single_phase,single_phase/seed3_100,3,5.111111111111111,1150,48,9.600000000000001,44,3,0,3,17,27,180.4,22.023274207110717
single_phase,single_phase/seed3_100,4,5.111111111111111,1150,87,17.400000000000002,44,6,5,1,17,27,60.400000000000006,23.754062708301188
single_phase,single_phase/seed3_100,5,5.111111111111111,1150,49,9.8,44,4,0,4,17,27,144.4,28.659805483077687
single_phase,single_phase/seed3_100,6,5.111111111111111,1150,224,44.800000000000004,44,14,1,13,17,27,87.0,19.693180595290748
single_phase,single_phase/seed3_100,7,5.111111111111111,1150,603,120.60000000000001,44,26,3,23,17,27,76.2,6.9697311947618035
single_phase,single_phase/seed3_100,8,5.111111111111111,1150,188,37.6,44,11,1,10,17,27,84.80000000000001,23.985182217717647
single_phase,single_phase/seed3_100,9,5.111111111111111,1150,30,6.0,44,2,1,1,17,27,84.2,27.79844553720914
single_phase,single_phase/seed3_10_hor,0,5.111111111111111,1150,45,9.0,44,5,3,2,17,27,50.400000000000006,34.18548581614008
single_phase,single_phase/seed3_10_hor,1,5.111111111111111,1150,9,1.8,44,1,0,1,17,27,100.4,27.525441647435855
single_phase,single_phase/seed3_10_hor,2,5.111111111111111,1150,34,6.800000000000001,44,4,0,4,17,27,150.4,25.458133325691257
single_phase,single_phase/seed3_10_hor,3,5.111111111111111,1150,101,20.200000000000003,44,4,3,1,17,27,73.0,26.749426223798753
single_phase,single_phase/seed3_10_hor,4,5.111111111111111,1150,160,32.0,44,8,1,7,17,27,84.60000000000001,26.76417168019315
single_phase,single_phase/seed3_10_hor,5,5.111111111111111,1150,861,172.20000000000002,44,34,7,27,17,27,57.2,2.526350263711204
single_phase,single_phase/seed3_10_hor,6,5.111111111111111,1150,842,168.4,44,33,6,27,17,27,61.6,3.153960019685238
single_phase,single_phase/seed3_10_hor,7,5.111111111111111,1150,774,154.8,44,31,4,27,17,27,72.2,3.38325692313039
single_phase,single_phase/seed3_10_hor,8,5.111111111111111,1150,21,4.2,44,2,0,2,17,27,212.0,12.603686739552355
single_phase,single_phase/seed3_10_hor,9,5.111111111111111,1150,120,24.0,44,8,0,8,17,27,190.60000000000002,14.355687999867063
single_phase,single_phase/seed3_10_hor,10,5.111111111111111,1150,78,15.600000000000001,44,8,0,8,17,27,155.4,16.79747067371083
single_phase,single_phase/seed3_10_hor,11,5.111111111111111,1150,13,2.6,44,1,0,1,17,27,226.0,13.225612783481033
single_phase,single_phase/seed3_11,0,5.111111111111111,1150,825,165.0,44,32,5,27,17,27,64.8,2.981843683502399
single_phase,single_phase/seed3_11,1,5.111111111111111,1150,17,3.4000000000000004,44,2,2,0,17,27,50.400000000000006,25.156416609023072
single_phase,single_phase/seed3_11,2,5.111111111111111,1150,107,21.400000000000002,44,8,5,3,17,27,50.400000000000006,29.66756159948388
single_phase,single_phase/seed3_11,3,5.111111111111111,1150,25,5.0,44,2,2,0,17,27,50.400000000000006,22.984675485649284
single_phase,single_phase/seed3_11,4,5.111111111111111,1150,861,172.20000000000002,44,34,7,27,17,27,50.400000000000006,1.3474872540152358
single_phase,single_phase/seed3_11,5,5.111111111111111,1150,0,0.0,44,0,0,0,17,27,,27.917745449798673
single_phase,single_phase/seed3_11,6,5.111111111111111,1150,19,3.8000000000000003,44,2,0,2,17,27,207.60000000000002,26.201065370755217
single_phase,single_phase/seed3_11,7,5.111111111111111,1150,156,31.200000000000003,44,8,0,8,17,27,191.60000000000002,12.507081742620802
single_phase,single_phase/seed3_11,8,5.111111111111111,1150,41,8.200000000000001,44,4,0,4,17,27,195.20000000000002,14.121707794072053
single_phase,single_phase/seed3_11,9,5.111111111111111,1150,9,1.8,44,2,0,2,17,27,215.60000000000002,13.803412551474958
single_phase,single_phase/seed3_11,10,5.111111111111111,1150,0,0.0,44,0,0,0,17,27,,11.720443818537461
single_phase,single_phase/seed3_11,11,5.111111111111111,1150,191,38.2,44,11,0,11,17,27,175.4,9.789517578040618
single_phase,single_phase/seed3_12,0,5.111111111111111,1150,57,11.4,44,5,0,5,17,27,182.0,23.94821094228283
single_phase,single_phase/seed3_12,1,5.111111111111111,1150,63,12.600000000000001,44,5,0,5,17,27,180.4,22.2825826938258
single_phase,single_phase/seed3_12,2,5.111111111111111,1150,34,6.800000000000001,44,4,1,3,17,27,84.80000000000001,27.347176973577234
single_phase,single_phase/seed3_12,3,5.111111111111111,1150,5,1.0,44,1,0,1,17,27,226.0,23.040679327773795
single_phase,single_phase/seed3_12,4,5.111111111111111,1150,97,19.400000000000002,44,6,3,3,17,27,74.60000000000001,20.9811143149819
single_phase,single_phase/seed3_12,5,5.111111111111111,1150,797,159.4,44,31,4,27,17,27,69.4,3.4352770499220684
single_phase,single_phase/seed3_12,6,5.111111111111111,1150,0,0.0,44,0,0,0,17,27,,26.652951149113463
single_phase,single_phase/seed3_12,7,5.111111111111111,1150,25,5.0,44,4,1,3,17,27,86.0,31.327912671517296
single_phase,single_phase/seed3_12,8,5.111111111111111,1150,21,4.2,44,2,1,1,17,27,85.60000000000001,28.666958746017553
single_phase,single_phase/seed3_13,0,5.111111111111111,1150,57,11.4,44,5,0,5,17,27,182.0,23.94821094228283
single_phase,single_phase/seed3_13,1,5.111111111111111,1150,56,11.200000000000001,44,4,0,4,17,27,166.4,23.394272399886876
single_phase,single_phase/seed3_13,2,5.111111111111111,1150,18,3.6,44,3,0,3,17,27,180.4,27.126579282194857
single_phase,single_phase/seed3_13,3,5.111111111111111,1150,48,9.600000000000001,44,3,0,3,17,27,180.4,22.023274207110717
single_phase,single_phase/seed3_13,4,5.111111111111111,1150,87,17.400000000000002,44,6,5,1,17,27,60.400000000000006,23.754062708301188
single_phase,single_phase/seed3_13,5,5.111111111111111,1150,798,159.60000000000002,44,31,4,27,17,27,69.4,3.403593040841055
single_phase,single_phase/seed3_13,6,5.111111111111111,1150,795,159.0,44,31,4,27,17,27,70.4,3.0433168059908424
single_phase,single_phase/seed3_13,7,5.111111111111111,1150,48,9.600000000000001,44,3,2,1,17,27,79.80000000000001,32.36923524263959
single_phase,single_phase/seed3_13,8,5.111111111111111,1150,42,8.4,44,3,2,1,17,27,81.0,28.925045662224893
single_phase,single_phase/seed3_14,0,5.111111111111111,1150,57,11.4,44,5,0,5,17,27,182.0,23.94821094228283
single_phase,single_phase/seed3_14,1,5.111111111111111,1150,56,11.200000000000001,44,4,0,4,17,27,166.4,23.394272399886876
single_phase,single_phase/seed3_14,2,5.111111111111111,1150,18,3.6,44,3,0,3,17,27,180.4,27.126579282194857
single_phase,single_phase/seed3_14,3,5.111111111111111,1150,48,9.600000000000001,44,3,0,3,17,27,180.4,22.023274207110717
single_phase,single_phase/seed3_14,4,5.111111111111111,1150,87,17.400000000000002,44,6,5,1,17,27,60.400000000000006,23.754062708301188
single_phase,single_phase/seed3_14,5,5.111111111111111,1150,75,15.0,44,4,0,4,17,27,208.20000000000002,26.72430934214317
single_phase,single_phase/seed3_14,6,5.111111111111111,1150,0,0.0,44,0,0,0,17,27,,25.869763454757937
single_phase,single_phase/seed3_14,7,5.111111111111111,1150,4,0.8,44,1,0,1,17,27,221.8,33.10838705393594
single_phase,single_phase/seed3_14,8,5.111111111111111,1150,0,0.0,44,0,0,0,17,27,,27.74602907482424
single_phase,single_phase/seed3_15,0,5.111111111111111,1150,57,11.4,44,5,0,5,17,27,182.0,23.94821094228283
single_phase,single_phase/seed3_15,1,5.111111111111111,1150,56,11.200000000000001,44,4,0,4,17,27,166.4,23.394272399886876
single_phase,single_phase/seed3_15,2,5.111111111111111,1150,18,3.6,44,3,0,3,17,27,180.4,27.126579282194857
single_phase,single_phase/seed3_15,3,5.111111111111111,1150,48,9.600000000000001,44,3,0,3,17,27,180.4,22.023274207110717
single_phase,single_phase/seed3_15,4,5.111111111111111,1150,87,17.400000000000002,44,6,5,1,17,27,60.400000000000006,23.754062708301188
single_phase,single_phase/seed3_15,5,5.111111111111111,1150,797,159.4,44,31,4,27,17,27,69.4,3.430688743713566
single_phase,single_phase/seed3_15,6,5.111111111111111,1150,0,0.0,44,0,0,0,17,27,,25.975062407742573
single_phase,single_phase/seed3_15,7,5.111111111111111,1150,114,22.8,44,12,4,8,17,27,70.4,31.084543224850776
single_phase,single_phase/seed3_15,8,5.111111111111111,1150,0,0.0,44,0,0,0,17,27,,29.97034679003039
single_phase,single_phase/seed3_16,0,5.111111111111111,1150,57,11.4,44,5,0,5,17,27,182.0,23.94821094228283
single_phase,single_phase/seed3_16,1,5.111111111111111,1150,56,11.200000000000001,44,4,0,4,17,27,166.4,23.394272399886876
single_phase,single_phase/seed3_16,2,5.111111111111111,1150,18,3.6,44,3,0,3,17,27,180.4,27.126579282194857
single_phase,single_phase/seed3_16,3,5.111111111111111,1150,48,9.600000000000001,44,3,0,3,17,27,180.4,22.023274207110717
single_phase,single_phase/seed3_16,4,5.111111111111111,1150,87,17.400000000000002,44,6,5,1,17,27,60.400000000000006,23.754062708301188
single_phase,single_phase/seed3_16,5,5.111111111111111,1150,17,3.4000000000000004,44,3,0,3,17,27,212.8,25.869377497321487
single_phase,single_phase/seed3_16,6,5.111111111111111,1150,0,0.0,44,0,0,0,17,27,,26.676810743610194
single_phase,single_phase/seed3_16,7,5.111111111111111,1150,17,3.4000000000000004,44,3,2,1,17,27,76.2,33.8360751029131
single_phase,single_phase/seed3_16,8,5.111111111111111,1150,0,0.0,44,0,0,0,17,27,,29.311109247020706
single_phase,single_phase/seed3_17,0,5.111111111111111,1150,47,9.4,44,2,0,2,17,27,162.60000000000002,24.347495062050132
single_phase,single_phase/seed3_17,1,5.111111111111111,1150,55,11.0,44,4,0,4,17,27,213.0,23.412777349812096
single_phase,single_phase/seed3_17,2,5.111111111111111,1150,90,18.0,44,7,3,4,17,27,60.400000000000006,25.25347099959756
single_phase,single_phase/seed3_17,3,5.111111111111111,1150,13,2.6,44,1,0,1,17,27,200.20000000000002,22.92638892735485
single_phase,single_phase/seed3_17,4,5.111111111111111,1150,38,7.6000000000000005,44,4,2,2,17,27,82.80000000000001,25.3509026557444
single_phase,single_phase/seed3_17,5,5.111111111111111,1150,145,29.0,44,7,4,3,17,27,69.8,24.481660823683878
single_phase,single_phase/seed3_17,6,5.111111111111111,1150,102,20.400000000000002,44,6,3,3,17,27,77.0,24.944413679717783
single_phase,single_phase/seed3_17,7,5.111111111111111,1150,163,32.6,44,10,3,7,17,27,73.8,30.36670973638239
single_phase,single_phase/seed3_17,8,5.111111111111111,1150,703,140.6,44,29,3,26,17,27,77.60000000000001,5.5958556147305565
single_phase,single_phase/seed3_18,0,5.111111111111111,1150,47,9.4,44,2,0,2,17,27,162.60000000000002,24.347495062050132
single_phase,single_phase/seed3_18,1,5.111111111111111,1150,55,11.0,44,4,0,4,17,27,213.0,23.412777349812096
single_phase,single_phase/seed3_18,2,5.111111111111111,1150,90,18.0,44,7,3,4,17,27,60.400000000000006,25.25347099959756
single_phase,single_phase/seed3_18,3,5.111111111111111,1150,13,2.6,44,1,0,1,17,27,200.20000000000002,22.92638892735485
single_phase,single_phase/seed3_18,4,5.111111111111111,1150,38,7.6000000000000005,44,4,2,2,17,27,82.80000000000001,25.3509026557444
single_phase,single_phase/seed3_18,5,5.111111111111111,1150,57,11.4,44,3,2,1,17,27,79.2,26.08686995118047
single_phase,single_phase/seed3_18,6,5.111111111111111,1150,57,11.4,44,3,2,1,17,27,79.4,26.25102418338129
single_phase,single_phase/seed3_18,7,5.111111111111111,1150,153,30.6,44,9,3,6,17,27,76.2,30.521489443742972
single_phase,single_phase/seed3_18,8,5.111111111111111,1150,607,121.4,44,25,2,23,17,27,80.80000000000001,6.935583044028927
single_phase,single_phase/seed3_19,0,5.111111111111111,1150,47,9.4,44,2,0,2,17,27,162.60000000000002,24.347495062050132
single_phase,single_phase/seed3_19,1,5.111111111111111,1150,55,11.0,44,4,0,4,17,27,213.0,23.412777349812096
single_phase,single_phase/seed3_19,2,5.111111111111111,1150,90,18.0,44,7,3,4,17,27,60.400000000000006,25.25347099959756
single_phase,single_phase/seed3_19,3,5.111111111111111,1150,13,2.6,44,1,0,1,17,27,200.20000000000002,22.92638892735485
single_phase,single_phase/seed3_19,4,5.111111111111111,1150,38,7.6000000000000005,44,4,2,2,17,27,82.80000000000001,25.3509026557444
single_phase,single_phase/seed3_19,5,5.111111111111111,1150,60,12.0,44,5,2,3,17,27,76.4,28.582415571108648
single_phase,single_phase/seed3_19,6,5.111111111111111,1150,56,11.200000000000001,44,7,0,7,17,27,127.0,27.238359290217605
single_phase,single_phase/seed3_19,7,5.111111111111111,1150,92,18.400000000000002,44,6,3,3,17,27,77.0,33.79788078668824
single_phase,single_phase/seed3_19,8,5.111111111111111,1150,160,32.0,44,11,0,11,17,27,125.60000000000001,24.42243100206773
single_phase,single_phase/seed3_2,0,5.111111111111111,1150,57,11.4,44,5,0,5,17,27,182.0,23.94821094228283
single_phase,single_phase/seed3_2,1,5.111111111111111,1150,63,12.600000000000001,44,5,0,5,17,27,180.4,22.2825826938258
single_phase,single_phase/seed3_2,2,5.111111111111111,1150,34,6.800000000000001,44,4,1,3,17,27,84.80000000000001,27.347176973577234
single_phase,single_phase/seed3_2,3,5.111111111111111,1150,5,1.0,44,1,0,1,17,27,226.0,23.040679327773795
single_phase,single_phase/seed3_2,4,5.111111111111111,1150,97,19.400000000000002,44,6,3,3,17,27,74.60000000000001,20.9811143149819
single_phase,single_phase/seed3_2,5,5.111111111111111,1150,71,14.200000000000001,44,4,0,4,17,27,209.60000000000002,24.622331908503966
single_phase,single_phase/seed3_2,6,5.111111111111111,1150,0,0.0,44,0,0,0,17,27,,22.253605363501215
single_phase,single_phase/seed3_20,0,5.111111111111111,1150,47,9.4,44,2,0,2,17,27,162.60000000000002,24.347495062050132
single_phase,single_phase/seed3_20,1,5.111111111111111,1150,55,11.0,44,4,0,4,17,27,213.0,23.412777349812096
single_phase,single_phase/seed3_20,2,5.111111111111111,1150,90,18.0,44,7,3,4,17,27,60.400000000000006,25.25347099959756
single_phase,single_phase/seed3_20,3,5.111111111111111,1150,13,2.6,44,1,0,1,17,27,200.20000000000002,22.92638892735485
single_phase,single_phase/seed3_20,4,5.111111111111111,1150,38,7.6000000000000005,44,4,2,2,17,27,82.80000000000001,25.3509026557444
single_phase,single_phase/seed3_20,5,5.111111111111111,1150,73,14.600000000000001,44,6,2,4,17,27,77.60000000000001,28.80065113858892
single_phase,single_phase/seed3_20,6,5.111111111111111,1150,40,8.0,44,5,1,4,17,27,88.2,27.23822588874564
single_phase,single_phase/seed3_20,7,5.111111111111111,1150,105,21.0,44,6,3,3,17,27,75.2,33.03597324543248
single_phase,single_phase/seed3_20,8,5.111111111111111,1150,252,50.400000000000006,44,14,2,12,17,27,82.80000000000001,21.37748603840196
single_phase,single_phase/seed3_21,0,5.111111111111111,1150,47,9.4,44,2,0,2,17,27,162.60000000000002,24.347495062050132
single_phase,single_phase/seed3_21,1,5.111111111111111,1150,55,11.0,44,4,0,4,17,27,213.0,23.412777349812096
single_phase,single_phase/seed3_21,2,5.111111111111111,1150,90,18.0,44,7,3,4,17,27,60.400000000000006,25.25347099959756
single_phase,single_phase/seed3_21,3,5.111111111111111,1150,13,2.6,44,1,0,1,17,27,200.20000000000002,22.92638892735485
single_phase,single_phase/seed3_21,4,5.111111111111111,1150,38,7.6000000000000005,44,4,2,2,17,27,82.80000000000001,25.3509026557444
single_phase,single_phase/seed3_21,5,5.111111111111111,1150,73,14.600000000000001,44,6,2,4,17,27,77.60000000000001,28.800651133825554
single_phase,single_phase/seed3_21,6,5.111111111111111,1150,40,8.0,44,5,1,4,17,27,88.2,27.23822591904021
single_phase,single_phase/seed3_21,7,5.111111111111111,1150,105,21.0,44,6,3,3,17,27,75.2,33.03597323788474
single_phase,single_phase/seed3_21,8,5.111111111111111,1150,252,50.400000000000006,44,14,2,12,17,27,82.80000000000001,21.37748588407245
single_phase,single_phase/seed3_23,0,5.111111111111111,1150,47,9.4,44,2,0,2,17,27,162.60000000000002,24.347495062050132
single_phase,single_phase/seed3_23,1,5.111111111111111,1150,55,11.0,44,4,0,4,17,27,213.0,23.412777349812096
single_phase,single_phase/seed3_23,2,5.111111111111111,1150,90,18.0,44,7,3,4,17,27,60.400000000000006,25.25347099959756
single_phase,single_phase/seed3_23,3,5.111111111111111,1150,13,2.6,44,1,0,1,17,27,200.20000000000002,22.92638892735485
single_phase,single_phase/seed3_23,4,5.111111111111111,1150,38,7.6000000000000005,44,4,2,2,17,27,82.80000000000001,25.3509026557444
single_phase,single_phase/seed3_23,5,5.111111111111111,1150,68,13.600000000000001,44,5,1,4,17,27,79.60000000000001,28.586773962554293
single_phase,single_phase/seed3_23,6,5.111111111111111,1150,0,0.0,44,0,0,0,17,27,,27.962037428265916
single_phase,single_phase/seed3_23,7,5.111111111111111,1150,61,12.200000000000001,44,3,2,1,17,27,78.80000000000001,34.61525428124333
single_phase,single_phase/seed3_24,0,2.017543859649123,1150,21,4.2,115,3,0,3,44,71,89.4,21.918732039226363
single_phase,single_phase/seed3_24,1,2.017543859649123,1150,31,6.2,115,7,2,5,44,71,48.400000000000006,24.082001634711208
single_phase,single_phase/seed3_24,2,2.017543859649123,1150,0,0.0,115,0,0,0,44,71,,30.15355632029211
single_phase,single_phase/seed3_24,3,2.017543859649123,1150,0,0.0,115,0,0,0,44,71,,22.63801491828242
single_phase,single_phase/seed3_24,4,2.017543859649123,1150,69,13.8,115,7,5,2,44,71,78.4,23.307796262250186
single_phase,single_phase/seed3_24,5,2.017543859649123,1150,766,153.20000000000002,115,78,9,69,44,71,71.2,3.5494871237245023
single_phase,single_phase/seed3_24,6,2.017543859649123,1150,788,157.60000000000002,115,80,9,71,44,71,70.60000000000001,3.078836017435687
single_phase,single_phase/seed3_24,7,2.017543859649123,1150,777,155.4,115,79,8,71,44,71,73.4,4.780138565821191
single_phase,single_phase/seed3_24,8,2.017543859649123,1150,729,145.8,115,75,6,69,44,71,76.60000000000001,4.708942461203054
single_phase,single_phase/seed3_25,0,10.454545454545455,1150,17,3.4000000000000004,22,1,0,1,8,14,163.0,25.87381442169693
single_phase,single_phase/seed3_25,1,10.454545454545455,1150,11,2.2,22,2,1,1,8,14,80.4,22.658469927000624
single_phase,single_phase/seed3_25,2,10.454545454545455,1150,48,9.600000000000001,22,3,0,3,8,14,164.0,25.90314087330704
single_phase,single_phase/seed3_25,3,10.454545454545455,1150,16,3.2,22,1,0,1,8,14,200.20000000000002,22.039337612169636
single_phase,single_phase/seed3_25,4,10.454545454545455,1150,28,5.6000000000000005,22,2,0,2,8,14,200.60000000000002,22.73925674437492
single_phase,single_phase/seed3_25,5,10.454545454545455,1150,101,20.200000000000003,22,3,2,1,8,14,70.60000000000001,27.72930992408286
single_phase,single_phase/seed3_25,6,10.454545454545455,1150,0,0.0,22,0,0,0,8,14,,28.78005328206895
single_phase,single_phase/seed3_25,7,10.454545454545455,1150,36,7.2,22,2,1,1,8,14,83.2,35.69290908730483
single_phase,single_phase/seed3_25,8,10.454545454545455,1150,765,153.0,22,15,1,14,8,14,75.0,3.7730603737543524
single_phase,single_phase/seed3_26,0,5.111111111111111,1150,47,9.4,44,2,0,2,17,27,162.60000000000002,24.347495062050132
single_phase,single_phase/seed3_26,1,5.111111111111111,1150,55,11.0,44,4,0,4,17,27,213.0,23.412777349812096
single_phase,single_phase/seed3_26,2,5.111111111111111,1150,90,18.0,44,7,3,4,17,27,60.400000000000006,25.25347099959756
single_phase,single_phase/seed3_26,3,5.111111111111111,1150,13,2.6,44,1,0,1,17,27,200.20000000000002,22.92638892735485
single_phase,single_phase/seed3_26,4,5.111111111111111,1150,38,7.6000000000000005,44,4,2,2,17,27,82.80000000000001,25.3509026557444
single_phase,single_phase/seed3_26,5,5.111111111111111,1150,58,11.600000000000001,44,4,0,4,17,27,212.8,29.89508715200717
single_phase,single_phase/seed3_26,6,5.111111111111111,1150,283,56.6,44,15,2,13,17,27,83.0,18.634819366418945
single_phase,single_phase/seed3_26,7,5.111111111111111,1150,62,12.4,44,3,2,1,17,27,78.60000000000001,33.51781719130414
single_phase,single_phase/seed3_26,8,5.111111111111111,1150,0,0.0,44,0,0,0,17,27,,29.997001449689627
single_phase,single_phase/seed3_26,9,5.111111111111111,1150,0,0.0,44,0,0,0,17,27,,27.737325283349556
single_phase,single_phase/seed3_26,10,5.111111111111111,1150,0,0.0,44,0,0,0,17,27,,24.167842702399803
single_phase,single_phase/seed3_26,11,5.111111111111111,1150,4,0.8,44,1,0,1,17,27,217.0,26.213263903955635
single_phase,single_phase/seed3_27,0,5.111111111111111,1150,47,9.4,44,2,0,2,17,27,162.60000000000002,24.347495062050132
single_phase,single_phase/seed3_27,1,5.111111111111111,1150,55,11.0,44,4,0,4,17,27,213.0,23.412777349812096
single_phase,single_phase/seed3_27,2,5.111111111111111,1150,90,18.0,44,7,3,4,17,27,60.400000000000006,25.25347099959756
single_phase,single_phase/seed3_27,3,5.111111111111111,1150,13,2.6,44,1,0,1,17,27,200.20000000000002,22.92638892735485
single_phase,single_phase/seed3_27,4,5.111111111111111,1150,38,7.6000000000000005,44,4,2,2,17,27,82.80000000000001,25.3509026557444
single_phase,single_phase/seed3_27,5,5.111111111111111,1150,53,10.600000000000001,44,4,0,4,17,27,212.8,29.17974166367964
single_phase,single_phase/seed3_27,6,5.111111111111111,1150,0,0.0,44,0,0,0,17,27,,28.14846667903293
single_phase,single_phase/seed3_27,7,5.111111111111111,1150,15,3.0,44,2,1,1,17,27,87.2,35.725941863655244
single_phase,single_phase/seed3_27,8,5.111111111111111,1150,0,0.0,44,0,0,0,17,27,,30.661033434063356
single_phase,single_phase/seed3_28,0,5.111111111111111,1150,47,9.4,44,2,0,2,17,27,162.60000000000002,24.347495062050132
single_phase,single_phase/seed3_28,1,5.111111111111111,1150,42,8.4,44,3,0,3,17,27,218.20000000000002,24.935835515486126
single_phase,single_phase/seed3_28,2,5.111111111111111,1150,12,2.4000000000000004,44,2,0,2,17,27,160.20000000000002,30.894183639527864
single_phase,single_phase/seed3_28,3,5.111111111111111,1150,0,0.0,44,0,0,0,17,27,,26.51014765857438
single_phase,single_phase/seed3_28,4,5.111111111111111,1150,654,130.8,44,27,2,25,17,27,78.80000000000001,6.150618429434994
single_phase,single_phase/seed3_28,5,5.111111111111111,1150,80,16.0,44,4,0,4,17,27,208.20000000000002,22.243552758257866
single_phase,single_phase/seed3_29,0,5.111111111111111,1150,47,9.4,44,2,0,2,17,27,162.60000000000002,24.347495062050132
single_phase,single_phase/seed3_29,1,5.111111111111111,1150,55,11.0,44,4,0,4,17,27,213.0,23.412777349812096
single_phase,single_phase/seed3_29,2,5.111111111111111,1150,90,18.0,44,7,3,4,17,27,60.400000000000006,25.25347099959756
single_phase,single_phase/seed3_29,3,5.111111111111111,1150,0,0.0,44,0,0,0,17,27,,26.31604725392351
single_phase,single_phase/seed3_29,4,5.111111111111111,1150,134,26.8,44,7,5,2,17,27,67.2,23.35508191750352
single_phase,single_phase/seed3_29,5,5.111111111111111,1150,3,0.6000000000000001,44,1,0,1,17,27,169.4,29.148144243318924
single_phase,single_phase/seed3_29,6,5.111111111111111,1150,10,2.0,44,1,0,1,17,27,167.8,27.79985594325584
single_phase,single_phase/seed3_3,0,5.111111111111111,1150,57,11.4,44,5,0,5,17,27,182.0,23.94821094228283
single_phase,single_phase/seed3_3,1,5.111111111111111,1150,63,12.600000000000001,44,5,0,5,17,27,180.4,22.2825826938258
single_phase,single_phase/seed3_3,2,5.111111111111111,1150,34,6.800000000000001,44,4,1,3,17,27,84.80000000000001,27.347176973577234
single_phase,single_phase/seed3_3,3,5.111111111111111,1150,5,1.0,44,1,0,1,17,27,226.0,23.040679327773795
single_phase,single_phase/seed3_3,4,5.111111111111111,1150,97,19.400000000000002,44,6,3,3,17,27,74.60000000000001,20.9811143149819
single_phase,single_phase/seed3_3,5,5.111111111111111,1150,212,42.400000000000006,44,12,2,10,17,27,78.80000000000001,22.965454949320936
single_phase,single_phase/seed3_3,6,5.111111111111111,1150,0,0.0,44,0,0,0,17,27,,26.14812701266591
single_phase,single_phase/seed3_3,7,5.111111111111111,1150,30,6.0,44,3,2,1,17,27,83.2,33.22107296186551
single_phase,single_phase/seed3_3,8,5.111111111111111,1150,0,0.0,44,0,0,0,17,27,,27.826293901330594
single_phase,single_phase/seed3_3,9,5.111111111111111,1150,21,4.2,44,4,0,4,17,27,160.20000000000002,25.90791018892828
single_phase,single_phase/seed3_3,10,5.111111111111111,1150,0,0.0,44,0,0,0,17,27,,21.21688626455497
single_phase,single_phase/seed3_30,0,5.111111111111111,1150,57,11.4,44,5,0,5,17,27,182.0,23.94821094228283
single_phase,single_phase/seed3_30,1,5.111111111111111,1150,56,11.200000000000001,44,4,0,4,17,27,166.4,23.394272399886876
single_phase,single_phase/seed3_30,2,5.111111111111111,1150,18,3.6,44,3,0,3,17,27,180.4,27.126579282194857
single_phase,single_phase/seed3_30,3,5.111111111111111,1150,48,9.600000000000001,44,3,0,3,17,27,180.4,22.023274207110717
single_phase,single_phase/seed3_30,4,5.111111111111111,1150,87,17.400000000000002,44,6,5,1,17,27,60.400000000000006,23.754062708301188
single_phase,single_phase/seed3_30,5,5.111111111111111,1150,52,10.4,44,4,0,4,17,27,213.0,30.553013577908033
single_phase,single_phase/seed3_30,6,5.111111111111111,1150,573,114.60000000000001,44,24,2,22,17,27,82.60000000000001,8.032096084060218
single_phase,single_phase/seed3_30,7,5.111111111111111,1150,0,0.0,44,0,0,0,17,27,,36.68597574559007
single_phase,single_phase/seed3_30,8,5.111111111111111,1150,0,0.0,44,0,0,0,17,27,,28.32986787156831
single_phase,single_phase/seed3_30,9,5.111111111111111,1150,0,0.0,44,0,0,0,17,27,,27.03350749363703
single_phase,single_phase/seed3_31,0,5.111111111111111,1150,57,11.4,44,5,0,5,17,27,182.0,23.94821094228283
single_phase,single_phase/seed3_31,1,5.111111111111111,1150,56,11.200000000000001,44,4,0,4,17,27,166.4,23.394272399886876
single_phase,single_phase/seed3_31,2,5.111111111111111,1150,18,3.6,44,3,0,3,17,27,180.4,27.126579282194857
single_phase,single_phase/seed3_31,3,5.111111111111111,1150,48,9.600000000000001,44,3,0,3,17,27,180.4,22.023274207110717
single_phase,single_phase/seed3_31,4,5.111111111111111,1150,87,17.400000000000002,44,6,5,1,17,27,60.400000000000006,23.754062708301188
single_phase,single_phase/seed3_31,5,5.111111111111111,1150,62,12.4,44,4,0,4,17,27,212.8,29.374560649805957
single_phase,single_phase/seed3_31,6,5.111111111111111,1150,0,0.0,44,0,0,0,17,27,,28.478811566784856
single_phase,single_phase/seed3_31,7,5.111111111111111,1150,28,5.6000000000000005,44,2,1,1,17,27,83.4,36.01211046245416
single_phase,single_phase/seed3_31,8,5.111111111111111,1150,9,1.8,44,2,1,1,17,27,88.4,30.963667557474455
single_phase,single_phase/seed3_31,9,5.111111111111111,1150,0,0.0,44,0,0,0,17,27,,29.423335435506594
single_phase,single_phase/seed3_32,0,5.111111111111111,1150,57,11.4,44,5,0,5,17,27,182.0,23.94821094228283
single_phase,single_phase/seed3_32,1,5.111111111111111,1150,56,11.200000000000001,44,4,0,4,17,27,166.4,23.394272399886876
single_phase,single_phase/seed3_32,2,5.111111111111111,1150,18,3.6,44,3,0,3,17,27,180.4,27.126579282194857
single_phase,single_phase/seed3_32,3,5.111111111111111,1150,48,9.600000000000001,44,3,0,3,17,27,180.4,22.023274207110717
single_phase,single_phase/seed3_32,4,5.111111111111111,1150,87,17.400000000000002,44,6,5,1,17,27,60.400000000000006,23.754062708301188
single_phase,single_phase/seed3_32,5,5.111111111111111,1150,36,7.2,44,3,0,3,17,27,214.4,30.002010547094564
single_phase,single_phase/seed3_32,6,5.111111111111111,1150,0,0.0,44,0,0,0,17,27,,28.491358024458027
single_phase,single_phase/seed3_32,7,5.111111111111111,1150,48,9.600000000000001,44,3,2,1,17,27,80.4,34.720693139260796
single_phase,single_phase/seed3_32,8,5.111111111111111,1150,9,1.8,44,2,1,1,17,27,88.4,31.14457106375046
single_phase,single_phase/seed3_32,9,5.111111111111111,1150,0,0.0,44,0,0,0,17,27,,29.518867814110493
single_phase,single_phase/seed3_33,0,5.111111111111111,1150,57,11.4,44,5,0,5,17,27,182.0,23.94821094228283
single_phase,single_phase/seed3_33,1,5.111111111111111,1150,56,11.200000000000001,44,4,0,4,17,27,166.4,23.394272399886876
single_phase,single_phase/seed3_33,2,5.111111111111111,1150,18,3.6,44,3,0,3,17,27,180.4,27.126579282194857
single_phase,single_phase/seed3_33,3,5.111111111111111,1150,48,9.600000000000001,44,3,0,3,17,27,180.4,22.023274207110717
single_phase,single_phase/seed3_33,4,5.111111111111111,1150,87,17.400000000000002,44,6,5,1,17,27,60.400000000000006,23.754062708301188
single_phase,single_phase/seed3_33,5,5.111111111111111,1150,23,4.6000000000000005,44,3,0,3,17,27,149.20000000000002,30.290960860149884
single_phase,single_phase/seed3_33,6,5.111111111111111,1150,124,24.8,44,8,2,6,17,27,78.60000000000001,25.17065839693641
single_phase,single_phase/seed3_33,7,5.111111111111111,1150,0,0.0,44,0,0,0,17,27,,36.67804794629772
single_phase,single_phase/seed3_33,8,5.111111111111111,1150,518,103.60000000000001,44,23,3,20,17,27,78.0,14.443608961269062
single_phase,single_phase/seed3_33,9,5.111111111111111,1150,9,1.8,44,2,0,2,17,27,172.20000000000002,23.0831612205062
single_phase,single_phase/seed3_34,0,5.111111111111111,1150,57,11.4,44,5,0,5,17,27,182.0,23.94821094228283
single_phase,single_phase/seed3_34,1,5.111111111111111,1150,56,11.200000000000001,44,4,0,4,17,27,166.4,23.394272399886876
single_phase,single_phase/seed3_34,2,5.111111111111111,1150,18,3.6,44,3,0,3,17,27,180.4,27.126579282194857
single_phase,single_phase/seed3_34,3,5.111111111111111,1150,48,9.600000000000001,44,3,0,3,17,27,180.4,22.023274207110717
single_phase,single_phase/seed3_34,4,5.111111111111111,1150,87,17.400000000000002,44,6,5,1,17,27,60.400000000000006,23.754062708301188
single_phase,single_phase/seed3_34,5,5.111111111111111,1150,58,11.600000000000001,44,5,0,5,17,27,130.0,28.458209478893924
single_phase,single_phase/seed3_34,6,5.111111111111111,1150,230,46.0,44,14,1,13,17,27,88.2,19.541837063205943
single_phase,single_phase/seed3_34,7,5.111111111111111,1150,665,133.0,44,29,6,23,17,27,60.400000000000006,6.520938915142711
single_phase,single_phase/seed3_34,8,5.111111111111111,1150,217,43.400000000000006,44,12,2,10,17,27,81.0,23.44343177766049
single_phase,single_phase/seed3_34,9,5.111111111111111,1150,0,0.0,44,0,0,0,17,27,,29.33074753406343
single_phase,single_phase/seed3_35,0,5.111111111111111,1150,57,11.4,44,5,0,5,17,27,182.0,23.94821094228283
single_phase,single_phase/seed3_35,1,5.111111111111111,1150,56,11.200000000000001,44,4,0,4,17,27,166.4,23.394272399886876
single_phase,single_phase/seed3_35,2,5.111111111111111,1150,18,3.6,44,3,0,3,17,27,180.4,27.126579282194857
single_phase,single_phase/seed3_35,3,5.111111111111111,1150,48,9.600000000000001,44,3,0,3,17,27,180.4,22.023274207110717
single_phase,single_phase/seed3_35,4,5.111111111111111,1150,87,17.400000000000002,44,6,5,1,17,27,60.400000000000006,23.754062708301188
single_phase,single_phase/seed3_35,5,5.111111111111111,1150,218,43.6,44,14,1,13,17,27,87.4,21.79937137481434
single_phase,single_phase/seed3_35,6,5.111111111111111,1150,0,0.0,44,0,0,0,17,27,,28.628637367954262
single_phase,single_phase/seed3_35,7,5.111111111111111,1150,0,0.0,44,0,0,0,17,27,,36.75902255803564
single_phase,single_phase/seed3_36,0,5.111111111111111,1150,57,11.4,44,5,0,5,17,27,182.0,23.94821094228283
single_phase,single_phase/seed3_36,1,5.111111111111111,1150,56,11.200000000000001,44,4,0,4,17,27,166.4,23.394272399886876
single_phase,single_phase/seed3_36,2,5.111111111111111,1150,18,3.6,44,3,0,3,17,27,180.4,27.126579282194857
single_phase,single_phase/seed3_36,3,5.111111111111111,1150,48,9.600000000000001,44,3,0,3,17,27,180.4,22.023274207110717
single_phase,single_phase/seed3_36,4,5.111111111111111,1150,87,17.400000000000002,44,6,5,1,17,27,60.400000000000006,23.754062708301188
single_phase,single_phase/seed3_36,5,5.111111111111111,1150,36,7.2,44,3,0,3,17,27,218.0,30.095349965745132
single_phase,single_phase/seed3_36,6,5.111111111111111,1150,32,6.4,44,3,0,3,17,27,146.0,27.734140887029174
single_phase,single_phase/seed3_36,7,5.111111111111111,1150,9,1.8,44,2,1,1,17,27,87.80000000000001,36.84003824204945
single_phase,single_phase/seed3_36,8,5.111111111111111,1150,155,31.0,44,10,0,10,17,27,126.2,24.512904784761357
single_phase,single_phase/seed3_36,9,5.111111111111111,1150,0,0.0,44,0,0,0,17,27,,28.665269677141175
single_phase,single_phase/seed3_37,0,5.111111111111111,1150,57,11.4,44,5,0,5,17,27,182.0,23.94821094228283
single_phase,single_phase/seed3_37,1,5.111111111111111,1150,56,11.200000000000001,44,4,0,4,17,27,166.4,23.394272399886876
single_phase,single_phase/seed3_37,2,5.111111111111111,1150,18,3.6,44,3,0,3,17,27,180.4,27.126579282194857
single_phase,single_phase/seed3_37,3,5.111111111111111,1150,48,9.600000000000001,44,3,0,3,17,27,180.4,22.023274207110717
single_phase,single_phase/seed3_37,4,5.111111111111111,1150,87,17.400000000000002,44,6,5,1,17,27,60.400000000000006,23.754062708301188
single_phase,single_phase/seed3_37,5,5.111111111111111,1150,8,1.6,44,2,0,2,17,27,221.60000000000002,30.134719676549636
single_phase,single_phase/seed3_37,6,5.111111111111111,1150,0,0.0,44,0,0,0,17,27,,28.532190036170608
single_phase,single_phase/seed3_37,7,5.111111111111111,1150,40,8.0,44,4,1,3,17,27,76.2,35.05923186653318
single_phase,single_phase/seed3_37,8,5.111111111111111,1150,110,22.0,44,8,0,8,17,27,145.6,27.543343127738673
single_phase,single_phase/seed3_37,9,5.111111111111111,1150,0,0.0,44,0,0,0,17,27,,29.032607810616035
single_phase,single_phase/seed3_38,0,5.111111111111111,1150,57,11.4,44,5,0,5,17,27,182.0,23.94821094228283
single_phase,single_phase/seed3_38,1,5.111111111111111,1150,56,11.200000000000001,44,4,0,4,17,27,166.4,23.394272399886876
single_phase,single_phase/seed3_38,2,5.111111111111111,1150,18,3.6,44,3,0,3,17,27,180.4,27.126579282194857
single_phase,single_phase/seed3_38,3,5.111111111111111,1150,48,9.600000000000001,44,3,0,3,17,27,180.4,22.023274207110717
single_phase,single_phase/seed3_38,4,5.111111111111111,1150,87,17.400000000000002,44,6,5,1,17,27,60.400000000000006,23.754062708301188
single_phase,single_phase/seed3_38,5,5.111111111111111,1150,51,10.200000000000001,44,5,0,5,17,27,130.0,28.528632197077147
single_phase,single_phase/seed3_38,6,5.111111111111111,1150,252,50.400000000000006,44,14,1,13,17,27,87.0,18.831892062321156
single_phase,single_phase/seed3_38,7,5.111111111111111,1150,634,126.80000000000001,44,28,3,25,17,27,76.2,5.818798670076867
single_phase,single_phase/seed3_38,8,5.111111111111111,1150,203,40.6,44,13,2,11,17,27,82.4,23.559566212915282
single_phase,single_phase/seed3_38,9,5.111111111111111,1150,11,2.2,44,3,2,1,17,27,76.2,28.64789155590392
single_phase,single_phase/seed3_39,0,5.111111111111111,1150,57,11.4,44,5,0,5,17,27,182.0,23.94821094228283
single_phase,single_phase/seed3_39,1,5.111111111111111,1150,56,11.200000000000001,44,4,0,4,17,27,166.4,23.394272399886876
single_phase,single_phase/seed3_39,2,5.111111111111111,1150,18,3.6,44,3,0,3,17,27,180.4,27.126579282194857
single_phase,single_phase/seed3_39,3,5.111111111111111,1150,48,9.600000000000001,44,3,0,3,17,27,180.4,22.023274207110717
single_phase,single_phase/seed3_39,4,5.111111111111111,1150,87,17.400000000000002,44,6,5,1,17,27,60.400000000000006,23.754062708301188
single_phase,single_phase/seed3_39,5,5.111111111111111,1150,24,4.800000000000001,44,3,0,3,17,27,146.0,29.371769219222106
single_phase,single_phase/seed3_39,6,5.111111111111111,1150,609,121.80000000000001,44,25,2,23,17,27,80.60000000000001,6.753057785693993
single_phase,single_phase/seed3_39,7,5.111111111111111,1150,0,0.0,44,0,0,0,17,27,,36.89791816718823
single_phase,single_phase/seed3_39,8,5.111111111111111,1150,153,30.6,44,9,0,9,17,27,127.60000000000001,24.018101031161688
single_phase,single_phase/seed3_39,9,5.111111111111111,1150,0,0.0,44,0,0,0,17,27,,28.960780916827062
single_phase,single_phase/seed3_4,0,5.111111111111111,1150,57,11.4,44,5,0,5,17,27,182.0,23.94821094228283
single_phase,single_phase/seed3_4,1,5.111111111111111,1150,63,12.600000000000001,44,5,0,5,17,27,180.4,22.2825826938258
single_phase,single_phase/seed3_4,2,5.111111111111111,1150,34,6.800000000000001,44,4,1,3,17,27,84.80000000000001,27.347176973577234
single_phase,single_phase/seed3_4,3,5.111111111111111,1150,5,1.0,44,1,0,1,17,27,226.0,23.040679327773795
single_phase,single_phase/seed3_4,4,5.111111111111111,1150,97,19.400000000000002,44,6,3,3,17,27,74.60000000000001,20.9811143149819
single_phase,single_phase/seed3_4,5,5.111111111111111,1150,793,158.60000000000002,44,31,4,27,17,27,69.8,3.3867229520320232
single_phase,single_phase/seed3_4,6,5.111111111111111,1150,2,0.4,44,1,0,1,17,27,89.60000000000001,26.94879580878743
single_phase,single_phase/seed3_4,7,5.111111111111111,1150,170,34.0,44,7,4,3,17,27,68.2,33.081276731850984
single_phase,single_phase/seed3_4,8,5.111111111111111,1150,145,29.0,44,7,4,3,17,27,71.8,26.29286151104741
single_phase,single_phase/seed3_40,0,5.111111111111111,1150,57,11.4,44,5,0,5,17,27,182.0,23.94821094228283
single_phase,single_phase/seed3_40,1,5.111111111111111,1150,56,11.200000000000001,44,4,0,4,17,27,166.4,23.394272399886876
single_phase,single_phase/seed3_40,2,5.111111111111111,1150,18,3.6,44,3,0,3,17,27,180.4,27.126579282194857
single_phase,single_phase/seed3_40,3,5.111111111111111,1150,48,9.600000000000001,44,3,0,3,17,27,180.4,22.023274207110717
single_phase,single_phase/seed3_40,4,5.111111111111111,1150,87,17.400000000000002,44,6,5,1,17,27,60.400000000000006,23.754062708301188
single_phase,single_phase/seed3_40,5,5.111111111111111,1150,49,9.8,44,4,0,4,17,27,144.4,28.659805483077687
single_phase,single_phase/seed3_40,6,5.111111111111111,1150,224,44.800000000000004,44,14,1,13,17,27,87.0,19.693180595290748
single_phase,single_phase/seed3_40,7,5.111111111111111,1150,603,120.60000000000001,44,26,3,23,17,27,76.2,6.9697311947618035
single_phase,single_phase/seed3_40,8,5.111111111111111,1150,188,37.6,44,11,1,10,17,27,84.80000000000001,23.985182217717647
single_phase,single_phase/seed3_40,9,5.111111111111111,1150,30,6.0,44,2,1,1,17,27,84.2,27.79844553720914
single_phase,single_phase/seed3_5,0,5.111111111111111,1150,57,11.4,44,5,0,5,17,27,182.0,23.94821094228283
single_phase,single_phase/seed3_5,1,5.111111111111111,1150,63,12.600000000000001,44,5,0,5,17,27,180.4,22.2825826938258
single_phase,single_phase/seed3_5,2,5.111111111111111,1150,34,6.800000000000001,44,4,1,3,17,27,84.80000000000001,27.347176973577234
single_phase,single_phase/seed3_5,3,5.111111111111111,1150,5,1.0,44,1,0,1,17,27,226.0,23.040679327773795
single_phase,single_phase/seed3_5,4,5.111111111111111,1150,97,19.400000000000002,44,6,3,3,17,27,74.60000000000001,20.9811143149819
single_phase,single_phase/seed3_5,5,5.111111111111111,1150,791,158.20000000000002,44,31,4,27,17,27,69.8,3.450552098766125
single_phase,single_phase/seed3_5,6,5.111111111111111,1150,0,0.0,44,0,0,0,17,27,,27.096278735789394
single_phase,single_phase/seed3_5,7,5.111111111111111,1150,83,16.6,44,4,3,1,17,27,75.60000000000001,33.15581710643878
single_phase,single_phase/seed3_5,8,5.111111111111111,1150,100,20.0,44,6,2,4,17,27,79.2,24.713613005938594
single_phase,single_phase/seed3_6,0,5.111111111111111,1150,57,11.4,44,5,0,5,17,27,182.0,23.94821094228283
single_phase,single_phase/seed3_6,1,5.111111111111111,1150,63,12.600000000000001,44,5,0,5,17,27,180.4,22.2825826938258
single_phase,single_phase/seed3_6,2,5.111111111111111,1150,34,6.800000000000001,44,4,1,3,17,27,84.80000000000001,27.347176973577234
single_phase,single_phase/seed3_6,3,5.111111111111111,1150,5,1.0,44,1,0,1,17,27,226.0,23.040679327773795
single_phase,single_phase/seed3_6,4,5.111111111111111,1150,97,19.400000000000002,44,6,3,3,17,27,74.60000000000001,20.9811143149819
single_phase,single_phase/seed3_6,5,5.111111111111111,1150,663,132.6,44,29,3,26,17,27,77.0,6.315881116032105
single_phase,single_phase/seed3_6,6,5.111111111111111,1150,0,0.0,44,0,0,0,17,27,,25.673712440101234
single_phase,single_phase/seed3_6,7,5.111111111111111,1150,35,7.0,44,3,2,1,17,27,83.0,32.16579069484361
single_phase,single_phase/seed3_6,8,5.111111111111111,1150,0,0.0,44,0,0,0,17,27,,28.29962031555577
single_phase,single_phase/seed3_7,0,5.111111111111111,1150,57,11.4,44,5,0,5,17,27,182.0,23.94821094228283
single_phase,single_phase/seed3_7,1,5.111111111111111,1150,63,12.600000000000001,44,5,0,5,17,27,180.4,22.2825826938258
single_phase,single_phase/seed3_7,2,5.111111111111111,1150,34,6.800000000000001,44,4,1,3,17,27,84.80000000000001,27.347176973577234
single_phase,single_phase/seed3_7,3,5.111111111111111,1150,5,1.0,44,1,0,1,17,27,226.0,23.040679327773795
single_phase,single_phase/seed3_7,4,5.111111111111111,1150,97,19.400000000000002,44,6,3,3,17,27,74.60000000000001,20.9811143149819
single_phase,single_phase/seed3_7,5,5.111111111111111,1150,790,158.0,44,31,4,27,17,27,70.0,3.4038639456523327
single_phase,single_phase/seed3_7,6,5.111111111111111,1150,9,1.8,44,2,1,1,17,27,88.4,26.628967731239808
single_phase,single_phase/seed3_7,7,5.111111111111111,1150,59,11.8,44,3,2,1,17,27,78.4,33.835354421522474
single_phase,single_phase/seed3_7,8,5.111111111111111,1150,81,16.2,44,6,2,4,17,27,80.2,28.14620942873534
single_phase,single_phase/seed3_8,0,5.111111111111111,1150,57,11.4,44,5,0,5,17,27,182.0,23.94821094228283
single_phase,single_phase/seed3_8,1,5.111111111111111,1150,63,12.600000000000001,44,5,0,5,17,27,180.4,22.2825826938258
single_phase,single_phase/seed3_8,2,5.111111111111111,1150,34,6.800000000000001,44,4,1,3,17,27,84.80000000000001,27.347176973577234
single_phase,single_phase/seed3_8,3,5.111111111111111,1150,5,1.0,44,1,0,1,17,27,226.0,23.040679327773795
single_phase,single_phase/seed3_8,4,5.111111111111111,1150,97,19.400000000000002,44,6,3,3,17,27,74.60000000000001,20.9811143149819
single_phase,single_phase/seed3_8,5,5.111111111111111,1150,176,35.2,44,11,4,7,17,27,71.60000000000001,25.636973907889395
single_phase,single_phase/seed3_8,6,5.111111111111111,1150,81,16.2,44,4,3,1,17,27,74.8,25.502673391312307
single_phase,single_phase/seed3_8,7,5.111111111111111,1150,98,19.6,44,5,4,1,17,27,71.60000000000001,33.321905655928276
single_phase,single_phase/seed3_8,8,5.111111111111111,1150,91,18.2,44,6,3,3,17,27,75.2,25.031846506522463
single_phase,single_phase/seed3_9,0,5.111111111111111,1150,47,9.4,44,2,0,2,17,27,162.60000000000002,24.347495062050132
single_phase,single_phase/seed3_9,1,5.111111111111111,1150,44,8.8,44,5,1,4,17,27,84.4,23.391133174410793
single_phase,single_phase/seed3_9,2,5.111111111111111,1150,73,14.600000000000001,44,5,3,2,17,27,78.0,25.48066613708004
single_phase,single_phase/seed3_9,3,5.111111111111111,1150,38,7.6000000000000005,44,2,0,2,17,27,222.60000000000002,22.747293016238007
single_phase,single_phase/seed3_9,4,5.111111111111111,1150,23,4.6000000000000005,44,4,0,4,17,27,88.60000000000001,25.023036876857613
single_phase,single_phase/seed3_9,5,5.111111111111111,1150,37,7.4,44,4,0,4,17,27,213.0,28.524152698081373
single_phase,single_phase/seed3_9,6,5.111111111111111,1150,0,0.0,44,0,0,0,17,27,,25.598079727162283
single_phase,single_phase/seed3_9,7,5.111111111111111,1150,752,150.4,44,30,3,27,17,27,73.60000000000001,3.713384165294309
single_phase,single_phase/seed3_9,8,5.111111111111111,1150,738,147.6,44,30,3,27,17,27,74.8,4.270268523964906
single_phase,single_phase/seed3_paired,0,2.017543859649123,1150,12,2.4000000000000004,115,3,0,3,44,71,160.4,25.720090335982064
single_phase,single_phase/seed3_paired,1,2.017543859649123,1150,72,14.4,115,11,1,10,44,71,78.4,22.202738821233083
single_phase,single_phase/seed3_paired,2,2.017543859649123,1150,32,6.4,115,6,2,4,44,71,85.2,26.626381211462387
single_phase,single_phase/seed3_paired,3,2.017543859649123,1150,29,5.800000000000001,115,4,0,4,44,71,202.4,22.938924210103078
single_phase,single_phase/seed3_paired,4,2.017543859649123,1150,28,5.6000000000000005,115,6,2,4,44,71,85.60000000000001,23.94544115595441
single_phase,single_phase/seed3_paired,5,2.017543859649123,1150,62,12.4,115,9,0,9,44,71,212.8,26.60539583975667
single_phase,single_phase/seed3_paired,6,2.017543859649123,1150,0,0.0,115,0,0,0,44,71,,26.184891923098334
single_phase,single_phase/seed3_paired,7,2.017543859649123,1150,27,5.4,115,4,2,2,44,71,84.4,32.798693838640446
single_phase,single_phase/seed3_paired,8,2.017543859649123,1150,0,0.0,115,0,0,0,44,71,,26.453887918426137
single_phase,single_phase/seed4_1,0,5.111111111111111,1150,28,5.6000000000000005,44,3,1,2,17,27,40.400000000000006,23.75132484673291
single_phase,single_phase/seed4_1,1,5.111111111111111,1150,28,5.6000000000000005,44,3,2,1,17,27,60.400000000000006,27.6143154717386
single_phase,single_phase/seed4_1,2,5.111111111111111,1150,15,3.0,44,3,0,3,17,27,168.0,23.81264933837781
single_phase,single_phase/seed4_1,3,5.111111111111111,1150,181,36.2,44,9,0,9,17,27,160.20000000000002,23.915353904727006
single_phase,single_phase/seed4_1,4,5.111111111111111,1150,38,7.6000000000000005,44,2,0,2,17,27,220.20000000000002,27.58824827808257
single_phase,single_phase/seed4_1,5,5.111111111111111,1150,14,2.8000000000000003,44,3,0,3,17,27,160.20000000000002,24.62187531546303
single_phase,single_phase/seed4_1,6,5.111111111111111,1150,89,17.8,44,5,0,5,17,27,207.60000000000002,22.140605378140435
single_phase,single_phase/seed4_1,7,5.111111111111111,1150,0,0.0,44,0,0,0,17,27,,25.594620240011864
single_phase,single_phase/seed4_1,8,5.111111111111111,1150,774,154.8,44,33,6,27,17,27,45.400000000000006,2.3188007302354423
single_phase,single_phase/seed4_1,9,5.111111111111111,1150,65,13.0,44,3,2,1,17,27,78.60000000000001,25.111143253206148
single_phase,single_phase/seed4_1,10,5.111111111111111,1150,669,133.8,44,28,3,25,17,27,76.80000000000001,5.027329426720361
single_phase,single_phase/seed4_10,0,5.111111111111111,1150,28,5.6000000000000005,44,3,1,2,17,27,40.400000000000006,23.75132484673291
single_phase,single_phase/seed4_10,1,5.111111111111111,1150,54,10.8,44,3,2,1,17,27,79.60000000000001,27.171956011972966
single_phase,single_phase/seed4_10,2,5.111111111111111,1150,4,0.8,44,1,0,1,17,27,201.60000000000002,23.00573792886549
single_phase,single_phase/seed4_10,3,5.111111111111111,1150,136,27.200000000000003,44,8,0,8,17,27,181.8,24.031562065250732
single_phase,single_phase/seed4_10,4,5.111111111111111,1150,11,2.2,44,2,0,2,17,27,180.4,27.168889245045907
single_phase,single_phase/seed4_10,5,5.111111111111111,1150,772,154.4,44,30,3,27,17,27,74.60000000000001,3.933990177801036
single_phase,single_phase/seed4_10,6,5.111111111111111,1150,120,24.0,44,7,0,7,17,27,160.20000000000002,28.138974829502253
single_phase,single_phase/seed4_10,7,5.111111111111111,1150,0,0.0,44,0,0,0,17,27,,26.976245450873044
single_phase,single_phase/seed4_10,8,5.111111111111111,1150,31,6.2,44,4,0,4,17,27,160.20000000000002,28.812817973634736
single_phase,single_phase/seed4_10,9,5.111111111111111,1150,0,0.0,44,0,0,0,17,27,,25.27331948720005
single_phase,single_phase/seed4_2,0,5.111111111111111,1150,21,4.2,44,4,0,4,17,27,160.4,23.40408123291287
single_phase,single_phase/seed4_2,1,5.111111111111111,1150,3,0.6000000000000001,44,1,0,1,17,27,180.4,28.041126233181863
single_phase,single_phase/seed4_2,2,5.111111111111111,1150,26,5.2,44,3,0,3,17,27,200.4,25.218071286821576
single_phase,single_phase/seed4_2,3,5.111111111111111,1150,150,30.0,44,6,0,6,17,27,200.20000000000002,23.917462995347876
single_phase,single_phase/seed4_2,4,5.111111111111111,1150,46,9.200000000000001,44,5,1,4,17,27,86.0,25.32114136756493
single_phase,single_phase/seed4_2,5,5.111111111111111,1150,780,156.0,44,30,3,27,17,27,73.8,3.646757729008057
single_phase,single_phase/seed4_2,6,5.111111111111111,1150,167,33.4,44,11,1,10,17,27,83.80000000000001,25.373379372021745
single_phase,single_phase/seed4_2,7,5.111111111111111,1150,0,0.0,44,0,0,0,17,27,,28.923772788321628
single_phase,single_phase/seed4_2,8,5.111111111111111,1150,73,14.600000000000001,44,5,2,3,17,27,81.0,27.623704028724955
single_phase,single_phase/seed4_3,0,5.111111111111111,1150,21,4.2,44,4,0,4,17,27,160.4,23.40408123291287
single_phase,single_phase/seed4_3,1,5.111111111111111,1150,3,0.6000000000000001,44,1,0,1,17,27,180.4,28.041126233181863
single_phase,single_phase/seed4_3,2,5.111111111111111,1150,26,5.2,44,3,0,3,17,27,200.4,25.218071286821576
single_phase,single_phase/seed4_3,3,5.111111111111111,1150,150,30.0,44,6,0,6,17,27,200.20000000000002,23.917462995347876
single_phase,single_phase/seed4_3,4,5.111111111111111,1150,46,9.200000000000001,44,5,1,4,17,27,86.0,25.32114136756493
single_phase,single_phase/seed4_3,5,5.111111111111111,1150,805,161.0,44,31,4,27,17,27,69.2,3.5384474255965275
single_phase,single_phase/seed4_3,6,5.111111111111111,1150,107,21.400000000000002,44,5,0,5,17,27,207.0,27.381679951831863
single_phase,single_phase/seed4_3,7,5.111111111111111,1150,50,10.0,44,3,0,3,17,27,216.0,26.99302223489893
single_phase,single_phase/seed4_3,8,5.111111111111111,1150,16,3.2,44,4,2,2,17,27,83.2,29.531947983097353
single_phase,single_phase/seed4_4,0,5.111111111111111,1150,28,5.6000000000000005,44,3,1,2,17,27,40.400000000000006,23.75132484673291
single_phase,single_phase/seed4_4,1,5.111111111111111,1150,54,10.8,44,3,2,1,17,27,79.60000000000001,27.171956011972966
single_phase,single_phase/seed4_4,2,5.111111111111111,1150,4,0.8,44,1,0,1,17,27,201.60000000000002,23.00573792886549
single_phase,single_phase/seed4_4,3,5.111111111111111,1150,136,27.200000000000003,44,8,0,8,17,27,181.8,24.031562065250732
single_phase,single_phase/seed4_4,4,5.111111111111111,1150,11,2.2,44,2,0,2,17,27,180.4,27.168889245045907
single_phase,single_phase/seed4_4,5,5.111111111111111,1150,779,155.8,44,30,3,27,17,27,74.0,3.83358795347451
single_phase,single_phase/seed4_4,6,5.111111111111111,1150,116,23.200000000000003,44,7,0,7,17,27,160.20000000000002,28.059814601015805
single_phase,single_phase/seed4_4,7,5.111111111111111,1150,0,0.0,44,0,0,0,17,27,,26.95994266793876
single_phase,single_phase/seed4_4,8,5.111111111111111,1150,25,5.0,44,3,0,3,17,27,160.20000000000002,28.562970607029115
single_phase,single_phase/seed4_4,9,5.111111111111111,1150,0,0.0,44,0,0,0,17,27,,25.194481133755858
single_phase,single_phase/seed4_5,0,5.111111111111111,1150,28,5.6000000000000005,44,3,1,2,17,27,40.400000000000006,23.75132484673291
single_phase,single_phase/seed4_5,1,5.111111111111111,1150,54,10.8,44,3,2,1,17,27,79.60000000000001,27.171956011972966
single_phase,single_phase/seed4_5,2,5.111111111111111,1150,4,0.8,44,1,0,1,17,27,201.60000000000002,23.00573792886549
single_phase,single_phase/seed4_5,3,5.111111111111111,1150,136,27.200000000000003,44,8,0,8,17,27,181.8,24.031562065250732
single_phase,single_phase/seed4_5,4,5.111111111111111,1150,11,2.2,44,2,0,2,17,27,180.4,27.168889245045907
single_phase,single_phase/seed4_5,5,5.111111111111111,1150,16,3.2,44,2,0,2,17,27,160.20000000000002,27.716612721724204
single_phase,single_phase/seed4_5,6,5.111111111111111,1150,133,26.6,44,11,0,11,17,27,129.6,26.95537126421196
single_phase,single_phase/seed4_5,7,5.111111111111111,1150,27,5.4,44,4,2,2,17,27,55.400000000000006,27.073044018409597
single_phase,single_phase/seed4_5,8,5.111111111111111,1150,625,125.0,44,27,2,25,17,27,81.60000000000001,7.252735390304114
single_phase,single_phase/seed4_5,9,5.111111111111111,1150,0,0.0,44,0,0,0,17,27,,26.43430072642595
single_phase,single_phase/seed4_6,0,5.111111111111111,1150,28,5.6000000000000005,44,3,1,2,17,27,40.400000000000006,23.75132484673291
single_phase,single_phase/seed4_6,1,5.111111111111111,1150,54,10.8,44,3,2,1,17,27,79.60000000000001,27.171956011972966
single_phase,single_phase/seed4_6,2,5.111111111111111,1150,4,0.8,44,1,0,1,17,27,201.60000000000002,23.00573792886549
single_phase,single_phase/seed4_6,3,5.111111111111111,1150,136,27.200000000000003,44,8,0,8,17,27,181.8,24.031562065250732
single_phase,single_phase/seed4_6,4,5.111111111111111,1150,11,2.2,44,2,0,2,17,27,180.4,27.168889245045907
single_phase,single_phase/seed4_6,5,5.111111111111111,1150,772,154.4,44,30,3,27,17,27,74.60000000000001,3.933990177801036
single_phase,single_phase/seed4_6,6,5.111111111111111,1150,120,24.0,44,7,0,7,17,27,160.20000000000002,28.138974829502253
single_phase,single_phase/seed4_6,7,5.111111111111111,1150,0,0.0,44,0,0,0,17,27,,26.976245450873044
single_phase,single_phase/seed4_6,8,5.111111111111111,1150,31,6.2,44,4,0,4,17,27,160.20000000000002,28.812817973634736
single_phase,single_phase/seed4_6,9,5.111111111111111,1150,0,0.0,44,0,0,0,17,27,,25.27331948720005
single_phase,single_phase/seed4_7,0,5.111111111111111,1150,28,5.6000000000000005,44,3,1,2,17,27,40.400000000000006,23.75132484673291
single_phase,single_phase/seed4_7,1,5.111111111111111,1150,54,10.8,44,3,2,1,17,27,79.60000000000001,27.171956011972966
single_phase,single_phase/seed4_7,2,5.111111111111111,1150,4,0.8,44,1,0,1,17,27,201.60000000000002,23.00573792886549
single_phase,single_phase/seed4_7,3,5.111111111111111,1150,136,27.200000000000003,44,8,0,8,17,27,181.8,24.031562065250732
single_phase,single_phase/seed4_7,4,5.111111111111111,1150,11,2.2,44,2,0,2,17,27,180.4,27.168889245045907
single_phase,single_phase/seed4_7,5,5.111111111111111,1150,50,10.0,44,5,2,3,17,27,76.2,27.61903155292348
single_phase,single_phase/seed4_7,6,5.111111111111111,1150,98,19.6,44,8,0,8,17,27,149.4,30.031588766630264
single_phase,single_phase/seed4_7,7,5.111111111111111,1150,0,0.0,44,0,0,0,17,27,,28.217428742549345
single_phase,single_phase/seed4_7,8,5.111111111111111,1150,83,16.6,44,6,1,5,17,27,83.4,28.040258385131633
single_phase,single_phase/seed4_7,9,5.111111111111111,1150,0,0.0,44,0,0,0,17,27,,25.591230845566116
single_phase,single_phase/seed4_9,0,5.111111111111111,1150,28,5.6000000000000005,44,3,1,2,17,27,40.400000000000006,23.75132484673291
single_phase,single_phase/seed4_9,1,5.111111111111111,1150,105,21.0,44,5,4,1,17,27,71.0,30.785213560246433
single_phase,single_phase/seed4_9,2,5.111111111111111,1150,72,14.4,44,4,3,1,17,27,77.60000000000001,24.264957699444718
single_phase,single_phase/seed4_9,3,5.111111111111111,1150,163,32.6,44,8,0,8,17,27,175.20000000000002,20.9111204272862
single_phase,single_phase/seed4_9,4,5.111111111111111,1150,92,18.400000000000002,44,6,3,3,17,27,73.8,31.463977931079587
single_phase,single_phase/seed4_9,5,5.111111111111111,1150,130,26.0,44,8,4,4,17,27,69.2,27.219564017863608
single_phase,single_phase/seed4_9,6,5.111111111111111,1150,96,19.200000000000003,44,6,3,3,17,27,74.4,24.568206144620145
single_phase,single_phase/seed4_9,7,5.111111111111111,1150,97,19.400000000000002,44,5,2,3,17,27,79.2,24.09452621708247
single_phase,single_phase/seed4_9,8,5.111111111111111,1150,811,162.20000000000002,44,32,5,27,17,27,67.4,3.2048110678435644
single_phase,single_phase/seed4_9,9,5.111111111111111,1150,0,0.0,44,0,0,0,17,27,,24.367556564522243
single_phase,single_phase/seed4_paired,0,2.017543859649123,1150,27,5.4,115,4,0,4,44,71,182.20000000000002,23.667564317097387
single_phase,single_phase/seed4_paired,1,2.017543859649123,1150,1,0.2,115,1,0,1,44,71,160.4,26.848942038541473
single_phase,single_phase/seed4_paired,2,2.017543859649123,1150,11,2.2,115,2,0,2,44,71,224.4,23.69620463789146
single_phase,single_phase/seed4_paired,3,2.017543859649123,1150,157,31.400000000000002,115,18,0,18,44,71,160.20000000000002,24.435131586936077
single_phase,single_phase/seed4_paired,4,2.017543859649123,1150,0,0.0,115,0,0,0,44,71,,27.19452207158888
single_phase,single_phase/seed4_paired,5,2.017543859649123,1150,32,6.4,115,8,1,7,44,71,88.0,25.719601835776626
single_phase,single_phase/seed4_paired,6,2.017543859649123,1150,105,21.0,115,12,0,12,44,71,207.0,27.80138584397589
single_phase,single_phase/seed4_paired,7,2.017543859649123,1150,0,0.0,115,0,0,0,44,71,,25.95237097462248
single_phase,single_phase/seed4_paired,8,2.017543859649123,1150,20,4.0,115,4,2,2,44,71,85.80000000000001,28.20420983133993
single_phase,single_phase/seed7_1,0,5.111111111111111,1150,79,15.8,44,6,0,6,17,27,200.0,28.356248553388138
single_phase,single_phase/seed7_1,1,5.111111111111111,1150,3,0.6000000000000001,44,1,0,1,17,27,88.80000000000001,28.164378430923623
single_phase,single_phase/seed7_1,2,5.111111111111111,1150,7,1.4000000000000001,44,1,0,1,17,27,200.20000000000002,26.663519617943997
single_phase,single_phase/seed7_1,3,5.111111111111111,1150,38,7.6000000000000005,44,5,1,4,17,27,60.400000000000006,27.02102003071666
single_phase,single_phase/seed7_1,4,5.111111111111111,1150,82,16.400000000000002,44,6,0,6,17,27,200.4,24.653708117714928
single_phase,single_phase/seed7_1,5,5.111111111111111,1150,59,11.8,44,5,2,3,17,27,81.2,27.265410959161414
single_phase,single_phase/seed7_1,6,5.111111111111111,1150,771,154.20000000000002,44,30,3,27,17,27,74.0,3.5143704423578646
single_phase,single_phase/seed7_1,7,5.111111111111111,1150,5,1.0,44,1,0,1,17,27,89.0,27.30964094525236
single_phase,single_phase/seed7_1,8,5.111111111111111,1150,0,0.0,44,0,0,0,17,27,,27.912508295207637
single_phase,single_phase/seed7_1,9,5.111111111111111,1150,57,11.4,44,3,2,1,17,27,79.2,26.07055099522042
single_phase,single_phase/seed7_2,0,5.111111111111111,1150,79,15.8,44,6,0,6,17,27,200.0,28.356248553388138
single_phase,single_phase/seed7_2,1,5.111111111111111,1150,3,0.6000000000000001,44,1,0,1,17,27,88.80000000000001,28.164378430923623
single_phase,single_phase/seed7_2,2,5.111111111111111,1150,7,1.4000000000000001,44,1,0,1,17,27,200.20000000000002,26.663519617943997
single_phase,single_phase/seed7_2,3,5.111111111111111,1150,38,7.6000000000000005,44,5,1,4,17,27,60.400000000000006,27.02102003071666
single_phase,single_phase/seed7_2,4,5.111111111111111,1150,82,16.400000000000002,44,6,0,6,17,27,200.4,24.653708117714928
single_phase,single_phase/seed7_2,5,5.111111111111111,1150,59,11.8,44,5,2,3,17,27,81.2,27.265410959161414
single_phase,single_phase/seed7_2,6,5.111111111111111,1150,771,154.20000000000002,44,30,3,27,17,27,74.0,3.5143704423578646
single_phase,single_phase/seed7_2,7,5.111111111111111,1150,5,1.0,44,1,0,1,17,27,89.0,27.30964094525236
single_phase,single_phase/seed7_2,8,5.111111111111111,1150,0,0.0,44,0,0,0,17,27,,27.912508295207637
single_phase,single_phase/seed7_2,9,5.111111111111111,1150,57,11.4,44,3,2,1,17,27,79.2,26.07055099522042
single_phase,single_phase/seed7_3,0,5.111111111111111,1150,79,15.8,44,6,0,6,17,27,200.0,28.356248553388138
single_phase,single_phase/seed7_3,1,5.111111111111111,1150,3,0.6000000000000001,44,1,0,1,17,27,88.80000000000001,28.164378430923623
single_phase,single_phase/seed7_3,2,5.111111111111111,1150,7,1.4000000000000001,44,1,0,1,17,27,200.20000000000002,26.663519617943997
single_phase,single_phase/seed7_3,3,5.111111111111111,1150,38,7.6000000000000005,44,5,1,4,17,27,60.400000000000006,27.02102003071666
single_phase,single_phase/seed7_3,4,5.111111111111111,1150,82,16.400000000000002,44,6,0,6,17,27,200.4,24.653708117714928
single_phase,single_phase/seed7_3,5,5.111111111111111,1150,59,11.8,44,5,2,3,17,27,81.2,27.265410959161414
single_phase,single_phase/seed7_3,6,5.111111111111111,1150,771,154.20000000000002,44,30,3,27,17,27,74.0,3.5143704423578646
single_phase,single_phase/seed7_3,7,5.111111111111111,1150,5,1.0,44,1,0,1,17,27,89.0,27.30964094525236
single_phase,single_phase/seed7_3,8,5.111111111111111,1150,0,0.0,44,0,0,0,17,27,,27.912508295207637
single_phase,single_phase/seed7_3,9,5.111111111111111,1150,57,11.4,44,3,2,1,17,27,79.2,26.07055099522042
single_phase,single_phase/seed8_1,0,5.111111111111111,1150,53,10.600000000000001,44,5,0,5,17,27,160.20000000000002,21.587636480292538
single_phase,single_phase/seed8_1,1,5.111111111111111,1150,26,5.2,44,1,0,1,17,27,161.4,26.78316564415268
single_phase,single_phase/seed8_1,2,5.111111111111111,1150,0,0.0,44,0,0,0,17,27,,27.87121463473008
single_phase,single_phase/seed8_1,3,5.111111111111111,1150,52,10.4,44,5,0,5,17,27,163.0,26.0303538561762
single_phase,single_phase/seed8_1,4,5.111111111111111,1150,53,10.600000000000001,44,5,0,5,17,27,160.4,22.849581324941298
single_phase,single_phase/seed8_1,5,5.111111111111111,1150,167,33.4,44,7,4,3,17,27,69.8,27.976086991292128
single_phase,single_phase/seed8_1,6,5.111111111111111,1150,52,10.4,44,3,2,1,17,27,81.2,27.76865167200309
single_phase,single_phase/seed8_1,7,5.111111111111111,1150,12,2.4000000000000004,44,2,1,1,17,27,87.80000000000001,23.845058680453036
single_phase,single_phase/seed8_1,8,5.111111111111111,1150,83,16.6,44,4,3,1,17,27,76.60000000000001,23.12478822248202
single_phase,single_phase/seed8_1,9,5.111111111111111,1150,0,0.0,44,0,0,0,17,27,,26.343284016451385
single_phase_baseline,single_phase_baseline/old_seeds/seed5_3,0,5.111111111111111,1150,16,3.2,44,3,1,2,17,27,87.60000000000001,24.409136027440155
single_phase_baseline,single_phase_baseline/old_seeds/seed5_3,1,5.111111111111111,1150,66,13.200000000000001,44,4,0,4,17,27,160.4,26.492218541543373
single_phase_baseline,single_phase_baseline/old_seeds/seed5_3,2,5.111111111111111,1150,53,10.600000000000001,44,4,3,1,17,27,60.400000000000006,27.105470706544477
single_phase_baseline,single_phase_baseline/old_seeds/seed5_3,3,5.111111111111111,1150,63,12.600000000000001,44,6,1,5,17,27,85.0,19.825529738044185
single_phase_baseline,single_phase_baseline/old_seeds/seed5_3,4,5.111111111111111,1150,73,14.600000000000001,44,6,3,3,17,27,60.400000000000006,30.288852812823038
single_phase_baseline,single_phase_baseline/old_seeds/seed5_3,5,5.111111111111111,1150,34,6.800000000000001,44,3,1,2,17,27,83.60000000000001,25.519989724596055
single_phase_baseline,single_phase_baseline/old_seeds/seed5_3,6,5.111111111111111,1150,50,10.0,44,3,2,1,17,27,82.2,28.389398878019193
single_phase_baseline,single_phase_baseline/old_seeds/seed5_3,7,5.111111111111111,1150,0,0.0,44,0,0,0,17,27,,28.544656538952303
single_phase_baseline,single_phase_baseline/old_seeds/seed5_3,8,5.111111111111111,1150,7,1.4000000000000001,44,2,1,1,17,27,88.0,25.721512443630132
single_phase_baseline,single_phase_baseline/old_seeds/seed5_4,0,5.111111111111111,1150,16,3.2,44,3,1,2,17,27,87.60000000000001,24.409136027440155
single_phase_baseline,single_phase_baseline/old_seeds/seed5_4,1,5.111111111111111,1150,66,13.200000000000001,44,4,0,4,17,27,160.4,26.492218541543373
single_phase_baseline,single_phase_baseline/old_seeds/seed5_4,2,5.111111111111111,1150,53,10.600000000000001,44,4,3,1,17,27,60.400000000000006,27.105470706544477
single_phase_baseline,single_phase_baseline/old_seeds/seed5_4,3,5.111111111111111,1150,63,12.600000000000001,44,6,1,5,17,27,85.0,19.825529738044185
single_phase_baseline,single_phase_baseline/old_seeds/seed5_4,4,5.111111111111111,1150,73,14.600000000000001,44,6,3,3,17,27,60.400000000000006,30.288852812823038
single_phase_baseline,single_phase_baseline/old_seeds/seed5_4,5,5.111111111111111,1150,50,10.0,44,3,2,1,17,27,80.4,24.65581333869388
single_phase_baseline,single_phase_baseline/old_seeds/seed5_4,6,5.111111111111111,1150,54,10.8,44,3,2,1,17,27,80.4,27.35992696062027
single_phase_baseline,single_phase_baseline/old_seeds/seed5_4,7,5.111111111111111,1150,0,0.0,44,0,0,0,17,27,,28.352466242033188
single_phase_baseline,single_phase_baseline/old_seeds/seed5_4,8,5.111111111111111,1150,13,2.6,44,2,1,1,17,27,86.80000000000001,25.40645690258345
single_phase_baseline,single_phase_baseline/old_seeds/seed5_7,0,5.111111111111111,1150,16,3.2,44,3,1,2,17,27,87.60000000000001,24.409136027440155
single_phase_baseline,single_phase_baseline/old_seeds/seed5_7,1,5.111111111111111,1150,66,13.200000000000001,44,4,0,4,17,27,160.4,26.492218541543373
single_phase_baseline,single_phase_baseline/old_seeds/seed5_7,2,5.111111111111111,1150,53,10.600000000000001,44,4,3,1,17,27,60.400000000000006,27.105470706544477
single_phase_baseline,single_phase_baseline/old_seeds/seed5_7,3,5.111111111111111,1150,63,12.600000000000001,44,6,1,5,17,27,85.0,19.825529738044185
single_phase_baseline,single_phase_baseline/old_seeds/seed5_7,4,5.111111111111111,1150,73,14.600000000000001,44,6,3,3,17,27,60.400000000000006,30.288852812823038
single_phase_baseline,single_phase_baseline/old_seeds/seed5_7,5,5.111111111111111,1150,43,8.6,44,3,2,1,17,27,80.80000000000001,25.004293261332922
single_phase_baseline,single_phase_baseline/old_seeds/seed5_7,6,5.111111111111111,1150,49,9.8,44,3,2,1,17,27,82.2,27.699205709342667
single_phase_baseline,single_phase_baseline/old_seeds/seed5_7,7,5.111111111111111,1150,0,0.0,44,0,0,0,17,27,,28.32741346954265
single_phase_baseline,single_phase_baseline/old_seeds/seed5_7,8,5.111111111111111,1150,20,4.0,44,2,1,1,17,27,85.60000000000001,25.047521129072155
single_phase_baseline,single_phase_baseline/retune_cs0p5_seed5,0,5.111111111111111,1150,16,3.2,44,3,1,2,17,27,87.60000000000001,24.409136027440155
single_phase_baseline,single_phase_baseline/retune_cs0p5_seed5,1,5.111111111111111,1150,66,13.200000000000001,44,4,0,4,17,27,160.4,26.492218541543373
single_phase_baseline,single_phase_baseline/retune_cs0p5_seed5,2,5.111111111111111,1150,53,10.600000000000001,44,4,3,1,17,27,60.400000000000006,27.105470706544477
single_phase_baseline,single_phase_baseline/retune_cs0p5_seed5,3,5.111111111111111,1150,63,12.600000000000001,44,6,1,5,17,27,85.0,19.825529738044185
single_phase_baseline,single_phase_baseline/retune_cs0p5_seed5,4,5.111111111111111,1150,73,14.600000000000001,44,6,3,3,17,27,60.400000000000006,30.288852812823038
single_phase_baseline,single_phase_baseline/retune_cs0p5_seed5,5,5.111111111111111,1150,798,159.60000000000002,44,31,4,27,17,27,70.0,3.2850735507720423
single_phase_baseline,single_phase_baseline/retune_cs0p5_seed5,6,5.111111111111111,1150,30,6.0,44,3,1,2,17,27,86.0,29.113967324562005
single_phase_baseline,single_phase_baseline/retune_cs0p5_seed5,7,5.111111111111111,1150,17,3.4000000000000004,44,2,1,1,17,27,86.60000000000001,29.1809228344638
single_phase_baseline,single_phase_baseline/retune_cs0p5_seed5,8,5.111111111111111,1150,56,11.200000000000001,44,3,2,1,17,27,79.4,23.84117794226698
single_phase_baseline,single_phase_baseline/retune_cs0p5_seed5,9,5.111111111111111,1150,0,0.0,44,0,0,0,17,27,,33.723159613328995
single_phase_baseline,single_phase_baseline/retune_cs0p5_seed6,0,5.111111111111111,1150,116,23.200000000000003,44,6,3,3,17,27,78.0,24.772570942720687
single_phase_baseline,single_phase_baseline/retune_cs0p5_seed6,1,5.111111111111111,1150,94,18.8,44,5,2,3,17,27,79.2,26.452642221006318
single_phase_baseline,single_phase_baseline/retune_cs0p5_seed6,2,5.111111111111111,1150,20,4.0,44,3,0,3,17,27,200.4,25.15284611674602
single_phase_baseline,single_phase_baseline/retune_cs0p5_seed6,3,5.111111111111111,1150,36,7.2,44,4,2,2,17,27,82.4,26.62569690250287
single_phase_baseline,single_phase_baseline/retune_cs0p5_seed6,4,5.111111111111111,1150,99,19.8,44,5,2,3,17,27,80.60000000000001,25.893616122121053
single_phase_baseline,single_phase_baseline/retune_cs0p5_seed6,5,5.111111111111111,1150,151,30.200000000000003,44,9,3,6,17,27,73.2,25.280554639503755
single_phase_baseline,single_phase_baseline/retune_cs0p5_seed6,6,5.111111111111111,1150,30,6.0,44,2,1,1,17,27,84.60000000000001,25.300184737664292
single_phase_baseline,single_phase_baseline/retune_cs0p5_seed6,7,5.111111111111111,1150,109,21.8,44,5,4,1,17,27,69.0,28.38754331406377
single_phase_baseline,single_phase_baseline/retune_cs0p5_seed6,8,5.111111111111111,1150,76,15.200000000000001,44,5,3,2,17,27,76.0,27.92057047680519
single_phase_baseline,single_phase_baseline/retune_cs0p5_seed6,9,5.111111111111111,1150,72,14.4,44,4,3,1,17,27,74.60000000000001,29.709810557241486
single_phase_baseline,single_phase_baseline/retune_cs0p5_seed7,0,5.111111111111111,1150,79,15.8,44,6,0,6,17,27,200.0,28.356248553388138
single_phase_baseline,single_phase_baseline/retune_cs0p5_seed7,1,5.111111111111111,1150,3,0.6000000000000001,44,1,0,1,17,27,88.80000000000001,28.164378430923623
single_phase_baseline,single_phase_baseline/retune_cs0p5_seed7,2,5.111111111111111,1150,7,1.4000000000000001,44,1,0,1,17,27,200.20000000000002,26.663519617943997
single_phase_baseline,single_phase_baseline/retune_cs0p5_seed7,3,5.111111111111111,1150,38,7.6000000000000005,44,5,1,4,17,27,60.400000000000006,27.02102003071666
single_phase_baseline,single_phase_baseline/retune_cs0p5_seed7,4,5.111111111111111,1150,82,16.400000000000002,44,6,0,6,17,27,200.4,24.653708117714928
single_phase_baseline,single_phase_baseline/retune_cs0p5_seed7,5,5.111111111111111,1150,0,0.0,44,0,0,0,17,27,,24.733361817620445
single_phase_baseline,single_phase_baseline/retune_cs0p5_seed7,6,5.111111111111111,1150,137,27.400000000000002,44,6,3,3,17,27,73.8,26.52328792842874
single_phase_baseline,single_phase_baseline/retune_cs0p5_seed7,7,5.111111111111111,1150,88,17.6,44,6,3,3,17,27,75.8,26.05268569972493
single_phase_baseline,single_phase_baseline/retune_cs0p5_seed7,8,5.111111111111111,1150,72,14.4,44,8,1,7,17,27,85.2,24.475649516289884
single_phase_baseline,single_phase_baseline/retune_cs0p5_seed7,9,5.111111111111111,1150,63,12.600000000000001,44,6,2,4,17,27,80.4,25.28575806812997
single_phase_baseline,single_phase_baseline/retune_cs0p75_seed5,0,5.111111111111111,1150,16,3.2,44,3,1,2,17,27,87.60000000000001,24.409136027440155
single_phase_baseline,single_phase_baseline/retune_cs0p75_seed5,1,5.111111111111111,1150,66,13.200000000000001,44,4,0,4,17,27,160.4,26.492218541543373
single_phase_baseline,single_phase_baseline/retune_cs0p75_seed5,2,5.111111111111111,1150,53,10.600000000000001,44,4,3,1,17,27,60.400000000000006,27.105470706544477
single_phase_baseline,single_phase_baseline/retune_cs0p75_seed5,3,5.111111111111111,1150,63,12.600000000000001,44,6,1,5,17,27,85.0,19.825529738044185
single_phase_baseline,single_phase_baseline/retune_cs0p75_seed5,4,5.111111111111111,1150,73,14.600000000000001,44,6,3,3,17,27,60.400000000000006,30.288852812823038
single_phase_baseline,single_phase_baseline/retune_cs0p75_seed5,5,5.111111111111111,1150,797,159.4,44,31,4,27,17,27,70.2,3.2825467640080204
single_phase_baseline,single_phase_baseline/retune_cs0p75_seed5,6,5.111111111111111,1150,31,6.2,44,4,2,2,17,27,76.2,29.446581151814122
single_phase_baseline,single_phase_baseline/retune_cs0p75_seed5,7,5.111111111111111,1150,0,0.0,44,0,0,0,17,27,,29.558955186985717
single_phase_baseline,single_phase_baseline/retune_cs0p75_seed5,8,5.111111111111111,1150,46,9.200000000000001,44,3,2,1,17,27,82.0,24.548381724279228
single_phase_baseline,single_phase_baseline/retune_cs0p75_seed5,9,5.111111111111111,1150,33,6.6000000000000005,44,2,1,1,17,27,83.80000000000001,31.904818906687776
single_phase_baseline,single_phase_baseline/retune_cs0p75_seed6,0,5.111111111111111,1150,116,23.200000000000003,44,6,3,3,17,27,78.0,24.772570942720687
single_phase_baseline,single_phase_baseline/retune_cs0p75_seed6,1,5.111111111111111,1150,94,18.8,44,5,2,3,17,27,79.2,26.452642221006318
single_phase_baseline,single_phase_baseline/retune_cs0p75_seed6,2,5.111111111111111,1150,20,4.0,44,3,0,3,17,27,200.4,25.15284611674602
single_phase_baseline,single_phase_baseline/retune_cs0p75_seed6,3,5.111111111111111,1150,36,7.2,44,4,2,2,17,27,82.4,26.62569690250287
single_phase_baseline,single_phase_baseline/retune_cs0p75_seed6,4,5.111111111111111,1150,99,19.8,44,5,2,3,17,27,80.60000000000001,25.893616122121053
single_phase_baseline,single_phase_baseline/retune_cs0p75_seed6,5,5.111111111111111,1150,130,26.0,44,8,3,5,17,27,73.2,25.57341541821723
single_phase_baseline,single_phase_baseline/retune_cs0p75_seed6,6,5.111111111111111,1150,37,7.4,44,3,2,1,17,27,83.2,25.304526369703765
single_phase_baseline,single_phase_baseline/retune_cs0p75_seed6,7,5.111111111111111,1150,105,21.0,44,5,4,1,17,27,69.8,27.911948229037215
single_phase_baseline,single_phase_baseline/retune_cs0p75_seed6,8,5.111111111111111,1150,57,11.4,44,6,2,4,17,27,77.4,29.70012824251552
single_phase_baseline,single_phase_baseline/retune_cs0p75_seed6,9,5.111111111111111,1150,68,13.600000000000001,44,4,3,1,17,27,76.4,29.72335178457163
single_phase_baseline,single_phase_baseline/retune_cs0p75_seed7,0,5.111111111111111,1150,79,15.8,44,6,0,6,17,27,200.0,28.356248553388138
single_phase_baseline,single_phase_baseline/retune_cs0p75_seed7,1,5.111111111111111,1150,3,0.6000000000000001,44,1,0,1,17,27,88.80000000000001,28.164378430923623
single_phase_baseline,single_phase_baseline/retune_cs0p75_seed7,2,5.111111111111111,1150,7,1.4000000000000001,44,1,0,1,17,27,200.20000000000002,26.663519617943997
single_phase_baseline,single_phase_baseline/retune_cs0p75_seed7,3,5.111111111111111,1150,38,7.6000000000000005,44,5,1,4,17,27,60.400000000000006,27.02102003071666
single_phase_baseline,single_phase_baseline/retune_cs0p75_seed7,4,5.111111111111111,1150,82,16.400000000000002,44,6,0,6,17,27,200.4,24.653708117714928
single_phase_baseline,single_phase_baseline/retune_cs0p75_seed7,5,5.111111111111111,1150,0,0.0,44,0,0,0,17,27,,24.83653925001409
single_phase_baseline,single_phase_baseline/retune_cs0p75_seed7,6,5.111111111111111,1150,140,28.0,44,6,3,3,17,27,73.4,26.439357137843643
single_phase_baseline,single_phase_baseline/retune_cs0p75_seed7,7,5.111111111111111,1150,91,18.2,44,5,3,2,17,27,75.0,25.849434936361046
single_phase_baseline,single_phase_baseline/retune_cs0p75_seed7,8,5.111111111111111,1150,85,17.0,44,8,1,7,17,27,84.0,23.694075449947224
single_phase_baseline,single_phase_baseline/retune_cs0p75_seed7,9,5.111111111111111,1150,54,10.8,44,3,2,1,17,27,80.2,25.577636166102796
single_phase_baseline,single_phase_baseline/retune_cs1p0_seed5,0,5.111111111111111,1150,16,3.2,44,3,1,2,17,27,87.60000000000001,24.409136027440155
single_phase_baseline,single_phase_baseline/retune_cs1p0_seed5,1,5.111111111111111,1150,66,13.200000000000001,44,4,0,4,17,27,160.4,26.492218541543373
single_phase_baseline,single_phase_baseline/retune_cs1p0_seed5,2,5.111111111111111,1150,53,10.600000000000001,44,4,3,1,17,27,60.400000000000006,27.105470706544477
single_phase_baseline,single_phase_baseline/retune_cs1p0_seed5,3,5.111111111111111,1150,63,12.600000000000001,44,6,1,5,17,27,85.0,19.825529738044185
single_phase_baseline,single_phase_baseline/retune_cs1p0_seed5,4,5.111111111111111,1150,73,14.600000000000001,44,6,3,3,17,27,60.400000000000006,30.288852812823038
single_phase_baseline,single_phase_baseline/retune_cs1p0_seed5,5,5.111111111111111,1150,797,159.4,44,31,4,27,17,27,70.8,3.3077583690696337
single_phase_baseline,single_phase_baseline/retune_cs1p0_seed5,6,5.111111111111111,1150,24,4.800000000000001,44,3,1,2,17,27,76.2,29.862583592550543
single_phase_baseline,single_phase_baseline/retune_cs1p0_seed5,7,5.111111111111111,1150,16,3.2,44,3,0,3,17,27,145.4,23.955996341154602
single_phase_baseline,single_phase_baseline/retune_cs1p0_seed5,8,5.111111111111111,1150,32,6.4,44,2,1,1,17,27,83.80000000000001,24.452686329384388
single_phase_baseline,single_phase_baseline/retune_cs1p0_seed5,9,5.111111111111111,1150,46,9.200000000000001,44,3,2,1,17,27,81.60000000000001,30.599199099449564
single_phase_baseline,single_phase_baseline/retune_cs1p0_seed6,0,5.111111111111111,1150,116,23.200000000000003,44,6,3,3,17,27,78.0,24.772570942720687
single_phase_baseline,single_phase_baseline/retune_cs1p0_seed6,1,5.111111111111111,1150,94,18.8,44,5,2,3,17,27,79.2,26.452642221006318
single_phase_baseline,single_phase_baseline/retune_cs1p0_seed6,2,5.111111111111111,1150,20,4.0,44,3,0,3,17,27,200.4,25.15284611674602
single_phase_baseline,single_phase_baseline/retune_cs1p0_seed6,3,5.111111111111111,1150,36,7.2,44,4,2,2,17,27,82.4,26.62569690250287
single_phase_baseline,single_phase_baseline/retune_cs1p0_seed6,4,5.111111111111111,1150,99,19.8,44,5,2,3,17,27,80.60000000000001,25.893616122121053
single_phase_baseline,single_phase_baseline/retune_cs1p0_seed6,5,5.111111111111111,1150,158,31.6,44,10,3,7,17,27,73.2,25.72436970433215
single_phase_baseline,single_phase_baseline/retune_cs1p0_seed6,6,5.111111111111111,1150,12,2.4000000000000004,44,3,1,2,17,27,88.4,24.919996488114407
single_phase_baseline,single_phase_baseline/retune_cs1p0_seed6,7,5.111111111111111,1150,108,21.6,44,5,4,1,17,27,69.0,27.467876334251205
single_phase_baseline,single_phase_baseline/retune_cs1p0_seed6,8,5.111111111111111,1150,76,15.200000000000001,44,4,3,1,17,27,75.2,28.53305315193175
single_phase_baseline,single_phase_baseline/retune_cs1p0_seed6,9,5.111111111111111,1150,75,15.0,44,4,3,1,17,27,74.8,29.371461080490135
single_phase_baseline,single_phase_baseline/retune_cs1p0_seed7,0,5.111111111111111,1150,79,15.8,44,6,0,6,17,27,200.0,28.356248553388138
single_phase_baseline,single_phase_baseline/retune_cs1p0_seed7,1,5.111111111111111,1150,3,0.6000000000000001,44,1,0,1,17,27,88.80000000000001,28.164378430923623
single_phase_baseline,single_phase_baseline/retune_cs1p0_seed7,2,5.111111111111111,1150,7,1.4000000000000001,44,1,0,1,17,27,200.20000000000002,26.663519617943997
single_phase_baseline,single_phase_baseline/retune_cs1p0_seed7,3,5.111111111111111,1150,38,7.6000000000000005,44,5,1,4,17,27,60.400000000000006,27.02102003071666
single_phase_baseline,single_phase_baseline/retune_cs1p0_seed7,4,5.111111111111111,1150,82,16.400000000000002,44,6,0,6,17,27,200.4,24.653708117714928
single_phase_baseline,single_phase_baseline/retune_cs1p0_seed7,5,5.111111111111111,1150,0,0.0,44,0,0,0,17,27,,24.73806157385047
single_phase_baseline,single_phase_baseline/retune_cs1p0_seed7,6,5.111111111111111,1150,129,25.8,44,6,3,3,17,27,74.60000000000001,26.501191262856917
single_phase_baseline,single_phase_baseline/retune_cs1p0_seed7,7,5.111111111111111,1150,80,16.0,44,7,3,4,17,27,76.4,25.254750572753228
single_phase_baseline,single_phase_baseline/retune_cs1p0_seed7,8,5.111111111111111,1150,27,5.4,44,4,1,3,17,27,85.60000000000001,25.174121459831195
single_phase_baseline,single_phase_baseline/retune_cs1p0_seed7,9,5.111111111111111,1150,48,9.600000000000001,44,3,2,1,17,27,80.4,25.863818768850244
single_phase_baseline,single_phase_baseline/retune_cs1p5_seed5,0,5.111111111111111,1150,16,3.2,44,3,1,2,17,27,87.60000000000001,24.409136027440155
single_phase_baseline,single_phase_baseline/retune_cs1p5_seed5,1,5.111111111111111,1150,66,13.200000000000001,44,4,0,4,17,27,160.4,26.492218541543373
single_phase_baseline,single_phase_baseline/retune_cs1p5_seed5,2,5.111111111111111,1150,53,10.600000000000001,44,4,3,1,17,27,60.400000000000006,27.105470706544477
single_phase_baseline,single_phase_baseline/retune_cs1p5_seed5,3,5.111111111111111,1150,63,12.600000000000001,44,6,1,5,17,27,85.0,19.825529738044185
single_phase_baseline,single_phase_baseline/retune_cs1p5_seed5,4,5.111111111111111,1150,73,14.600000000000001,44,6,3,3,17,27,60.400000000000006,30.288852812823038
single_phase_baseline,single_phase_baseline/retune_cs1p5_seed5,5,5.111111111111111,1150,797,159.4,44,31,4,27,17,27,70.2,3.3125144846504546
single_phase_baseline,single_phase_baseline/retune_cs1p5_seed5,6,5.111111111111111,1150,40,8.0,44,2,1,1,17,27,84.0,28.60505616115162
single_phase_baseline,single_phase_baseline/retune_cs1p5_seed5,7,5.111111111111111,1150,4,0.8,44,1,0,1,17,27,88.60000000000001,30.024030975135414
single_phase_baseline,single_phase_baseline/retune_cs1p5_seed5,8,5.111111111111111,1150,40,8.0,44,3,2,1,17,27,83.0,24.450253105031916
single_phase_baseline,single_phase_baseline/retune_cs1p5_seed5,9,5.111111111111111,1150,24,4.800000000000001,44,3,0,3,17,27,195.4,24.232670267144
single_phase_baseline,single_phase_baseline/retune_cs1p5_seed6,0,5.111111111111111,1150,116,23.200000000000003,44,6,3,3,17,27,78.0,24.772570942720687
single_phase_baseline,single_phase_baseline/retune_cs1p5_seed6,1,5.111111111111111,1150,94,18.8,44,5,2,3,17,27,79.2,26.452642221006318
single_phase_baseline,single_phase_baseline/retune_cs1p5_seed6,2,5.111111111111111,1150,20,4.0,44,3,0,3,17,27,200.4,25.15284611674602
single_phase_baseline,single_phase_baseline/retune_cs1p5_seed6,3,5.111111111111111,1150,36,7.2,44,4,2,2,17,27,82.4,26.62569690250287
single_phase_baseline,single_phase_baseline/retune_cs1p5_seed6,4,5.111111111111111,1150,99,19.8,44,5,2,3,17,27,80.60000000000001,25.893616122121053
single_phase_baseline,single_phase_baseline/retune_cs1p5_seed6,5,5.111111111111111,1150,108,21.6,44,6,3,3,17,27,73.4,25.82726161420475
single_phase_baseline,single_phase_baseline/retune_cs1p5_seed6,6,5.111111111111111,1150,28,5.6000000000000005,44,2,1,1,17,27,85.0,25.00483314543696
single_phase_baseline,single_phase_baseline/retune_cs1p5_seed6,7,5.111111111111111,1150,113,22.6,44,5,4,1,17,27,68.8,27.705061797811116
single_phase_baseline,single_phase_baseline/retune_cs1p5_seed6,8,5.111111111111111,1150,94,18.8,44,5,1,4,17,27,79.0,28.065113876831685
single_phase_baseline,single_phase_baseline/retune_cs1p5_seed6,9,5.111111111111111,1150,84,16.8,44,4,3,1,17,27,73.60000000000001,28.990342615125673
single_phase_baseline,single_phase_baseline/retune_cs1p5_seed7,0,5.111111111111111,1150,79,15.8,44,6,0,6,17,27,200.0,28.356248553388138
single_phase_baseline,single_phase_baseline/retune_cs1p5_seed7,1,5.111111111111111,1150,3,0.6000000000000001,44,1,0,1,17,27,88.80000000000001,28.164378430923623
single_phase_baseline,single_phase_baseline/retune_cs1p5_seed7,2,5.111111111111111,1150,7,1.4000000000000001,44,1,0,1,17,27,200.20000000000002,26.663519617943997
single_phase_baseline,single_phase_baseline/retune_cs1p5_seed7,3,5.111111111111111,1150,38,7.6000000000000005,44,5,1,4,17,27,60.400000000000006,27.02102003071666
single_phase_baseline,single_phase_baseline/retune_cs1p5_seed7,4,5.111111111111111,1150,82,16.400000000000002,44,6,0,6,17,27,200.4,24.653708117714928
single_phase_baseline,single_phase_baseline/retune_cs1p5_seed7,5,5.111111111111111,1150,0,0.0,44,0,0,0,17,27,,24.82706676142068
single_phase_baseline,single_phase_baseline/retune_cs1p5_seed7,6,5.111111111111111,1150,129,25.8,44,7,3,4,17,27,75.2,26.824325083807242
single_phase_baseline,single_phase_baseline/retune_cs1p5_seed7,7,5.111111111111111,1150,71,14.200000000000001,44,6,3,3,17,27,77.80000000000001,24.2762836034625
single_phase_baseline,single_phase_baseline/retune_cs1p5_seed7,8,5.111111111111111,1150,7,1.4000000000000001,44,2,0,2,17,27,160.20000000000002,26.130716105899875
single_phase_baseline,single_phase_baseline/retune_cs1p5_seed7,9,5.111111111111111,1150,5,1.0,44,2,1,1,17,27,88.4,26.963176158256157
single_phase_baseline,single_phase_baseline/seed3_1,0,5.111111111111111,1150,57,11.4,44,5,0,5,17,27,182.0,23.94821094228283
single_phase_baseline,single_phase_baseline/seed3_1,1,5.111111111111111,1150,56,11.200000000000001,44,4,0,4,17,27,166.4,23.394272399886876
single_phase_baseline,single_phase_baseline/seed3_1,2,5.111111111111111,1150,18,3.6,44,3,0,3,17,27,180.4,27.126579282194857
single_phase_baseline,single_phase_baseline/seed3_1,3,5.111111111111111,1150,48,9.600000000000001,44,3,0,3,17,27,180.4,22.023274207110717
single_phase_baseline,single_phase_baseline/seed3_1,4,5.111111111111111,1150,87,17.400000000000002,44,6,5,1,17,27,60.400000000000006,23.754062708301188
single_phase_baseline,single_phase_baseline/seed3_1,5,5.111111111111111,1150,683,136.6,44,29,3,26,17,27,75.2,5.874538735663461
single_phase_baseline,single_phase_baseline/seed3_1,6,5.111111111111111,1150,0,0.0,44,0,0,0,17,27,,27.524299404130737
single_phase_baseline,single_phase_baseline/seed3_1,7,5.111111111111111,1150,21,4.2,44,2,1,1,17,27,85.80000000000001,33.85439561296729
single_phase_baseline,single_phase_baseline/seed3_1,8,5.111111111111111,1150,113,22.6,44,7,3,4,17,27,73.4,27.980304327137276
single_phase_baseline,single_phase_baseline/seed3_1,9,5.111111111111111,1150,99,19.8,44,5,4,1,17,27,71.60000000000001,26.511521674830632
single_phase_baseline,single_phase_baseline/seed3_1,10,5.111111111111111,1150,0,0.0,44,0,0,0,17,27,,23.041366467446085
single_phase_baseline,single_phase_baseline/seed3_1,11,5.111111111111111,1150,7,1.4000000000000001,44,1,0,1,17,27,217.0,27.150780560850258
single_phase_baseline,single_phase_baseline/seed3_1,12,5.111111111111111,1150,126,25.200000000000003,44,7,1,6,17,27,84.80000000000001,27.526898728621124
single_phase_baseline,single_phase_baseline/seed3_2,0,5.111111111111111,1150,57,11.4,44,5,0,5,17,27,182.0,23.94821094228283
single_phase_baseline,single_phase_baseline/seed3_2,1,5.111111111111111,1150,56,11.200000000000001,44,4,0,4,17,27,166.4,23.394272399886876
single_phase_baseline,single_phase_baseline/seed3_2,2,5.111111111111111,1150,18,3.6,44,3,0,3,17,27,180.4,27.126579282194857
single_phase_baseline,single_phase_baseline/seed3_2,3,5.111111111111111,1150,48,9.600000000000001,44,3,0,3,17,27,180.4,22.023274207110717
single_phase_baseline,single_phase_baseline/seed3_2,4,5.111111111111111,1150,87,17.400000000000002,44,6,5,1,17,27,60.400000000000006,23.754062708301188
single_phase_baseline,single_phase_baseline/seed3_2,5,5.111111111111111,1150,684,136.8,44,29,3,26,17,27,75.0,5.836331101748902
single_phase_baseline,single_phase_baseline/seed3_2,6,5.111111111111111,1150,0,0.0,44,0,0,0,17,27,,28.205422980215253
single_phase_baseline,single_phase_baseline/seed3_2,7,5.111111111111111,1150,134,26.8,44,9,3,6,17,27,76.2,30.785059889973017
single_phase_baseline,single_phase_baseline/seed3_2,8,5.111111111111111,1150,130,26.0,44,9,3,6,17,27,76.80000000000001,26.512714588761682
single_phase_baseline,single_phase_baseline/seed3_2,9,5.111111111111111,1150,94,18.8,44,5,4,1,17,27,72.4,25.538290853459348
single_phase_baseline,single_phase_baseline/seed3_2,10,5.111111111111111,1150,0,0.0,44,0,0,0,17,27,,24.84261009478423
single_phase_baseline,single_phase_baseline/seed3_2,11,5.111111111111111,1150,9,1.8,44,1,0,1,17,27,216.8,27.284598157798765
single_phase_baseline,single_phase_baseline/seed3_2,12,5.111111111111111,1150,84,16.8,44,7,3,4,17,27,77.80000000000001,26.33366772843017
single_phase_baseline,single_phase_baseline/seed3_3,0,5.111111111111111,1150,57,11.4,44,5,0,5,17,27,182.0,23.94821094228283
single_phase_baseline,single_phase_baseline/seed3_3,1,5.111111111111111,1150,56,11.200000000000001,44,4,0,4,17,27,166.4,23.394272399886876
single_phase_baseline,single_phase_baseline/seed3_3,2,5.111111111111111,1150,18,3.6,44,3,0,3,17,27,180.4,27.126579282194857
single_phase_baseline,single_phase_baseline/seed3_3,3,5.111111111111111,1150,48,9.600000000000001,44,3,0,3,17,27,180.4,22.023274207110717
single_phase_baseline,single_phase_baseline/seed3_3,4,5.111111111111111,1150,87,17.400000000000002,44,6,5,1,17,27,60.400000000000006,23.754062708301188
single_phase_baseline,single_phase_baseline/seed3_3,5,5.111111111111111,1150,54,10.8,44,4,0,4,17,27,212.8,29.288591928948897
single_phase_baseline,single_phase_baseline/seed3_3,6,5.111111111111111,1150,0,0.0,44,0,0,0,17,27,,27.587538786986592
single_phase_baseline,single_phase_baseline/seed3_3,7,5.111111111111111,1150,25,5.0,44,2,1,1,17,27,84.80000000000001,34.76489440509397
single_phase_baseline,single_phase_baseline/seed3_3,8,5.111111111111111,1150,5,1.0,44,2,0,2,17,27,89.80000000000001,30.721355251570525
single_phase_baseline,single_phase_baseline/seed3_3,9,5.111111111111111,1150,0,0.0,44,0,0,0,17,27,,28.076890720867194
single_phase_baseline,single_phase_baseline/seed3_3,10,5.111111111111111,1150,0,0.0,44,0,0,0,17,27,,24.454228882146552
single_phase_baseline,single_phase_baseline/seed3_3,11,5.111111111111111,1150,8,1.6,44,1,0,1,17,27,217.0,26.633679245876984
single_phase_baseline,single_phase_baseline/seed3_3,12,5.111111111111111,1150,86,17.2,44,4,0,4,17,27,213.0,27.55924270060133
single_phase_baseline,single_phase_baseline/seed3_3,13,5.111111111111111,1150,36,7.2,44,3,0,3,17,27,213.0,26.51015414687724
single_phase_baseline,single_phase_baseline/seed3_3,14,5.111111111111111,1150,57,11.4,44,5,1,4,17,27,83.60000000000001,23.803015614072716
single_phase_baseline,single_phase_baseline/seed3_4,0,5.111111111111111,1150,57,11.4,44,5,0,5,17,27,182.0,23.94821094228283
single_phase_baseline,single_phase_baseline/seed3_4,1,5.111111111111111,1150,56,11.200000000000001,44,4,0,4,17,27,166.4,23.394272399886876
single_phase_baseline,single_phase_baseline/seed3_4,2,5.111111111111111,1150,18,3.6,44,3,0,3,17,27,180.4,27.126579282194857
single_phase_baseline,single_phase_baseline/seed3_4,3,5.111111111111111,1150,48,9.600000000000001,44,3,0,3,17,27,180.4,22.023274207110717
single_phase_baseline,single_phase_baseline/seed3_4,4,5.111111111111111,1150,87,17.400000000000002,44,6,5,1,17,27,60.400000000000006,23.754062708301188
single_phase_baseline,single_phase_baseline/seed3_4,5,5.111111111111111,1150,55,11.0,44,4,0,4,17,27,212.8,29.17992663103591
single_phase_baseline,single_phase_baseline/seed3_4,6,5.111111111111111,1150,0,0.0,44,0,0,0,17,27,,27.586125934600293
single_phase_baseline,single_phase_baseline/seed3_4,7,5.111111111111111,1150,16,3.2,44,2,1,1,17,27,86.60000000000001,34.702929108265685
single_phase_baseline,single_phase_baseline/seed3_4,8,5.111111111111111,1150,9,1.8,44,3,1,2,17,27,88.2,30.598688667692464
single_phase_baseline,single_phase_baseline/seed3_4,9,5.111111111111111,1150,0,0.0,44,0,0,0,17,27,,28.379288052057568
single_phase_baseline,single_phase_baseline/seed3_4,10,5.111111111111111,1150,0,0.0,44,0,0,0,17,27,,24.728848817369403
single_phase_baseline,single_phase_baseline/seed3_4,11,5.111111111111111,1150,6,1.2000000000000002,44,1,0,1,17,27,217.0,27.264879899023093
single_phase_baseline,single_phase_baseline/seed3_4,12,5.111111111111111,1150,86,17.2,44,4,0,4,17,27,213.0,27.453310636073734
single_phase_baseline,single_phase_baseline/seed3_4,13,5.111111111111111,1150,38,7.6000000000000005,44,3,0,3,17,27,213.20000000000002,27.046760160005853
single_phase_baseline,single_phase_baseline/seed3_4,14,5.111111111111111,1150,59,11.8,44,4,2,2,17,27,81.2,23.485326456869842
single_phase_baseline,single_phase_baseline/seed3_5,0,5.111111111111111,1150,57,11.4,44,5,0,5,17,27,182.0,23.94821094228283
single_phase_baseline,single_phase_baseline/seed3_5,1,5.111111111111111,1150,56,11.200000000000001,44,4,0,4,17,27,166.4,23.394272399886876
single_phase_baseline,single_phase_baseline/seed3_5,2,5.111111111111111,1150,18,3.6,44,3,0,3,17,27,180.4,27.126579282194857
single_phase_baseline,single_phase_baseline/seed3_5,3,5.111111111111111,1150,48,9.600000000000001,44,3,0,3,17,27,180.4,22.023274207110717
single_phase_baseline,single_phase_baseline/seed3_5,4,5.111111111111111,1150,87,17.400000000000002,44,6,5,1,17,27,60.400000000000006,23.754062708301188
single_phase_baseline,single_phase_baseline/seed3_5,5,5.111111111111111,1150,685,137.0,44,29,3,26,17,27,75.0,5.755487213868747
single_phase_baseline,single_phase_baseline/seed3_5,6,5.111111111111111,1150,36,7.2,44,3,1,2,17,27,84.4,25.42172865967659
single_phase_baseline,single_phase_baseline/seed3_5,7,5.111111111111111,1150,118,23.6,44,6,3,3,17,27,76.0,33.27709959983258
single_phase_baseline,single_phase_baseline/seed3_5,8,5.111111111111111,1150,114,22.8,44,6,3,3,17,27,76.2,28.857070445059783
single_phase_baseline,single_phase_baseline/seed3_5,9,5.111111111111111,1150,128,25.6,44,7,4,3,17,27,72.0,28.891960176700223
single_phase_baseline,single_phase_baseline/seed3_5,10,5.111111111111111,1150,0,0.0,44,0,0,0,17,27,,24.47931652298373
single_phase_baseline,single_phase_baseline/seed3_5,11,5.111111111111111,1150,4,0.8,44,1,0,1,17,27,217.60000000000002,26.854043211066465
single_phase_baseline,single_phase_baseline/seed3_5,12,5.111111111111111,1150,102,20.400000000000002,44,6,2,4,17,27,80.80000000000001,24.663986283278835
single_phase_baseline,single_phase_baseline/seed3_5,13,5.111111111111111,1150,29,5.800000000000001,44,2,1,1,17,27,84.80000000000001,25.767908894656653
single_phase_baseline,single_phase_baseline/seed3_5,14,5.111111111111111,1150,95,19.0,44,5,3,2,17,27,74.8,23.749500464574577
single_phase_baseline,single_phase_baseline/seed3_6,0,5.111111111111111,1150,57,11.4,44,5,0,5,17,27,182.0,23.94821094228283
single_phase_baseline,single_phase_baseline/seed3_6,1,5.111111111111111,1150,56,11.200000000000001,44,4,0,4,17,27,166.4,23.394272399886876
single_phase_baseline,single_phase_baseline/seed3_6,2,5.111111111111111,1150,18,3.6,44,3,0,3,17,27,180.4,27.126579282194857
single_phase_baseline,single_phase_baseline/seed3_6,3,5.111111111111111,1150,48,9.600000000000001,44,3,0,3,17,27,180.4,22.023274207110717
single_phase_baseline,single_phase_baseline/seed3_6,4,5.111111111111111,1150,87,17.400000000000002,44,6,5,1,17,27,60.400000000000006,23.754062708301188
single_phase_baseline,single_phase_baseline/seed3_6,5,5.111111111111111,1150,699,139.8,44,29,3,26,17,27,74.4,5.3746341743812405
single_phase_baseline,single_phase_baseline/seed3_6,6,5.111111111111111,1150,15,3.0,44,2,0,2,17,27,160.20000000000002,27.33286314800967
single_phase_baseline,single_phase_baseline/seed3_6,7,5.111111111111111,1150,135,27.0,44,6,3,3,17,27,73.8,33.597326350544385
single_phase_baseline,single_phase_baseline/seed3_6,8,5.111111111111111,1150,55,11.0,44,3,2,1,17,27,79.4,26.09252875786887
single_phase_baseline,single_phase_baseline/seed3_6,9,5.111111111111111,1150,86,17.2,44,4,3,1,17,27,73.8,30.184090584283354
single_phase_baseline,single_phase_baseline/seed3_6,10,5.111111111111111,1150,0,0.0,44,0,0,0,17,27,,24.61968158364573
single_phase_baseline,single_phase_baseline/seed3_6,11,5.111111111111111,1150,32,6.4,44,2,1,1,17,27,83.80000000000001,25.94372699801555
single_phase_baseline,single_phase_baseline/seed3_6,12,5.111111111111111,1150,151,30.200000000000003,44,7,3,4,17,27,74.4,28.84101042455421
single_phase_baseline,single_phase_baseline/seed3_6,13,5.111111111111111,1150,53,10.600000000000001,44,3,2,1,17,27,80.0,25.11438553264374
single_phase_baseline,single_phase_baseline/seed3_6,14,5.111111111111111,1150,119,23.8,44,7,4,3,17,27,71.8,25.720370830734446
single_phase_baseline,single_phase_baseline/seed3_7,0,2.017543859649123,1150,2,0.4,115,1,0,1,44,71,160.20000000000002,25.78788340623043
single_phase_baseline,single_phase_baseline/seed3_7,1,2.017543859649123,1150,74,14.8,115,10,0,10,44,71,174.4,23.965433792365005
single_phase_baseline,single_phase_baseline/seed3_7,2,2.017543859649123,1150,21,4.2,115,6,0,6,44,71,161.8,24.980350115263057
single_phase_baseline,single_phase_baseline/seed3_7,3,2.017543859649123,1150,12,2.4000000000000004,115,2,0,2,44,71,174.20000000000002,21.775096603864835
single_phase_baseline,single_phase_baseline/seed3_7,4,2.017543859649123,1150,71,14.200000000000001,115,8,6,2,44,71,60.400000000000006,23.000972015203033
single_phase_baseline,single_phase_baseline/seed3_7,5,2.017543859649123,1150,49,9.8,115,9,2,7,44,71,85.0,28.322106153069274
single_phase_baseline,single_phase_baseline/seed3_7,6,2.017543859649123,1150,19,3.8000000000000003,115,2,0,2,44,71,88.2,27.845571527901434
single_phase_baseline,single_phase_baseline/seed3_7,7,2.017543859649123,1150,17,3.4000000000000004,115,3,1,2,44,71,86.4,35.4308642774875
single_phase_baseline,single_phase_baseline/seed3_7,8,2.017543859649123,1150,60,12.0,115,8,2,6,44,71,84.60000000000001,29.24418372216986
single_phase_baseline,single_phase_baseline/seed3_7,9,2.017543859649123,1150,8,1.6,115,1,0,1,44,71,88.60000000000001,29.43743286357878
single_phase_baseline,single_phase_baseline/seed3_7,10,2.017543859649123,1150,0,0.0,115,0,0,0,44,71,,25.823083916342057
single_phase_baseline,single_phase_baseline/seed3_7,11,2.017543859649123,1150,4,0.8,115,2,0,2,44,71,160.20000000000002,28.722767203333426
single_phase_baseline,single_phase_baseline/seed3_7,12,2.017543859649123,1150,226,45.2,115,28,3,25,44,71,84.0,22.449890679905156
single_phase_baseline,single_phase_baseline/seed3_7,13,2.017543859649123,1150,5,1.0,115,2,0,2,44,71,89.80000000000001,28.84660443336943
single_phase_baseline,single_phase_baseline/seed3_7,14,2.017543859649123,1150,349,69.8,115,39,5,34,44,71,79.80000000000001,16.874069651367343
single_phase_baseline,single_phase_baseline/seed3_8,0,2.017543859649123,1150,2,0.4,115,1,0,1,44,71,160.20000000000002,25.78788340623043
single_phase_baseline,single_phase_baseline/seed3_8,1,2.017543859649123,1150,74,14.8,115,10,0,10,44,71,174.4,23.965433792365005
single_phase_baseline,single_phase_baseline/seed3_8,2,2.017543859649123,1150,21,4.2,115,6,0,6,44,71,161.8,24.980350115263057
single_phase_baseline,single_phase_baseline/seed3_8,3,2.017543859649123,1150,12,2.4000000000000004,115,2,0,2,44,71,174.20000000000002,21.775096603864835
single_phase_baseline,single_phase_baseline/seed3_8,4,2.017543859649123,1150,71,14.200000000000001,115,8,6,2,44,71,60.400000000000006,23.000972015203033
single_phase_baseline,single_phase_baseline/seed3_8,5,2.017543859649123,1150,61,12.200000000000001,115,10,0,10,44,71,208.20000000000002,26.980394379772203
single_phase_baseline,single_phase_baseline/seed3_8,6,2.017543859649123,1150,0,0.0,115,0,0,0,44,71,,27.223965959170133
single_phase_baseline,single_phase_baseline/seed3_8,7,2.017543859649123,1150,771,154.20000000000002,115,78,7,71,44,71,74.2,4.997505935672663
single_phase_baseline,single_phase_baseline/seed3_8,8,2.017543859649123,1150,140,28.0,115,17,4,13,44,71,80.80000000000001,28.145015257103903
single_phase_baseline,single_phase_baseline/seed3_8,9,2.017543859649123,1150,40,8.0,115,5,3,2,44,71,82.60000000000001,26.01690468482957
single_phase_baseline,single_phase_baseline/seed3_8,10,2.017543859649123,1150,3,0.6000000000000001,115,1,0,1,44,71,89.0,24.214958963584333
single_phase_baseline,single_phase_baseline/seed3_8,11,2.017543859649123,1150,27,5.4,115,4,2,2,44,71,84.60000000000001,25.756974171002593
single_phase_baseline,single_phase_baseline/seed3_8,12,2.017543859649123,1150,130,26.0,115,20,6,14,44,71,77.2,25.13633215647587
single_phase_baseline,single_phase_baseline/seed3_8,13,2.017543859649123,1150,51,10.200000000000001,115,6,4,2,44,71,81.0,24.64192063738396
single_phase_baseline,single_phase_baseline/seed3_8,14,2.017543859649123,1150,770,154.0,115,79,9,70,44,71,72.0,3.802867047033945
single_phase_baseline,single_phase_baseline/seed4_1,0,5.111111111111111,1150,28,5.6000000000000005,44,3,1,2,17,27,40.400000000000006,23.75132484673291
single_phase_baseline,single_phase_baseline/seed4_1,1,5.111111111111111,1150,54,10.8,44,3,2,1,17,27,79.60000000000001,27.171956011972966
single_phase_baseline,single_phase_baseline/seed4_1,2,5.111111111111111,1150,4,0.8,44,1,0,1,17,27,201.60000000000002,23.00573792886549
single_phase_baseline,single_phase_baseline/seed4_1,3,5.111111111111111,1150,136,27.200000000000003,44,8,0,8,17,27,181.8,24.031562065250732
single_phase_baseline,single_phase_baseline/seed4_1,4,5.111111111111111,1150,11,2.2,44,2,0,2,17,27,180.4,27.168889245045907
single_phase_baseline,single_phase_baseline/seed4_1,5,5.111111111111111,1150,805,161.0,44,31,4,27,17,27,69.2,3.4973132038952848
single_phase_baseline,single_phase_baseline/seed4_1,6,5.111111111111111,1150,127,25.400000000000002,44,7,1,6,17,27,85.2,28.403185513527042
single_phase_baseline,single_phase_baseline/seed4_1,7,5.111111111111111,1150,0,0.0,44,0,0,0,17,27,,28.006259688629044
single_phase_baseline,single_phase_baseline/seed4_1,8,5.111111111111111,1150,758,151.6,44,30,3,27,17,27,76.4,4.292220309403806
single_phase_baseline,single_phase_baseline/seed4_1,9,5.111111111111111,1150,25,5.0,44,2,1,1,17,27,85.60000000000001,25.67782566518565
single_phase_baseline,single_phase_baseline/seed4_1,10,5.111111111111111,1150,71,14.200000000000001,44,4,3,1,17,27,77.4,24.56010990399544
single_phase_baseline,single_phase_baseline/seed4_1,11,5.111111111111111,1150,87,17.400000000000002,44,6,1,5,17,27,83.60000000000001,29.496563400583256
single_phase_baseline,single_phase_baseline/seed4_1,12,5.111111111111111,1150,0,0.0,44,0,0,0,17,27,,23.4055400284791
single_phase_baseline,single_phase_baseline/seed4_10,0,5.111111111111111,1150,16,3.2,44,1,0,1,17,27,210.20000000000002,22.783749185804588
single_phase_baseline,single_phase_baseline/seed4_10,1,5.111111111111111,1150,3,0.6000000000000001,44,1,0,1,17,27,195.4,26.770086495743037
single_phase_baseline,single_phase_baseline/seed4_10,2,5.111111111111111,1150,24,4.800000000000001,44,3,2,1,17,27,40.6,23.357683212080694
single_phase_baseline,single_phase_baseline/seed4_10,3,5.111111111111111,1150,195,39.0,44,10,0,10,17,27,160.4,23.105658046668427
single_phase_baseline,single_phase_baseline/seed4_10,4,5.111111111111111,1150,0,0.0,44,0,0,0,17,27,,26.47767525425661
single_phase_baseline,single_phase_baseline/seed4_10,5,5.111111111111111,1150,787,157.4,44,31,4,27,17,27,72.8,3.731830330164689
single_phase_baseline,single_phase_baseline/seed4_10,6,5.111111111111111,1150,107,21.400000000000002,44,5,0,5,17,27,205.20000000000002,23.168930984166355
single_phase_baseline,single_phase_baseline/seed4_10,7,5.111111111111111,1150,0,0.0,44,0,0,0,17,27,,21.509464877894104
single_phase_baseline,single_phase_baseline/seed4_10,8,5.111111111111111,1150,74,14.8,44,5,2,3,17,27,78.4,27.779279157072487
single_phase_baseline,single_phase_baseline/seed4_10,9,5.111111111111111,1150,0,0.0,44,0,0,0,17,27,,24.418519217571166
single_phase_baseline,single_phase_baseline/seed4_11,0,5.111111111111111,1150,16,3.2,44,1,0,1,17,27,210.20000000000002,22.783749185804588
single_phase_baseline,single_phase_baseline/seed4_11,1,5.111111111111111,1150,3,0.6000000000000001,44,1,0,1,17,27,195.4,26.770086495743037
single_phase_baseline,single_phase_baseline/seed4_11,2,5.111111111111111,1150,18,3.6,44,3,0,3,17,27,202.0,20.77513664674193
single_phase_baseline,single_phase_baseline/seed4_11,3,5.111111111111111,1150,151,30.200000000000003,44,7,0,7,17,27,165.4,22.91801287212085
single_phase_baseline,single_phase_baseline/seed4_11,4,5.111111111111111,1150,0,0.0,44,0,0,0,17,27,,28.281920069133808
single_phase_baseline,single_phase_baseline/seed4_11,5,5.111111111111111,1150,60,12.0,44,4,2,2,17,27,79.4,24.897262244626752
single_phase_baseline,single_phase_baseline/seed4_11,6,5.111111111111111,1150,108,21.6,44,5,0,5,17,27,206.8,29.725219048758696
single_phase_baseline,single_phase_baseline/seed4_11_tenExpl,0,5.111111111111111,1150,16,3.2,44,1,0,1,17,27,210.20000000000002,22.783749185804588
single_phase_baseline,single_phase_baseline/seed4_11_tenExpl,1,5.111111111111111,1150,3,0.6000000000000001,44,1,0,1,17,27,195.4,26.770086495743037
single_phase_baseline,single_phase_baseline/seed4_11_tenExpl,2,5.111111111111111,1150,24,4.800000000000001,44,3,2,1,17,27,40.6,23.357683212080694
single_phase_baseline,single_phase_baseline/seed4_11_tenExpl,3,5.111111111111111,1150,195,39.0,44,10,0,10,17,27,160.4,23.105658046668427
single_phase_baseline,single_phase_baseline/seed4_11_tenExpl,4,5.111111111111111,1150,0,0.0,44,0,0,0,17,27,,26.47767525425661
single_phase_baseline,single_phase_baseline/seed4_11_tenExpl,5,5.111111111111111,1150,130,26.0,44,8,2,6,17,27,78.80000000000001,25.781377871448456
single_phase_baseline,single_phase_baseline/seed4_11_tenExpl,6,5.111111111111111,1150,161,32.2,44,11,0,11,17,27,88.60000000000001,25.723789808449474
single_phase_baseline,single_phase_baseline/seed4_11_tenExpl,7,5.111111111111111,1150,23,4.6000000000000005,44,3,0,3,17,27,160.4,24.6612467460081
single_phase_baseline,single_phase_baseline/seed4_11_tenExpl,8,5.111111111111111,1150,80,16.0,44,6,3,3,17,27,60.400000000000006,26.084028691226308
single_phase_baseline,single_phase_baseline/seed4_11_tenExpl,9,5.111111111111111,1150,31,6.2,44,2,0,2,17,27,210.20000000000002,22.569132468201264
single_phase_baseline,single_phase_baseline/seed4_11_tenExpl,10,5.111111111111111,1150,4,0.8,44,1,1,0,17,27,76.2,27.958329569459035
single_phase_baseline,single_phase_baseline/seed4_11_tenExpl,11,5.111111111111111,1150,64,12.8,44,8,1,7,17,27,86.0,29.525226987710493
single_phase_baseline,single_phase_baseline/seed4_11_tenExpl,12,5.111111111111111,1150,0,0.0,44,0,0,0,17,27,,24.31756828131624
single_phase_baseline,single_phase_baseline/seed4_11_tenExpl,13,5.111111111111111,1150,11,2.2,44,3,1,2,17,27,88.4,27.599999247867206
single_phase_baseline,single_phase_baseline/seed4_11_tenExpl,14,5.111111111111111,1150,0,0.0,44,0,0,0,17,27,,31.719774968390535
single_phase_baseline,single_phase_baseline/seed4_12,0,5.111111111111111,1150,16,3.2,44,1,0,1,17,27,210.20000000000002,22.783749185804588
single_phase_baseline,single_phase_baseline/seed4_12,1,5.111111111111111,1150,3,0.6000000000000001,44,1,0,1,17,27,195.4,26.770086495743037
single_phase_baseline,single_phase_baseline/seed4_12,2,5.111111111111111,1150,24,4.800000000000001,44,3,2,1,17,27,40.6,23.357683212080694
single_phase_baseline,single_phase_baseline/seed4_12,3,5.111111111111111,1150,195,39.0,44,10,0,10,17,27,160.4,23.105658046668427
single_phase_baseline,single_phase_baseline/seed4_12,4,5.111111111111111,1150,0,0.0,44,0,0,0,17,27,,26.47767525425661
single_phase_baseline,single_phase_baseline/seed4_12,5,5.111111111111111,1150,55,11.0,44,3,2,1,17,27,79.80000000000001,24.843548536063047
single_phase_baseline,single_phase_baseline/seed4_12,6,5.111111111111111,1150,102,20.400000000000002,44,5,0,5,17,27,207.8,28.682758603725855
single_phase_baseline,single_phase_baseline/seed4_12,7,5.111111111111111,1150,0,0.0,44,0,0,0,17,27,,27.97556597607114
single_phase_baseline,single_phase_baseline/seed4_12,8,5.111111111111111,1150,56,11.200000000000001,44,3,2,1,17,27,78.4,27.243872505241004
single_phase_baseline,single_phase_baseline/seed4_12,9,5.111111111111111,1150,0,0.0,44,0,0,0,17,27,,26.772952327123818
single_phase_baseline,single_phase_baseline/seed4_2,0,5.111111111111111,1150,28,5.6000000000000005,44,3,1,2,17,27,40.400000000000006,23.75132484673291
single_phase_baseline,single_phase_baseline/seed4_2,1,5.111111111111111,1150,54,10.8,44,3,2,1,17,27,79.60000000000001,27.171956011972966
single_phase_baseline,single_phase_baseline/seed4_2,2,5.111111111111111,1150,4,0.8,44,1,0,1,17,27,201.60000000000002,23.00573792886549
single_phase_baseline,single_phase_baseline/seed4_2,3,5.111111111111111,1150,136,27.200000000000003,44,8,0,8,17,27,181.8,24.031562065250732
single_phase_baseline,single_phase_baseline/seed4_2,4,5.111111111111111,1150,11,2.2,44,2,0,2,17,27,180.4,27.168889245045907
single_phase_baseline,single_phase_baseline/seed4_2,5,5.111111111111111,1150,805,161.0,44,31,4,27,17,27,69.2,3.4927800083968914
single_phase_baseline,single_phase_baseline/seed4_2,6,5.111111111111111,1150,122,24.400000000000002,44,7,1,6,17,27,86.60000000000001,28.741196563009655
single_phase_baseline,single_phase_baseline/seed4_2,7,5.111111111111111,1150,0,0.0,44,0,0,0,17,27,,27.30987145113688
single_phase_baseline,single_phase_baseline/seed4_2,8,5.111111111111111,1150,104,20.8,44,5,3,2,17,27,73.0,25.835351520498143
single_phase_baseline,single_phase_baseline/seed4_2,9,5.111111111111111,1150,0,0.0,44,0,0,0,17,27,,25.64467761895958
single_phase_baseline,single_phase_baseline/seed4_2,10,5.111111111111111,1150,22,4.4,44,2,1,1,17,27,85.4,26.76884614462041
single_phase_baseline,single_phase_baseline/seed4_2,11,5.111111111111111,1150,93,18.6,44,6,1,5,17,27,83.4,28.301994118243076
single_phase_baseline,single_phase_baseline/seed4_2,12,5.111111111111111,1150,44,8.8,44,3,2,1,17,27,81.60000000000001,22.410458570871622
single_phase_baseline,single_phase_baseline/seed4_3,0,5.111111111111111,1150,28,5.6000000000000005,44,3,1,2,17,27,40.400000000000006,23.75132484673291
single_phase_baseline,single_phase_baseline/seed4_3,1,5.111111111111111,1150,54,10.8,44,3,2,1,17,27,79.60000000000001,27.171956011972966
single_phase_baseline,single_phase_baseline/seed4_3,2,5.111111111111111,1150,4,0.8,44,1,0,1,17,27,201.60000000000002,23.00573792886549
single_phase_baseline,single_phase_baseline/seed4_3,3,5.111111111111111,1150,136,27.200000000000003,44,8,0,8,17,27,181.8,24.031562065250732
single_phase_baseline,single_phase_baseline/seed4_3,4,5.111111111111111,1150,11,2.2,44,2,0,2,17,27,180.4,27.168889245045907
single_phase_baseline,single_phase_baseline/seed4_3,5,5.111111111111111,1150,61,12.200000000000001,44,3,2,1,17,27,78.80000000000001,25.51711707373457
single_phase_baseline,single_phase_baseline/seed4_3,6,5.111111111111111,1150,83,16.6,44,7,2,5,17,27,81.0,26.877075253613437
single_phase_baseline,single_phase_baseline/seed4_3,7,5.111111111111111,1150,6,1.2000000000000002,44,1,0,1,17,27,89.0,27.32446088462267
single_phase_baseline,single_phase_baseline/seed4_3,8,5.111111111111111,1150,777,155.4,44,31,4,27,17,27,71.8,3.295154494012575
single_phase_baseline,single_phase_baseline/seed4_3,9,5.111111111111111,1150,28,5.6000000000000005,44,2,1,1,17,27,84.2,24.80085072124352
single_phase_baseline,single_phase_baseline/seed4_3,10,5.111111111111111,1150,46,9.200000000000001,44,3,2,1,17,27,80.4,25.837450506631836
single_phase_baseline,single_phase_baseline/seed4_3,11,5.111111111111111,1150,61,12.200000000000001,44,7,2,5,17,27,81.0,28.194422734785036
single_phase_baseline,single_phase_baseline/seed4_3,12,5.111111111111111,1150,65,13.0,44,4,3,1,17,27,78.0,22.174489166535913
single_phase_baseline,single_phase_baseline/seed4_3,13,5.111111111111111,1150,57,11.4,44,3,2,1,17,27,79.2,26.592588425592197
single_phase_baseline,single_phase_baseline/seed4_3,14,5.111111111111111,1150,0,0.0,44,0,0,0,17,27,,31.176950953513366
single_phase_baseline,single_phase_baseline/seed4_4,0,5.111111111111111,1150,28,5.6000000000000005,44,3,1,2,17,27,40.400000000000006,23.75132484673291
single_phase_baseline,single_phase_baseline/seed4_4,1,5.111111111111111,1150,54,10.8,44,3,2,1,17,27,79.60000000000001,27.171956011972966
single_phase_baseline,single_phase_baseline/seed4_4,2,5.111111111111111,1150,4,0.8,44,1,0,1,17,27,201.60000000000002,23.00573792886549
single_phase_baseline,single_phase_baseline/seed4_4,3,5.111111111111111,1150,136,27.200000000000003,44,8,0,8,17,27,181.8,24.031562065250732
single_phase_baseline,single_phase_baseline/seed4_4,4,5.111111111111111,1150,11,2.2,44,2,0,2,17,27,180.4,27.168889245045907
single_phase_baseline,single_phase_baseline/seed4_4,5,5.111111111111111,1150,55,11.0,44,3,2,1,17,27,79.60000000000001,25.453757432597513
single_phase_baseline,single_phase_baseline/seed4_4,6,5.111111111111111,1150,110,22.0,44,8,0,8,17,27,89.4,29.495578483876734
single_phase_baseline,single_phase_baseline/seed4_4,7,5.111111111111111,1150,0,0.0,44,0,0,0,17,27,,28.30645004165268
single_phase_baseline,single_phase_baseline/seed4_4,8,5.111111111111111,1150,88,17.6,44,5,2,3,17,27,78.80000000000001,26.75310684300356
single_phase_baseline,single_phase_baseline/seed4_4,9,5.111111111111111,1150,6,1.2000000000000002,44,1,0,1,17,27,89.0,25.82381036342327
single_phase_baseline,single_phase_baseline/seed4_4,10,5.111111111111111,1150,56,11.200000000000001,44,3,2,1,17,27,79.4,25.876475988452768
single_phase_baseline,single_phase_baseline/seed4_4,11,5.111111111111111,1150,58,11.600000000000001,44,3,2,1,17,27,80.0,27.25396058994598
single_phase_baseline,single_phase_baseline/seed4_4,12,5.111111111111111,1150,79,15.8,44,4,3,1,17,27,75.8,22.362099971546307
single_phase_baseline,single_phase_baseline/seed4_4,13,5.111111111111111,1150,37,7.4,44,3,2,1,17,27,82.60000000000001,26.08333546941368
single_phase_baseline,single_phase_baseline/seed4_4,14,5.111111111111111,1150,0,0.0,44,0,0,0,17,27,,30.631759126721683
single_phase_baseline,single_phase_baseline/seed4_5,0,5.111111111111111,1150,28,5.6000000000000005,44,3,1,2,17,27,40.400000000000006,23.75132484673291
single_phase_baseline,single_phase_baseline/seed4_5,1,5.111111111111111,1150,54,10.8,44,3,2,1,17,27,79.60000000000001,27.171956011972966
single_phase_baseline,single_phase_baseline/seed4_5,2,5.111111111111111,1150,4,0.8,44,1,0,1,17,27,201.60000000000002,23.00573792886549
single_phase_baseline,single_phase_baseline/seed4_5,3,5.111111111111111,1150,136,27.200000000000003,44,8,0,8,17,27,181.8,24.031562065250732
single_phase_baseline,single_phase_baseline/seed4_5,4,5.111111111111111,1150,11,2.2,44,2,0,2,17,27,180.4,27.168889245045907
single_phase_baseline,single_phase_baseline/seed4_5,5,5.111111111111111,1150,805,161.0,44,31,4,27,17,27,69.2,3.5686101960692893
single_phase_baseline,single_phase_baseline/seed4_5,6,5.111111111111111,1150,124,24.8,44,7,1,6,17,27,85.4,27.892448494589658
single_phase_baseline,single_phase_baseline/seed4_5,7,5.111111111111111,1150,3,0.6000000000000001,44,1,0,1,17,27,129.4,28.951437403304965
single_phase_baseline,single_phase_baseline/seed4_5,8,5.111111111111111,1150,33,6.6000000000000005,44,3,2,1,17,27,82.4,25.62480174030218
single_phase_baseline,single_phase_baseline/seed4_5,9,5.111111111111111,1150,0,0.0,44,0,0,0,17,27,,26.70653823537781
single_phase_baseline,single_phase_baseline/seed4_5,10,5.111111111111111,1150,0,0.0,44,0,0,0,17,27,,26.972053793052513
single_phase_baseline,single_phase_baseline/seed4_5,11,5.111111111111111,1150,76,15.200000000000001,44,7,1,6,17,27,85.60000000000001,27.621304772169175
single_phase_baseline,single_phase_baseline/seed4_5,12,5.111111111111111,1150,59,11.8,44,3,2,1,17,27,78.60000000000001,22.65918806364618
single_phase_baseline,single_phase_baseline/seed4_5,13,5.111111111111111,1150,44,8.8,44,3,2,1,17,27,81.4,24.811314007401535
single_phase_baseline,single_phase_baseline/seed4_5,14,5.111111111111111,1150,58,11.600000000000001,44,3,2,1,17,27,79.2,28.416565194763876
single_phase_baseline,single_phase_baseline/seed4_6,0,5.111111111111111,1150,28,5.6000000000000005,44,3,1,2,17,27,40.400000000000006,23.75132484673291
single_phase_baseline,single_phase_baseline/seed4_6,1,5.111111111111111,1150,54,10.8,44,3,2,1,17,27,79.60000000000001,27.171956011972966
single_phase_baseline,single_phase_baseline/seed4_6,2,5.111111111111111,1150,4,0.8,44,1,0,1,17,27,201.60000000000002,23.00573792886549
single_phase_baseline,single_phase_baseline/seed4_6,3,5.111111111111111,1150,136,27.200000000000003,44,8,0,8,17,27,181.8,24.031562065250732
single_phase_baseline,single_phase_baseline/seed4_6,4,5.111111111111111,1150,11,2.2,44,2,0,2,17,27,180.4,27.168889245045907
single_phase_baseline,single_phase_baseline/seed4_6,5,5.111111111111111,1150,805,161.0,44,31,4,27,17,27,69.2,3.5239930252021514
single_phase_baseline,single_phase_baseline/seed4_6,6,5.111111111111111,1150,110,22.0,44,6,0,6,17,27,88.60000000000001,29.199844449467022
single_phase_baseline,single_phase_baseline/seed4_6,7,5.111111111111111,1150,0,0.0,44,0,0,0,17,27,,27.2892356945284
single_phase_baseline,single_phase_baseline/seed4_6,8,5.111111111111111,1150,49,9.8,44,3,2,1,17,27,80.4,26.093474850540108
single_phase_baseline,single_phase_baseline/seed4_6,9,5.111111111111111,1150,0,0.0,44,0,0,0,17,27,,26.5434882899309
single_phase_baseline,single_phase_baseline/seed4_6,10,5.111111111111111,1150,19,3.8000000000000003,44,3,1,2,17,27,87.4,26.840476655950454
single_phase_baseline,single_phase_baseline/seed4_6,11,5.111111111111111,1150,99,19.8,44,7,1,6,17,27,84.0,28.36731253001499
single_phase_baseline,single_phase_baseline/seed4_6,12,5.111111111111111,1150,17,3.4000000000000004,44,2,1,1,17,27,86.4,23.11976329190223
single_phase_baseline,single_phase_baseline/seed4_6,13,5.111111111111111,1150,12,2.4000000000000004,44,3,1,2,17,27,88.4,26.954791489546743
single_phase_baseline,single_phase_baseline/seed4_6,14,5.111111111111111,1150,12,2.4000000000000004,44,2,1,1,17,27,87.80000000000001,30.842038040170184
single_phase_baseline,single_phase_baseline/seed4_7,0,2.017543859649123,1150,17,3.4000000000000004,115,2,0,2,44,71,210.20000000000002,22.743904437970325
single_phase_baseline,single_phase_baseline/seed4_7,1,2.017543859649123,1150,12,2.4000000000000004,115,3,1,2,44,71,40.400000000000006,26.57544167738596
single_phase_baseline,single_phase_baseline/seed4_7,2,2.017543859649123,1150,2,0.4,115,1,0,1,44,71,213.60000000000002,23.466122701660485
single_phase_baseline,single_phase_baseline/seed4_7,3,2.017543859649123,1150,166,33.2,115,19,0,19,44,71,160.20000000000002,22.08841907347901
single_phase_baseline,single_phase_baseline/seed4_7,4,2.017543859649123,1150,9,1.8,115,2,1,1,44,71,60.400000000000006,28.653881252857857
single_phase_baseline,single_phase_baseline/seed4_7,5,2.017543859649123,1150,805,161.0,115,81,10,71,44,71,69.2,3.4905929453680162
single_phase_baseline,single_phase_baseline/seed4_7,6,2.017543859649123,1150,107,21.400000000000002,115,12,0,12,44,71,206.8,26.0845828462339
single_phase_baseline,single_phase_baseline/seed4_7,7,2.017543859649123,1150,0,0.0,115,0,0,0,44,71,,21.271742483337658
single_phase_baseline,single_phase_baseline/seed4_7,8,2.017543859649123,1150,38,7.6000000000000005,115,5,1,4,44,71,76.2,28.82631102298944
single_phase_baseline,single_phase_baseline/seed4_7,9,2.017543859649123,1150,3,0.6000000000000001,115,1,0,1,44,71,222.60000000000002,22.951531059816475
single_phase_baseline,single_phase_baseline/seed4_7,10,2.017543859649123,1150,16,3.2,115,4,0,4,44,71,213.0,26.026506220530965
single_phase_baseline,single_phase_baseline/seed4_7,11,2.017543859649123,1150,129,25.8,115,15,0,15,44,71,200.20000000000002,27.88596525631401
single_phase_baseline,single_phase_baseline/seed4_7,12,2.017543859649123,1150,0,0.0,115,0,0,0,44,71,,22.49367393785266
single_phase_baseline,single_phase_baseline/seed4_7,13,2.017543859649123,1150,44,8.8,115,7,3,4,44,71,83.4,25.89516542090851
single_phase_baseline,single_phase_baseline/seed4_7,14,2.017543859649123,1150,0,0.0,115,0,0,0,44,71,,30.530266788128205
single_phase_baseline,single_phase_baseline/seed4_8,0,2.017543859649123,1150,17,3.4000000000000004,115,2,0,2,44,71,210.20000000000002,22.743904437970325
single_phase_baseline,single_phase_baseline/seed4_8,1,2.017543859649123,1150,12,2.4000000000000004,115,3,1,2,44,71,40.400000000000006,26.57544167738596
single_phase_baseline,single_phase_baseline/seed4_8,2,2.017543859649123,1150,2,0.4,115,1,0,1,44,71,213.60000000000002,23.466122701660485
single_phase_baseline,single_phase_baseline/seed4_8,3,2.017543859649123,1150,166,33.2,115,19,0,19,44,71,160.20000000000002,22.08841907347901
single_phase_baseline,single_phase_baseline/seed4_8,4,2.017543859649123,1150,9,1.8,115,2,1,1,44,71,60.400000000000006,28.653881252857857
single_phase_baseline,single_phase_baseline/seed4_8,5,2.017543859649123,1150,64,12.8,115,9,0,9,44,71,213.0,22.35836802846802
single_phase_baseline,single_phase_baseline/seed4_8,6,2.017543859649123,1150,98,19.6,115,12,0,12,44,71,207.60000000000002,23.49936354619077
single_phase_baseline,single_phase_baseline/seed4_8,7,2.017543859649123,1150,11,2.2,115,3,3,0,44,71,60.400000000000006,24.748290856415537
single_phase_baseline,single_phase_baseline/seed4_8,8,2.017543859649123,1150,30,6.0,115,4,0,4,44,71,160.20000000000002,27.05011043073554
single_phase_baseline,single_phase_baseline/seed4_8,9,2.017543859649123,1150,1,0.2,115,1,0,1,44,71,213.4,21.878807895872036
single_phase_baseline,single_phase_baseline/seed4_8,10,2.017543859649123,1150,68,13.600000000000001,115,8,6,2,44,71,78.0,22.918698050965066
single_phase_baseline,single_phase_baseline/seed4_8,11,2.017543859649123,1150,63,12.600000000000001,115,8,4,4,44,71,80.60000000000001,27.594351922045178
single_phase_baseline,single_phase_baseline/seed4_8,12,2.017543859649123,1150,64,12.8,115,7,5,2,44,71,78.4,22.24516008315706
single_phase_baseline,single_phase_baseline/seed4_8,13,2.017543859649123,1150,61,12.200000000000001,115,8,5,3,44,71,79.2,25.567772401735116
single_phase_baseline,single_phase_baseline/seed4_8,14,2.017543859649123,1150,122,24.400000000000002,115,13,5,8,44,71,78.60000000000001,28.76493951679417
single_phase_baseline,single_phase_baseline/seed5_1,0,5.111111111111111,1150,16,3.2,44,3,1,2,17,27,87.60000000000001,24.409136027440155
single_phase_baseline,single_phase_baseline/seed5_1,1,5.111111111111111,1150,66,13.200000000000001,44,4,0,4,17,27,160.4,26.492218541543373
single_phase_baseline,single_phase_baseline/seed5_1,2,5.111111111111111,1150,53,10.600000000000001,44,4,3,1,17,27,60.400000000000006,27.105470706544477
single_phase_baseline,single_phase_baseline/seed5_1,3,5.111111111111111,1150,63,12.600000000000001,44,6,1,5,17,27,85.0,19.825529738044185
single_phase_baseline,single_phase_baseline/seed5_1,4,5.111111111111111,1150,73,14.600000000000001,44,6,3,3,17,27,60.400000000000006,30.288852812823038
single_phase_baseline,single_phase_baseline/seed5_1,5,5.111111111111111,1150,797,159.4,44,31,4,27,17,27,70.2,3.1497345601107014
single_phase_baseline,single_phase_baseline/seed5_1,6,5.111111111111111,1150,97,19.400000000000002,44,6,2,4,17,27,82.60000000000001,28.546487105162278
single_phase_baseline,single_phase_baseline/seed5_1,7,5.111111111111111,1150,0,0.0,44,0,0,0,17,27,,30.383522544757174
single_phase_baseline,single_phase_baseline/seed5_1,8,5.111111111111111,1150,25,5.0,44,3,2,1,17,27,76.2,27.241466589625837
single_phase_baseline,single_phase_baseline/seed5_1,9,5.111111111111111,1150,29,5.800000000000001,44,3,2,1,17,27,76.2,32.88120871555672
single_phase_baseline,single_phase_baseline/seed5_1,10,5.111111111111111,1150,17,3.4000000000000004,44,3,1,2,17,27,87.0,29.31740678634308
single_phase_baseline,single_phase_baseline/seed5_1,11,5.111111111111111,1150,9,1.8,44,2,0,2,17,27,160.20000000000002,27.365637435387782
single_phase_baseline,single_phase_baseline/seed5_1,12,5.111111111111111,1150,17,3.4000000000000004,44,3,0,3,17,27,130.0,32.27834525577505
single_phase_baseline,single_phase_baseline/seed5_2,0,5.111111111111111,1150,16,3.2,44,3,1,2,17,27,87.60000000000001,24.409136027440155
single_phase_baseline,single_phase_baseline/seed5_2,1,5.111111111111111,1150,66,13.200000000000001,44,4,0,4,17,27,160.4,26.492218541543373
single_phase_baseline,single_phase_baseline/seed5_2,2,5.111111111111111,1150,53,10.600000000000001,44,4,3,1,17,27,60.400000000000006,27.105470706544477
single_phase_baseline,single_phase_baseline/seed5_2,3,5.111111111111111,1150,63,12.600000000000001,44,6,1,5,17,27,85.0,19.825529738044185
single_phase_baseline,single_phase_baseline/seed5_2,4,5.111111111111111,1150,73,14.600000000000001,44,6,3,3,17,27,60.400000000000006,30.288852812823038
single_phase_baseline,single_phase_baseline/seed5_2,5,5.111111111111111,1150,797,159.4,44,31,4,27,17,27,70.2,3.126531655978232
single_phase_baseline,single_phase_baseline/seed5_2,6,5.111111111111111,1150,40,8.0,44,5,2,3,17,27,76.2,29.252199888243677
single_phase_baseline,single_phase_baseline/seed5_2,7,5.111111111111111,1150,0,0.0,44,0,0,0,17,27,,30.22684373784002
single_phase_baseline,single_phase_baseline/seed5_2,8,5.111111111111111,1150,19,3.8000000000000003,44,2,0,2,17,27,160.20000000000002,27.14664474808731
single_phase_baseline,single_phase_baseline/seed5_2,9,5.111111111111111,1150,46,9.200000000000001,44,3,2,1,17,27,82.4,31.44930202307224
single_phase_baseline,single_phase_baseline/seed5_2,10,5.111111111111111,1150,27,5.4,44,4,1,3,17,27,86.80000000000001,28.617546996774124
single_phase_baseline,single_phase_baseline/seed5_2,11,5.111111111111111,1150,36,7.2,44,3,1,2,17,27,84.60000000000001,24.7241689147411
single_phase_baseline,single_phase_baseline/seed5_2,12,5.111111111111111,1150,42,8.4,44,4,1,3,17,27,85.4,30.575786281645108
single_phase_baseline,single_phase_baseline/seed5_3,0,5.111111111111111,1150,16,3.2,44,3,1,2,17,27,87.60000000000001,24.409136027440155
single_phase_baseline,single_phase_baseline/seed5_3,1,5.111111111111111,1150,66,13.200000000000001,44,4,0,4,17,27,160.4,26.492218541543373
single_phase_baseline,single_phase_baseline/seed5_3,2,5.111111111111111,1150,53,10.600000000000001,44,4,3,1,17,27,60.400000000000006,27.105470706544477
single_phase_baseline,single_phase_baseline/seed5_3,3,5.111111111111111,1150,63,12.600000000000001,44,6,1,5,17,27,85.0,19.825529738044185
single_phase_baseline,single_phase_baseline/seed5_3,4,5.111111111111111,1150,73,14.600000000000001,44,6,3,3,17,27,60.400000000000006,30.288852812823038
single_phase_baseline,single_phase_baseline/seed5_3,5,5.111111111111111,1150,50,10.0,44,3,2,1,17,27,80.4,24.65581333869388
single_phase_baseline,single_phase_baseline/seed5_3,6,5.111111111111111,1150,54,10.8,44,3,2,1,17,27,80.4,27.35992696062027
single_phase_baseline,single_phase_baseline/seed5_3,7,5.111111111111111,1150,0,0.0,44,0,0,0,17,27,,28.352466242033188
single_phase_baseline,single_phase_baseline/seed5_3,8,5.111111111111111,1150,13,2.6,44,2,1,1,17,27,86.80000000000001,25.40645690258345
single_phase_baseline,single_phase_baseline/seed5_3,9,5.111111111111111,1150,17,3.4000000000000004,44,2,1,1,17,27,86.4,31.663131408517913
single_phase_baseline,single_phase_baseline/seed5_3,10,5.111111111111111,1150,41,8.200000000000001,44,3,2,1,17,27,82.0,27.17207737205186
single_phase_baseline,single_phase_baseline/seed5_3,11,5.111111111111111,1150,25,5.0,44,2,1,1,17,27,85.60000000000001,25.088853453322212
single_phase_baseline,single_phase_baseline/seed5_3,12,5.111111111111111,1150,6,1.2000000000000002,44,3,0,3,17,27,160.20000000000002,30.968970704270877
single_phase_baseline,single_phase_baseline/seed5_3,13,5.111111111111111,1150,55,11.0,44,4,1,3,17,27,87.60000000000001,31.225624434523585
single_phase_baseline,single_phase_baseline/seed5_3,14,5.111111111111111,1150,23,4.6000000000000005,44,2,1,1,17,27,85.80000000000001,25.21701085956037
single_phase_baseline,single_phase_baseline/seed5_4,0,5.111111111111111,1150,16,3.2,44,3,1,2,17,27,87.60000000000001,24.409136027440155
single_phase_baseline,single_phase_baseline/seed5_4,1,5.111111111111111,1150,66,13.200000000000001,44,4,0,4,17,27,160.4,26.492218541543373
single_phase_baseline,single_phase_baseline/seed5_4,2,5.111111111111111,1150,53,10.600000000000001,44,4,3,1,17,27,60.400000000000006,27.105470706544477
single_phase_baseline,single_phase_baseline/seed5_4,3,5.111111111111111,1150,63,12.600000000000001,44,6,1,5,17,27,85.0,19.825529738044185
single_phase_baseline,single_phase_baseline/seed5_4,4,5.111111111111111,1150,73,14.600000000000001,44,6,3,3,17,27,60.400000000000006,30.288852812823038
single_phase_baseline,single_phase_baseline/seed5_4,5,5.111111111111111,1150,34,6.800000000000001,44,3,1,2,17,27,83.60000000000001,25.519989724596055
single_phase_baseline,single_phase_baseline/seed5_4,6,5.111111111111111,1150,50,10.0,44,3,2,1,17,27,82.2,28.389398878019193
single_phase_baseline,single_phase_baseline/seed5_4,7,5.111111111111111,1150,0,0.0,44,0,0,0,17,27,,28.544656538952303
single_phase_baseline,single_phase_baseline/seed5_4,8,5.111111111111111,1150,7,1.4000000000000001,44,2,1,1,17,27,88.0,25.721512443630132
single_phase_baseline,single_phase_baseline/seed5_4,9,5.111111111111111,1150,0,0.0,44,0,0,0,17,27,,32.202186066864414
single_phase_baseline,single_phase_baseline/seed5_4,10,5.111111111111111,1150,11,2.2,44,2,1,1,17,27,87.4,28.12899547091794
single_phase_baseline,single_phase_baseline/seed5_4,11,5.111111111111111,1150,8,1.6,44,2,0,2,17,27,88.80000000000001,25.822818784272602
single_phase_baseline,single_phase_baseline/seed5_4,12,5.111111111111111,1150,10,2.0,44,3,0,3,17,27,213.0,30.82312237205203
single_phase_baseline,single_phase_baseline/seed5_4,13,5.111111111111111,1150,55,11.0,44,4,1,3,17,27,87.0,30.811491710282972
single_phase_baseline,single_phase_baseline/seed5_4,14,5.111111111111111,1150,0,0.0,44,0,0,0,17,27,,25.740529598583382
single_phase_baseline,single_phase_baseline/seed5_5,0,5.111111111111111,1150,16,3.2,44,3,1,2,17,27,87.60000000000001,24.409136027440155
single_phase_baseline,single_phase_baseline/seed5_5,1,5.111111111111111,1150,66,13.200000000000001,44,4,0,4,17,27,160.4,26.492218541543373
single_phase_baseline,single_phase_baseline/seed5_5,2,5.111111111111111,1150,53,10.600000000000001,44,4,3,1,17,27,60.400000000000006,27.105470706544477
single_phase_baseline,single_phase_baseline/seed5_5,3,5.111111111111111,1150,63,12.600000000000001,44,6,1,5,17,27,85.0,19.825529738044185
single_phase_baseline,single_phase_baseline/seed5_5,4,5.111111111111111,1150,73,14.600000000000001,44,6,3,3,17,27,60.400000000000006,30.288852812823038
single_phase_baseline,single_phase_baseline/seed5_5,5,5.111111111111111,1150,797,159.4,44,31,4,27,17,27,70.2,3.2825467640080204
single_phase_baseline,single_phase_baseline/seed5_5,6,5.111111111111111,1150,31,6.2,44,4,2,2,17,27,76.2,29.446581151814122
single_phase_baseline,single_phase_baseline/seed5_5,7,5.111111111111111,1150,0,0.0,44,0,0,0,17,27,,29.558955186985717
single_phase_baseline,single_phase_baseline/seed5_5,8,5.111111111111111,1150,46,9.200000000000001,44,3,2,1,17,27,82.0,24.548381724279228
single_phase_baseline,single_phase_baseline/seed5_5,9,5.111111111111111,1150,33,6.6000000000000005,44,2,1,1,17,27,83.80000000000001,31.904818906687776
single_phase_baseline,single_phase_baseline/seed5_5,10,5.111111111111111,1150,43,8.6,44,3,2,1,17,27,82.60000000000001,27.765564187347564
single_phase_baseline,single_phase_baseline/seed5_5,11,5.111111111111111,1150,7,1.4000000000000001,44,1,0,1,17,27,216.4,26.78765723228834
single_phase_baseline,single_phase_baseline/seed5_5,12,5.111111111111111,1150,4,0.8,44,1,0,1,17,27,160.20000000000002,31.7921780076683
single_phase_baseline,single_phase_baseline/seed5_5,13,5.111111111111111,1150,65,13.0,44,4,0,4,17,27,160.20000000000002,32.47707365423329
single_phase_baseline,single_phase_baseline/seed5_5,14,5.111111111111111,1150,24,4.800000000000001,44,2,0,2,17,27,160.4,27.125704157211164
single_phase_baseline,single_phase_baseline/seed5_6,0,5.111111111111111,1150,16,3.2,44,3,1,2,17,27,87.60000000000001,24.409136027440155
single_phase_baseline,single_phase_baseline/seed5_6,1,5.111111111111111,1150,66,13.200000000000001,44,4,0,4,17,27,160.4,26.492218541543373
single_phase_baseline,single_phase_baseline/seed5_6,2,5.111111111111111,1150,53,10.600000000000001,44,4,3,1,17,27,60.400000000000006,27.105470706544477
single_phase_baseline,single_phase_baseline/seed5_6,3,5.111111111111111,1150,63,12.600000000000001,44,6,1,5,17,27,85.0,19.825529738044185
single_phase_baseline,single_phase_baseline/seed5_6,4,5.111111111111111,1150,73,14.600000000000001,44,6,3,3,17,27,60.400000000000006,30.288852812823038
single_phase_baseline,single_phase_baseline/seed5_6,5,5.111111111111111,1150,796,159.20000000000002,44,31,4,27,17,27,71.0,3.328860111770003
single_phase_baseline,single_phase_baseline/seed5_6,6,5.111111111111111,1150,43,8.6,44,2,1,1,17,27,83.4,28.61059971280256
single_phase_baseline,single_phase_baseline/seed5_6,7,5.111111111111111,1150,0,0.0,44,0,0,0,17,27,,30.249575904100727
single_phase_baseline,single_phase_baseline/seed5_6,8,5.111111111111111,1150,53,10.600000000000001,44,3,2,1,17,27,79.80000000000001,24.296855480113297
single_phase_baseline,single_phase_baseline/seed5_6,9,5.111111111111111,1150,31,6.2,44,2,1,1,17,27,84.2,31.53630362422313
single_phase_baseline,single_phase_baseline/seed5_6,10,5.111111111111111,1150,30,6.0,44,2,1,1,17,27,84.2,27.954075845890472
single_phase_baseline,single_phase_baseline/seed5_6,11,5.111111111111111,1150,8,1.6,44,2,0,2,17,27,89.2,26.159777132557274
single_phase_baseline,single_phase_baseline/seed5_6,12,5.111111111111111,1150,0,0.0,44,0,0,0,17,27,,31.441123374056858
single_phase_baseline,single_phase_baseline/seed5_6,13,5.111111111111111,1150,42,8.4,44,2,0,2,17,27,219.8,32.2983646387772
single_phase_baseline,single_phase_baseline/seed5_6,14,5.111111111111111,1150,9,1.8,44,2,0,2,17,27,160.20000000000002,27.013379779921838
single_phase_baseline,single_phase_baseline/seed5_8,0,5.111111111111111,1150,0,0.0,44,0,0,0,17,27,,25.906070532350732
single_phase_baseline,single_phase_baseline/seed5_8,1,5.111111111111111,1150,33,6.6000000000000005,44,2,0,2,17,27,210.20000000000002,23.292959411232438
single_phase_baseline,single_phase_baseline/seed5_8,2,5.111111111111111,1150,0,0.0,44,0,0,0,17,27,,28.55187782740389
single_phase_baseline,single_phase_baseline/seed5_8,3,5.111111111111111,1150,54,10.8,44,6,0,6,17,27,160.20000000000002,21.21733018062771
single_phase_baseline,single_phase_baseline/seed5_8,4,5.111111111111111,1150,9,1.8,44,4,0,4,17,27,177.60000000000002,31.91493868770383
single_phase_baseline,single_phase_baseline/seed5_8,5,5.111111111111111,1150,720,144.0,44,29,4,25,17,27,69.60000000000001,4.773006009124746
single_phase_baseline,single_phase_baseline/seed5_8,6,5.111111111111111,1150,38,7.6000000000000005,44,4,0,4,17,27,213.0,23.173286538971933
single_phase_baseline,single_phase_baseline/seed5_8,7,5.111111111111111,1150,5,1.0,44,1,0,1,17,27,228.20000000000002,21.495347210809612
single_phase_baseline,single_phase_baseline/seed5_8,8,5.111111111111111,1150,3,0.6000000000000001,44,1,0,1,17,27,213.4,20.521076698467194
single_phase_baseline,single_phase_baseline/seed5_8,9,5.111111111111111,1150,6,1.2000000000000002,44,1,0,1,17,27,228.20000000000002,24.47489218654287
single_phase_baseline,single_phase_baseline/seed5_8,10,5.111111111111111,1150,5,1.0,44,1,0,1,17,27,160.4,22.094769281950008
single_phase_baseline,single_phase_baseline/seed5_8,11,5.111111111111111,1150,25,5.0,44,3,0,3,17,27,213.20000000000002,21.245061382576015
single_phase_baseline,single_phase_baseline/seed5_9,0,5.111111111111111,1150,16,3.2,44,3,1,2,17,27,87.60000000000001,24.409136027440155
single_phase_baseline,single_phase_baseline/seed5_9,1,5.111111111111111,1150,66,13.200000000000001,44,4,0,4,17,27,160.4,26.492218541543373
single_phase_baseline,single_phase_baseline/seed5_9,2,5.111111111111111,1150,53,10.600000000000001,44,4,3,1,17,27,60.400000000000006,27.105470706544477
single_phase_baseline,single_phase_baseline/seed5_9,3,5.111111111111111,1150,63,12.600000000000001,44,6,1,5,17,27,85.0,19.825529738044185
single_phase_baseline,single_phase_baseline/seed5_9,4,5.111111111111111,1150,73,14.600000000000001,44,6,3,3,17,27,60.400000000000006,30.288852812823038
single_phase_baseline,single_phase_baseline/seed5_9,5,5.111111111111111,1150,797,159.4,44,31,4,27,17,27,70.2,3.3125144846504546
single_phase_baseline,single_phase_baseline/seed5_9,6,5.111111111111111,1150,40,8.0,44,2,1,1,17,27,84.0,28.60505616115162
single_phase_baseline,single_phase_baseline/seed5_9,7,5.111111111111111,1150,4,0.8,44,1,0,1,17,27,88.60000000000001,30.024030975135414
single_phase_baseline,single_phase_baseline/seed5_9,8,5.111111111111111,1150,40,8.0,44,3,2,1,17,27,83.0,24.450253105031916
single_phase_baseline,single_phase_baseline/seed5_9,9,5.111111111111111,1150,24,4.800000000000001,44,3,0,3,17,27,195.4,24.232670267144
single_phase_baseline,single_phase_baseline/seed7_1,0,5.111111111111111,1150,79,15.8,44,6,0,6,17,27,200.0,28.356248553388138
single_phase_baseline,single_phase_baseline/seed7_1,1,5.111111111111111,1150,3,0.6000000000000001,44,1,0,1,17,27,88.80000000000001,28.164378430923623
single_phase_baseline,single_phase_baseline/seed7_1,2,5.111111111111111,1150,7,1.4000000000000001,44,1,0,1,17,27,200.20000000000002,26.663519617943997
single_phase_baseline,single_phase_baseline/seed7_1,3,5.111111111111111,1150,38,7.6000000000000005,44,5,1,4,17,27,60.400000000000006,27.02102003071666
single_phase_baseline,single_phase_baseline/seed7_1,4,5.111111111111111,1150,82,16.400000000000002,44,6,0,6,17,27,200.4,24.653708117714928
single_phase_baseline,single_phase_baseline/seed7_1,5,5.111111111111111,1150,32,6.4,44,2,1,1,17,27,83.80000000000001,28.400175467476707
single_phase_baseline,single_phase_baseline/seed7_1,6,5.111111111111111,1150,735,147.0,44,30,3,27,17,27,76.4,3.9303482007151147
single_phase_baseline,single_phase_baseline/seed7_1,7,5.111111111111111,1150,23,4.6000000000000005,44,2,1,1,17,27,85.4,25.627184130794834
single_phase_baseline,single_phase_baseline/seed7_1,8,5.111111111111111,1150,18,3.6,44,4,3,1,17,27,76.2,27.12886133069979
single_phase_baseline,single_phase_baseline/seed7_1,9,5.111111111111111,1150,31,6.2,44,2,1,1,17,27,84.60000000000001,26.53322187714142
single_phase_baseline,single_phase_baseline/seed7_1 copy,0,5.111111111111111,1150,79,15.8,44,6,0,6,17,27,200.0,28.356248553388138
single_phase_baseline,single_phase_baseline/seed7_1 copy,1,5.111111111111111,1150,3,0.6000000000000001,44,1,0,1,17,27,88.80000000000001,28.164378430923623
single_phase_baseline,single_phase_baseline/seed7_1 copy,2,5.111111111111111,1150,7,1.4000000000000001,44,1,0,1,17,27,200.20000000000002,26.663519617943997
single_phase_baseline,single_phase_baseline/seed7_1 copy,3,5.111111111111111,1150,38,7.6000000000000005,44,5,1,4,17,27,60.400000000000006,27.02102003071666
single_phase_baseline,single_phase_baseline/seed7_1 copy,4,5.111111111111111,1150,82,16.400000000000002,44,6,0,6,17,27,200.4,24.653708117714928
single_phase_baseline,single_phase_baseline/seed7_1 copy,5,5.111111111111111,1150,32,6.4,44,2,1,1,17,27,83.80000000000001,28.400175467476707
single_phase_baseline,single_phase_baseline/seed7_1 copy,6,5.111111111111111,1150,735,147.0,44,30,3,27,17,27,76.4,3.9303482007151147
single_phase_baseline,single_phase_baseline/seed7_1 copy,7,5.111111111111111,1150,23,4.6000000000000005,44,2,1,1,17,27,85.4,25.627184130794834
single_phase_baseline,single_phase_baseline/seed7_1 copy,8,5.111111111111111,1150,18,3.6,44,4,3,1,17,27,76.2,27.12886133069979
single_phase_baseline,single_phase_baseline/seed7_1 copy,9,5.111111111111111,1150,31,6.2,44,2,1,1,17,27,84.60000000000001,26.53322187714142
single_phase_baseline,single_phase_baseline/seed7_2,0,5.111111111111111,1150,79,15.8,44,6,0,6,17,27,200.0,28.356248553388138
single_phase_baseline,single_phase_baseline/seed7_2,1,5.111111111111111,1150,3,0.6000000000000001,44,1,0,1,17,27,88.80000000000001,28.164378430923623
single_phase_baseline,single_phase_baseline/seed7_2,2,5.111111111111111,1150,7,1.4000000000000001,44,1,0,1,17,27,200.20000000000002,26.663519617943997
single_phase_baseline,single_phase_baseline/seed7_2,3,5.111111111111111,1150,38,7.6000000000000005,44,5,1,4,17,27,60.400000000000006,27.02102003071666
single_phase_baseline,single_phase_baseline/seed7_2,4,5.111111111111111,1150,82,16.400000000000002,44,6,0,6,17,27,200.4,24.653708117714928
single_phase_baseline,single_phase_baseline/seed7_2,5,5.111111111111111,1150,0,0.0,44,0,0,0,17,27,,25.837447574427202
single_phase_baseline,single_phase_baseline/seed7_2,6,5.111111111111111,1150,12,2.4000000000000004,44,1,0,1,17,27,227.8,23.365145467883593
single_phase_baseline,single_phase_baseline/seed7_2,7,5.111111111111111,1150,29,5.800000000000001,44,3,0,3,17,27,89.2,26.89739884250327
single_phase_baseline,single_phase_baseline/seed7_4,0,5.111111111111111,1150,79,15.8,44,6,0,6,17,27,200.0,28.356248553388138
single_phase_baseline,single_phase_baseline/seed7_4,1,5.111111111111111,1150,3,0.6000000000000001,44,1,0,1,17,27,88.80000000000001,28.164378430923623
single_phase_baseline,single_phase_baseline/seed7_4,2,5.111111111111111,1150,7,1.4000000000000001,44,1,0,1,17,27,200.20000000000002,26.663519617943997
single_phase_baseline,single_phase_baseline/seed7_4,3,5.111111111111111,1150,38,7.6000000000000005,44,5,1,4,17,27,60.400000000000006,27.02102003071666
single_phase_baseline,single_phase_baseline/seed7_4,4,5.111111111111111,1150,82,16.400000000000002,44,6,0,6,17,27,200.4,24.653708117714928
single_phase_baseline,single_phase_baseline/seed7_4,5,5.111111111111111,1150,0,0.0,44,0,0,0,17,27,,26.213433793158178
single_phase_baseline,single_phase_baseline/seed7_4,6,5.111111111111111,1150,13,2.6,44,1,0,1,17,27,227.60000000000002,25.39632032384589
single_phase_baseline,single_phase_baseline/seed7_4,7,5.111111111111111,1150,0,0.0,44,0,0,0,17,27,,25.866727888252793
single_phase_baseline,single_phase_baseline/seed7_4,8,5.111111111111111,1150,0,0.0,44,0,0,0,17,27,,25.395683349414835
single_phase_baseline,single_phase_baseline/seed7_4,9,5.111111111111111,1150,0,0.0,44,0,0,0,17,27,,26.666172494560755
single_phase_baseline,single_phase_baseline/seed7_6,0,5.111111111111111,1150,79,15.8,44,6,0,6,17,27,200.0,28.356248553388138
single_phase_baseline,single_phase_baseline/seed7_6,1,5.111111111111111,1150,3,0.6000000000000001,44,1,0,1,17,27,88.80000000000001,28.164378430923623
single_phase_baseline,single_phase_baseline/seed7_6,2,5.111111111111111,1150,7,1.4000000000000001,44,1,0,1,17,27,200.20000000000002,26.663519617943997
single_phase_baseline,single_phase_baseline/seed7_6,3,5.111111111111111,1150,38,7.6000000000000005,44,5,1,4,17,27,60.400000000000006,27.02102003071666
single_phase_baseline,single_phase_baseline/seed7_6,4,5.111111111111111,1150,82,16.400000000000002,44,6,0,6,17,27,200.4,24.653708117714928
single_phase_baseline,single_phase_baseline/seed7_6,5,5.111111111111111,1150,0,0.0,44,0,0,0,17,27,,25.837447574427202
single_phase_baseline,single_phase_baseline/seed7_6,6,5.111111111111111,1150,12,2.4000000000000004,44,1,0,1,17,27,227.8,23.365145467883593
single_phase_baseline,single_phase_baseline/seed7_6,7,5.111111111111111,1150,29,5.800000000000001,44,3,0,3,17,27,89.2,26.89739884250327
single_phase_baseline,single_phase_baseline/seed7_6,8,5.111111111111111,1150,55,11.0,44,5,1,4,17,27,87.2,27.362071771633563
single_phase_baseline,single_phase_baseline/seed7_6,9,5.111111111111111,1150,62,12.4,44,4,2,2,17,27,79.60000000000001,28.07161909398451
single_phase_baseline,single_phase_baseline/seed8_1,0,5.111111111111111,1150,53,10.600000000000001,44,5,0,5,17,27,160.20000000000002,21.587636480292538
single_phase_baseline,single_phase_baseline/seed8_1,1,5.111111111111111,1150,26,5.2,44,1,0,1,17,27,161.4,26.78316564415268
single_phase_baseline,single_phase_baseline/seed8_1,2,5.111111111111111,1150,0,0.0,44,0,0,0,17,27,,27.87121463473008
single_phase_baseline,single_phase_baseline/seed8_1,3,5.111111111111111,1150,52,10.4,44,5,0,5,17,27,163.0,26.0303538561762
single_phase_baseline,single_phase_baseline/seed8_1,4,5.111111111111111,1150,53,10.600000000000001,44,5,0,5,17,27,160.4,22.849581324941298
single_phase_baseline,single_phase_baseline/seed8_1,5,5.111111111111111,1150,790,158.0,44,31,4,27,17,27,71.4,4.019142097757145
single_phase_baseline,single_phase_baseline/seed8_1,6,5.111111111111111,1150,38,7.6000000000000005,44,3,0,3,17,27,215.8,21.154697760884382
single_phase_baseline,single_phase_baseline/seed8_1,7,5.111111111111111,1150,10,2.0,44,2,2,0,17,27,76.2,23.25799533394753
single_phase_baseline,single_phase_baseline/seed8_1,8,5.111111111111111,1150,29,5.800000000000001,44,4,1,3,17,27,86.2,23.820388788592172
single_phase_baseline,single_phase_baseline/seed8_1,9,5.111111111111111,1150,0,0.0,44,0,0,0,17,27,,25.192762201785882
single_phase_baseline,single_phase_baseline/seed9_1,0,5.111111111111111,1150,48,9.600000000000001,44,2,0,2,17,27,220.20000000000002,21.003107216094673
single_phase_baseline,single_phase_baseline/seed9_1,1,5.111111111111111,1150,96,19.200000000000003,44,7,3,4,17,27,78.0,23.503164608468367
single_phase_baseline,single_phase_baseline/seed9_1,2,5.111111111111111,1150,41,8.200000000000001,44,3,0,3,17,27,200.4,24.431207694404687
single_phase_baseline,single_phase_baseline/seed9_1,3,5.111111111111111,1150,52,10.4,44,5,0,5,17,27,180.4,24.328814709773912
single_phase_baseline,single_phase_baseline/seed9_1,4,5.111111111111111,1150,65,13.0,44,5,2,3,17,27,80.4,21.33266157671433
single_phase_baseline,single_phase_baseline/seed9_1,5,5.111111111111111,1150,130,26.0,44,6,4,2,17,27,72.0,31.62198127211146
single_phase_baseline,single_phase_baseline/seed9_1,6,5.111111111111111,1150,54,10.8,44,5,1,4,17,27,87.2,22.660941735380145
single_phase_baseline,single_phase_baseline/seed9_1,7,5.111111111111111,1150,132,26.400000000000002,44,6,4,2,17,27,67.8,31.743774573443723
single_phase_baseline,single_phase_baseline/seed9_1,8,5.111111111111111,1150,82,16.400000000000002,44,6,3,3,17,27,77.2,31.99779190970304
single_phase_baseline,single_phase_baseline/seed9_1,9,5.111111111111111,1150,84,16.8,44,4,3,1,17,27,74.2,29.189671232270005
single_phase_baseline copy,single_phase_baseline copy/old_seeds/seed5_3,0,5.111111111111111,1150,16,3.2,44,3,1,2,17,27,87.60000000000001,24.409136027440155
single_phase_baseline copy,single_phase_baseline copy/old_seeds/seed5_3,1,5.111111111111111,1150,66,13.200000000000001,44,4,0,4,17,27,160.4,26.492218541543373
single_phase_baseline copy,single_phase_baseline copy/old_seeds/seed5_3,2,5.111111111111111,1150,53,10.600000000000001,44,4,3,1,17,27,60.400000000000006,27.105470706544477
single_phase_baseline copy,single_phase_baseline copy/old_seeds/seed5_3,3,5.111111111111111,1150,63,12.600000000000001,44,6,1,5,17,27,85.0,19.825529738044185
single_phase_baseline copy,single_phase_baseline copy/old_seeds/seed5_3,4,5.111111111111111,1150,73,14.600000000000001,44,6,3,3,17,27,60.400000000000006,30.288852812823038
single_phase_baseline copy,single_phase_baseline copy/old_seeds/seed5_3,5,5.111111111111111,1150,34,6.800000000000001,44,3,1,2,17,27,83.60000000000001,25.519989724596055
single_phase_baseline copy,single_phase_baseline copy/old_seeds/seed5_3,6,5.111111111111111,1150,50,10.0,44,3,2,1,17,27,82.2,28.389398878019193
single_phase_baseline copy,single_phase_baseline copy/old_seeds/seed5_3,7,5.111111111111111,1150,0,0.0,44,0,0,0,17,27,,28.544656538952303
single_phase_baseline copy,single_phase_baseline copy/old_seeds/seed5_3,8,5.111111111111111,1150,7,1.4000000000000001,44,2,1,1,17,27,88.0,25.721512443630132
single_phase_baseline copy,single_phase_baseline copy/old_seeds/seed5_4,0,5.111111111111111,1150,16,3.2,44,3,1,2,17,27,87.60000000000001,24.409136027440155
single_phase_baseline copy,single_phase_baseline copy/old_seeds/seed5_4,1,5.111111111111111,1150,66,13.200000000000001,44,4,0,4,17,27,160.4,26.492218541543373
single_phase_baseline copy,single_phase_baseline copy/old_seeds/seed5_4,2,5.111111111111111,1150,53,10.600000000000001,44,4,3,1,17,27,60.400000000000006,27.105470706544477
single_phase_baseline copy,single_phase_baseline copy/old_seeds/seed5_4,3,5.111111111111111,1150,63,12.600000000000001,44,6,1,5,17,27,85.0,19.825529738044185
single_phase_baseline copy,single_phase_baseline copy/old_seeds/seed5_4,4,5.111111111111111,1150,73,14.600000000000001,44,6,3,3,17,27,60.400000000000006,30.288852812823038
single_phase_baseline copy,single_phase_baseline copy/old_seeds/seed5_4,5,5.111111111111111,1150,50,10.0,44,3,2,1,17,27,80.4,24.65581333869388
single_phase_baseline copy,single_phase_baseline copy/old_seeds/seed5_4,6,5.111111111111111,1150,54,10.8,44,3,2,1,17,27,80.4,27.35992696062027
single_phase_baseline copy,single_phase_baseline copy/old_seeds/seed5_4,7,5.111111111111111,1150,0,0.0,44,0,0,0,17,27,,28.352466242033188
single_phase_baseline copy,single_phase_baseline copy/old_seeds/seed5_4,8,5.111111111111111,1150,13,2.6,44,2,1,1,17,27,86.80000000000001,25.40645690258345
single_phase_baseline copy,single_phase_baseline copy/seed3_1,0,5.111111111111111,1150,57,11.4,44,5,0,5,17,27,182.0,23.94821094228283
single_phase_baseline copy,single_phase_baseline copy/seed3_1,1,5.111111111111111,1150,56,11.200000000000001,44,4,0,4,17,27,166.4,23.394272399886876
single_phase_baseline copy,single_phase_baseline copy/seed3_1,2,5.111111111111111,1150,18,3.6,44,3,0,3,17,27,180.4,27.126579282194857
single_phase_baseline copy,single_phase_baseline copy/seed3_1,3,5.111111111111111,1150,48,9.600000000000001,44,3,0,3,17,27,180.4,22.023274207110717
single_phase_baseline copy,single_phase_baseline copy/seed3_1,4,5.111111111111111,1150,87,17.400000000000002,44,6,5,1,17,27,60.400000000000006,23.754062708301188
single_phase_baseline copy,single_phase_baseline copy/seed3_1,5,5.111111111111111,1150,683,136.6,44,29,3,26,17,27,75.2,5.874538735663461
single_phase_baseline copy,single_phase_baseline copy/seed3_1,6,5.111111111111111,1150,0,0.0,44,0,0,0,17,27,,27.524299404130737
single_phase_baseline copy,single_phase_baseline copy/seed3_1,7,5.111111111111111,1150,21,4.2,44,2,1,1,17,27,85.80000000000001,33.85439561296729
single_phase_baseline copy,single_phase_baseline copy/seed3_1,8,5.111111111111111,1150,113,22.6,44,7,3,4,17,27,73.4,27.980304327137276
single_phase_baseline copy,single_phase_baseline copy/seed3_1,9,5.111111111111111,1150,99,19.8,44,5,4,1,17,27,71.60000000000001,26.511521674830632
single_phase_baseline copy,single_phase_baseline copy/seed3_1,10,5.111111111111111,1150,0,0.0,44,0,0,0,17,27,,23.041366467446085
single_phase_baseline copy,single_phase_baseline copy/seed3_1,11,5.111111111111111,1150,7,1.4000000000000001,44,1,0,1,17,27,217.0,27.150780560850258
single_phase_baseline copy,single_phase_baseline copy/seed3_1,12,5.111111111111111,1150,126,25.200000000000003,44,7,1,6,17,27,84.80000000000001,27.526898728621124
single_phase_baseline copy,single_phase_baseline copy/seed3_2,0,5.111111111111111,1150,57,11.4,44,5,0,5,17,27,182.0,23.94821094228283
single_phase_baseline copy,single_phase_baseline copy/seed3_2,1,5.111111111111111,1150,56,11.200000000000001,44,4,0,4,17,27,166.4,23.394272399886876
single_phase_baseline copy,single_phase_baseline copy/seed3_2,2,5.111111111111111,1150,18,3.6,44,3,0,3,17,27,180.4,27.126579282194857
single_phase_baseline copy,single_phase_baseline copy/seed3_2,3,5.111111111111111,1150,48,9.600000000000001,44,3,0,3,17,27,180.4,22.023274207110717
single_phase_baseline copy,single_phase_baseline copy/seed3_2,4,5.111111111111111,1150,87,17.400000000000002,44,6,5,1,17,27,60.400000000000006,23.754062708301188
single_phase_baseline copy,single_phase_baseline copy/seed3_2,5,5.111111111111111,1150,684,136.8,44,29,3,26,17,27,75.0,5.836331101748902
single_phase_baseline copy,single_phase_baseline copy/seed3_2,6,5.111111111111111,1150,0,0.0,44,0,0,0,17,27,,28.205422980215253
single_phase_baseline copy,single_phase_baseline copy/seed3_2,7,5.111111111111111,1150,134,26.8,44,9,3,6,17,27,76.2,30.785059889973017
single_phase_baseline copy,single_phase_baseline copy/seed3_2,8,5.111111111111111,1150,130,26.0,44,9,3,6,17,27,76.80000000000001,26.512714588761682
single_phase_baseline copy,single_phase_baseline copy/seed3_2,9,5.111111111111111,1150,94,18.8,44,5,4,1,17,27,72.4,25.538290853459348
single_phase_baseline copy,single_phase_baseline copy/seed3_2,10,5.111111111111111,1150,0,0.0,44,0,0,0,17,27,,24.84261009478423
single_phase_baseline copy,single_phase_baseline copy/seed3_2,11,5.111111111111111,1150,9,1.8,44,1,0,1,17,27,216.8,27.284598157798765
single_phase_baseline copy,single_phase_baseline copy/seed3_2,12,5.111111111111111,1150,84,16.8,44,7,3,4,17,27,77.80000000000001,26.33366772843017
single_phase_baseline copy,single_phase_baseline copy/seed3_3,0,5.111111111111111,1150,57,11.4,44,5,0,5,17,27,182.0,23.94821094228283
single_phase_baseline copy,single_phase_baseline copy/seed3_3,1,5.111111111111111,1150,56,11.200000000000001,44,4,0,4,17,27,166.4,23.394272399886876
single_phase_baseline copy,single_phase_baseline copy/seed3_3,2,5.111111111111111,1150,18,3.6,44,3,0,3,17,27,180.4,27.126579282194857
single_phase_baseline copy,single_phase_baseline copy/seed3_3,3,5.111111111111111,1150,48,9.600000000000001,44,3,0,3,17,27,180.4,22.023274207110717
single_phase_baseline copy,single_phase_baseline copy/seed3_3,4,5.111111111111111,1150,87,17.400000000000002,44,6,5,1,17,27,60.400000000000006,23.754062708301188
single_phase_baseline copy,single_phase_baseline copy/seed3_3,5,5.111111111111111,1150,54,10.8,44,4,0,4,17,27,212.8,29.288591928948897
single_phase_baseline copy,single_phase_baseline copy/seed3_3,6,5.111111111111111,1150,0,0.0,44,0,0,0,17,27,,27.587538786986592
single_phase_baseline copy,single_phase_baseline copy/seed3_3,7,5.111111111111111,1150,25,5.0,44,2,1,1,17,27,84.80000000000001,34.76489440509397
single_phase_baseline copy,single_phase_baseline copy/seed3_3,8,5.111111111111111,1150,5,1.0,44,2,0,2,17,27,89.80000000000001,30.721355251570525
single_phase_baseline copy,single_phase_baseline copy/seed3_3,9,5.111111111111111,1150,0,0.0,44,0,0,0,17,27,,28.076890720867194
single_phase_baseline copy,single_phase_baseline copy/seed3_3,10,5.111111111111111,1150,0,0.0,44,0,0,0,17,27,,24.454228882146552
single_phase_baseline copy,single_phase_baseline copy/seed3_3,11,5.111111111111111,1150,8,1.6,44,1,0,1,17,27,217.0,26.633679245876984
single_phase_baseline copy,single_phase_baseline copy/seed3_3,12,5.111111111111111,1150,86,17.2,44,4,0,4,17,27,213.0,27.55924270060133
single_phase_baseline copy,single_phase_baseline copy/seed3_3,13,5.111111111111111,1150,36,7.2,44,3,0,3,17,27,213.0,26.51015414687724
single_phase_baseline copy,single_phase_baseline copy/seed3_3,14,5.111111111111111,1150,57,11.4,44,5,1,4,17,27,83.60000000000001,23.803015614072716
single_phase_baseline copy,single_phase_baseline copy/seed3_4,0,5.111111111111111,1150,57,11.4,44,5,0,5,17,27,182.0,23.94821094228283
single_phase_baseline copy,single_phase_baseline copy/seed3_4,1,5.111111111111111,1150,56,11.200000000000001,44,4,0,4,17,27,166.4,23.394272399886876
single_phase_baseline copy,single_phase_baseline copy/seed3_4,2,5.111111111111111,1150,18,3.6,44,3,0,3,17,27,180.4,27.126579282194857
single_phase_baseline copy,single_phase_baseline copy/seed3_4,3,5.111111111111111,1150,48,9.600000000000001,44,3,0,3,17,27,180.4,22.023274207110717
single_phase_baseline copy,single_phase_baseline copy/seed3_4,4,5.111111111111111,1150,87,17.400000000000002,44,6,5,1,17,27,60.400000000000006,23.754062708301188
single_phase_baseline copy,single_phase_baseline copy/seed3_4,5,5.111111111111111,1150,55,11.0,44,4,0,4,17,27,212.8,29.17992663103591
single_phase_baseline copy,single_phase_baseline copy/seed3_4,6,5.111111111111111,1150,0,0.0,44,0,0,0,17,27,,27.586125934600293
single_phase_baseline copy,single_phase_baseline copy/seed3_4,7,5.111111111111111,1150,16,3.2,44,2,1,1,17,27,86.60000000000001,34.702929108265685
single_phase_baseline copy,single_phase_baseline copy/seed3_4,8,5.111111111111111,1150,9,1.8,44,3,1,2,17,27,88.2,30.598688667692464
single_phase_baseline copy,single_phase_baseline copy/seed3_4,9,5.111111111111111,1150,0,0.0,44,0,0,0,17,27,,28.379288052057568
single_phase_baseline copy,single_phase_baseline copy/seed3_4,10,5.111111111111111,1150,0,0.0,44,0,0,0,17,27,,24.728848817369403
single_phase_baseline copy,single_phase_baseline copy/seed3_4,11,5.111111111111111,1150,6,1.2000000000000002,44,1,0,1,17,27,217.0,27.264879899023093
single_phase_baseline copy,single_phase_baseline copy/seed3_4,12,5.111111111111111,1150,86,17.2,44,4,0,4,17,27,213.0,27.453310636073734
single_phase_baseline copy,single_phase_baseline copy/seed3_4,13,5.111111111111111,1150,38,7.6000000000000005,44,3,0,3,17,27,213.20000000000002,27.046760160005853
single_phase_baseline copy,single_phase_baseline copy/seed3_4,14,5.111111111111111,1150,59,11.8,44,4,2,2,17,27,81.2,23.485326456869842
single_phase_baseline copy,single_phase_baseline copy/seed4_1,0,5.111111111111111,1150,28,5.6000000000000005,44,3,1,2,17,27,40.400000000000006,23.75132484673291
single_phase_baseline copy,single_phase_baseline copy/seed4_1,1,5.111111111111111,1150,54,10.8,44,3,2,1,17,27,79.60000000000001,27.171956011972966
single_phase_baseline copy,single_phase_baseline copy/seed4_1,2,5.111111111111111,1150,4,0.8,44,1,0,1,17,27,201.60000000000002,23.00573792886549
single_phase_baseline copy,single_phase_baseline copy/seed4_1,3,5.111111111111111,1150,136,27.200000000000003,44,8,0,8,17,27,181.8,24.031562065250732
single_phase_baseline copy,single_phase_baseline copy/seed4_1,4,5.111111111111111,1150,11,2.2,44,2,0,2,17,27,180.4,27.168889245045907
single_phase_baseline copy,single_phase_baseline copy/seed4_1,5,5.111111111111111,1150,805,161.0,44,31,4,27,17,27,69.2,3.4973132038952848
single_phase_baseline copy,single_phase_baseline copy/seed4_1,6,5.111111111111111,1150,127,25.400000000000002,44,7,1,6,17,27,85.2,28.403185513527042
single_phase_baseline copy,single_phase_baseline copy/seed4_1,7,5.111111111111111,1150,0,0.0,44,0,0,0,17,27,,28.006259688629044
single_phase_baseline copy,single_phase_baseline copy/seed4_1,8,5.111111111111111,1150,758,151.6,44,30,3,27,17,27,76.4,4.292220309403806
single_phase_baseline copy,single_phase_baseline copy/seed4_1,9,5.111111111111111,1150,25,5.0,44,2,1,1,17,27,85.60000000000001,25.67782566518565
single_phase_baseline copy,single_phase_baseline copy/seed4_1,10,5.111111111111111,1150,71,14.200000000000001,44,4,3,1,17,27,77.4,24.56010990399544
single_phase_baseline copy,single_phase_baseline copy/seed4_1,11,5.111111111111111,1150,87,17.400000000000002,44,6,1,5,17,27,83.60000000000001,29.496563400583256
single_phase_baseline copy,single_phase_baseline copy/seed4_1,12,5.111111111111111,1150,0,0.0,44,0,0,0,17,27,,23.4055400284791
single_phase_baseline copy,single_phase_baseline copy/seed4_2,0,5.111111111111111,1150,28,5.6000000000000005,44,3,1,2,17,27,40.400000000000006,23.75132484673291
single_phase_baseline copy,single_phase_baseline copy/seed4_2,1,5.111111111111111,1150,54,10.8,44,3,2,1,17,27,79.60000000000001,27.171956011972966
single_phase_baseline copy,single_phase_baseline copy/seed4_2,2,5.111111111111111,1150,4,0.8,44,1,0,1,17,27,201.60000000000002,23.00573792886549
single_phase_baseline copy,single_phase_baseline copy/seed4_2,3,5.111111111111111,1150,136,27.200000000000003,44,8,0,8,17,27,181.8,24.031562065250732
single_phase_baseline copy,single_phase_baseline copy/seed4_2,4,5.111111111111111,1150,11,2.2,44,2,0,2,17,27,180.4,27.168889245045907
single_phase_baseline copy,single_phase_baseline copy/seed4_2,5,5.111111111111111,1150,805,161.0,44,31,4,27,17,27,69.2,3.4927800083968914
single_phase_baseline copy,single_phase_baseline copy/seed4_2,6,5.111111111111111,1150,122,24.400000000000002,44,7,1,6,17,27,86.60000000000001,28.741196563009655
single_phase_baseline copy,single_phase_baseline copy/seed4_2,7,5.111111111111111,1150,0,0.0,44,0,0,0,17,27,,27.30987145113688
single_phase_baseline copy,single_phase_baseline copy/seed4_2,8,5.111111111111111,1150,104,20.8,44,5,3,2,17,27,73.0,25.835351520498143
single_phase_baseline copy,single_phase_baseline copy/seed4_2,9,5.111111111111111,1150,0,0.0,44,0,0,0,17,27,,25.64467761895958
single_phase_baseline copy,single_phase_baseline copy/seed4_2,10,5.111111111111111,1150,22,4.4,44,2,1,1,17,27,85.4,26.76884614462041
single_phase_baseline copy,single_phase_baseline copy/seed4_2,11,5.111111111111111,1150,93,18.6,44,6,1,5,17,27,83.4,28.301994118243076
single_phase_baseline copy,single_phase_baseline copy/seed4_2,12,5.111111111111111,1150,44,8.8,44,3,2,1,17,27,81.60000000000001,22.410458570871622
single_phase_baseline copy,single_phase_baseline copy/seed4_3,0,5.111111111111111,1150,28,5.6000000000000005,44,3,1,2,17,27,40.400000000000006,23.75132484673291
single_phase_baseline copy,single_phase_baseline copy/seed4_3,1,5.111111111111111,1150,54,10.8,44,3,2,1,17,27,79.60000000000001,27.171956011972966
single_phase_baseline copy,single_phase_baseline copy/seed4_3,2,5.111111111111111,1150,4,0.8,44,1,0,1,17,27,201.60000000000002,23.00573792886549
single_phase_baseline copy,single_phase_baseline copy/seed4_3,3,5.111111111111111,1150,136,27.200000000000003,44,8,0,8,17,27,181.8,24.031562065250732
single_phase_baseline copy,single_phase_baseline copy/seed4_3,4,5.111111111111111,1150,11,2.2,44,2,0,2,17,27,180.4,27.168889245045907
single_phase_baseline copy,single_phase_baseline copy/seed4_3,5,5.111111111111111,1150,61,12.200000000000001,44,3,2,1,17,27,78.80000000000001,25.51711707373457
single_phase_baseline copy,single_phase_baseline copy/seed4_3,6,5.111111111111111,1150,83,16.6,44,7,2,5,17,27,81.0,26.877075253613437
single_phase_baseline copy,single_phase_baseline copy/seed4_3,7,5.111111111111111,1150,6,1.2000000000000002,44,1,0,1,17,27,89.0,27.32446088462267
single_phase_baseline copy,single_phase_baseline copy/seed4_3,8,5.111111111111111,1150,777,155.4,44,31,4,27,17,27,71.8,3.295154494012575
single_phase_baseline copy,single_phase_baseline copy/seed4_3,9,5.111111111111111,1150,28,5.6000000000000005,44,2,1,1,17,27,84.2,24.80085072124352
single_phase_baseline copy,single_phase_baseline copy/seed4_3,10,5.111111111111111,1150,46,9.200000000000001,44,3,2,1,17,27,80.4,25.837450506631836
single_phase_baseline copy,single_phase_baseline copy/seed4_3,11,5.111111111111111,1150,61,12.200000000000001,44,7,2,5,17,27,81.0,28.194422734785036
single_phase_baseline copy,single_phase_baseline copy/seed4_3,12,5.111111111111111,1150,65,13.0,44,4,3,1,17,27,78.0,22.174489166535913
single_phase_baseline copy,single_phase_baseline copy/seed4_3,13,5.111111111111111,1150,57,11.4,44,3,2,1,17,27,79.2,26.592588425592197
single_phase_baseline copy,single_phase_baseline copy/seed4_3,14,5.111111111111111,1150,0,0.0,44,0,0,0,17,27,,31.176950953513366
single_phase_baseline copy,single_phase_baseline copy/seed4_4,0,5.111111111111111,1150,28,5.6000000000000005,44,3,1,2,17,27,40.400000000000006,23.75132484673291
single_phase_baseline copy,single_phase_baseline copy/seed4_4,1,5.111111111111111,1150,54,10.8,44,3,2,1,17,27,79.60000000000001,27.171956011972966
single_phase_baseline copy,single_phase_baseline copy/seed4_4,2,5.111111111111111,1150,4,0.8,44,1,0,1,17,27,201.60000000000002,23.00573792886549
single_phase_baseline copy,single_phase_baseline copy/seed4_4,3,5.111111111111111,1150,136,27.200000000000003,44,8,0,8,17,27,181.8,24.031562065250732
single_phase_baseline copy,single_phase_baseline copy/seed4_4,4,5.111111111111111,1150,11,2.2,44,2,0,2,17,27,180.4,27.168889245045907
single_phase_baseline copy,single_phase_baseline copy/seed4_4,5,5.111111111111111,1150,55,11.0,44,3,2,1,17,27,79.60000000000001,25.453757432597513
single_phase_baseline copy,single_phase_baseline copy/seed4_4,6,5.111111111111111,1150,110,22.0,44,8,0,8,17,27,89.4,29.495578483876734
single_phase_baseline copy,single_phase_baseline copy/seed4_4,7,5.111111111111111,1150,0,0.0,44,0,0,0,17,27,,28.30645004165268
single_phase_baseline copy,single_phase_baseline copy/seed4_4,8,5.111111111111111,1150,88,17.6,44,5,2,3,17,27,78.80000000000001,26.75310684300356
single_phase_baseline copy,single_phase_baseline copy/seed4_4,9,5.111111111111111,1150,6,1.2000000000000002,44,1,0,1,17,27,89.0,25.82381036342327
single_phase_baseline copy,single_phase_baseline copy/seed4_4,10,5.111111111111111,1150,56,11.200000000000001,44,3,2,1,17,27,79.4,25.876475988452768
single_phase_baseline copy,single_phase_baseline copy/seed4_4,11,5.111111111111111,1150,58,11.600000000000001,44,3,2,1,17,27,80.0,27.25396058994598
single_phase_baseline copy,single_phase_baseline copy/seed4_4,12,5.111111111111111,1150,79,15.8,44,4,3,1,17,27,75.8,22.362099971546307
single_phase_baseline copy,single_phase_baseline copy/seed4_4,13,5.111111111111111,1150,37,7.4,44,3,2,1,17,27,82.60000000000001,26.08333546941368
single_phase_baseline copy,single_phase_baseline copy/seed4_4,14,5.111111111111111,1150,0,0.0,44,0,0,0,17,27,,30.631759126721683
single_phase_baseline copy,single_phase_baseline copy/seed5_1,0,5.111111111111111,1150,16,3.2,44,3,1,2,17,27,87.60000000000001,24.409136027440155
single_phase_baseline copy,single_phase_baseline copy/seed5_1,1,5.111111111111111,1150,66,13.200000000000001,44,4,0,4,17,27,160.4,26.492218541543373
single_phase_baseline copy,single_phase_baseline copy/seed5_1,2,5.111111111111111,1150,53,10.600000000000001,44,4,3,1,17,27,60.400000000000006,27.105470706544477
single_phase_baseline copy,single_phase_baseline copy/seed5_1,3,5.111111111111111,1150,63,12.600000000000001,44,6,1,5,17,27,85.0,19.825529738044185
single_phase_baseline copy,single_phase_baseline copy/seed5_1,4,5.111111111111111,1150,73,14.600000000000001,44,6,3,3,17,27,60.400000000000006,30.288852812823038
single_phase_baseline copy,single_phase_baseline copy/seed5_1,5,5.111111111111111,1150,797,159.4,44,31,4,27,17,27,70.2,3.1497345601107014
single_phase_baseline copy,single_phase_baseline copy/seed5_1,6,5.111111111111111,1150,97,19.400000000000002,44,6,2,4,17,27,82.60000000000001,28.546487105162278
single_phase_baseline copy,single_phase_baseline copy/seed5_1,7,5.111111111111111,1150,0,0.0,44,0,0,0,17,27,,30.383522544757174
single_phase_baseline copy,single_phase_baseline copy/seed5_1,8,5.111111111111111,1150,25,5.0,44,3,2,1,17,27,76.2,27.241466589625837
single_phase_baseline copy,single_phase_baseline copy/seed5_1,9,5.111111111111111,1150,29,5.800000000000001,44,3,2,1,17,27,76.2,32.88120871555672
single_phase_baseline copy,single_phase_baseline copy/seed5_1,10,5.111111111111111,1150,17,3.4000000000000004,44,3,1,2,17,27,87.0,29.31740678634308
single_phase_baseline copy,single_phase_baseline copy/seed5_1,11,5.111111111111111,1150,9,1.8,44,2,0,2,17,27,160.20000000000002,27.365637435387782
single_phase_baseline copy,single_phase_baseline copy/seed5_1,12,5.111111111111111,1150,17,3.4000000000000004,44,3,0,3,17,27,130.0,32.27834525577505
single_phase_baseline copy,single_phase_baseline copy/seed5_2,0,5.111111111111111,1150,16,3.2,44,3,1,2,17,27,87.60000000000001,24.409136027440155
single_phase_baseline copy,single_phase_baseline copy/seed5_2,1,5.111111111111111,1150,66,13.200000000000001,44,4,0,4,17,27,160.4,26.492218541543373
single_phase_baseline copy,single_phase_baseline copy/seed5_2,2,5.111111111111111,1150,53,10.600000000000001,44,4,3,1,17,27,60.400000000000006,27.105470706544477
single_phase_baseline copy,single_phase_baseline copy/seed5_2,3,5.111111111111111,1150,63,12.600000000000001,44,6,1,5,17,27,85.0,19.825529738044185
single_phase_baseline copy,single_phase_baseline copy/seed5_2,4,5.111111111111111,1150,73,14.600000000000001,44,6,3,3,17,27,60.400000000000006,30.288852812823038
single_phase_baseline copy,single_phase_baseline copy/seed5_2,5,5.111111111111111,1150,797,159.4,44,31,4,27,17,27,70.2,3.126531655978232
single_phase_baseline copy,single_phase_baseline copy/seed5_2,6,5.111111111111111,1150,40,8.0,44,5,2,3,17,27,76.2,29.252199888243677
single_phase_baseline copy,single_phase_baseline copy/seed5_2,7,5.111111111111111,1150,0,0.0,44,0,0,0,17,27,,30.22684373784002
single_phase_baseline copy,single_phase_baseline copy/seed5_2,8,5.111111111111111,1150,19,3.8000000000000003,44,2,0,2,17,27,160.20000000000002,27.14664474808731
single_phase_baseline copy,single_phase_baseline copy/seed5_2,9,5.111111111111111,1150,46,9.200000000000001,44,3,2,1,17,27,82.4,31.44930202307224
single_phase_baseline copy,single_phase_baseline copy/seed5_2,10,5.111111111111111,1150,27,5.4,44,4,1,3,17,27,86.80000000000001,28.617546996774124
single_phase_baseline copy,single_phase_baseline copy/seed5_2,11,5.111111111111111,1150,36,7.2,44,3,1,2,17,27,84.60000000000001,24.7241689147411
single_phase_baseline copy,single_phase_baseline copy/seed5_2,12,5.111111111111111,1150,42,8.4,44,4,1,3,17,27,85.4,30.575786281645108
single_phase_baseline copy,single_phase_baseline copy/seed5_3,0,5.111111111111111,1150,16,3.2,44,3,1,2,17,27,87.60000000000001,24.409136027440155
single_phase_baseline copy,single_phase_baseline copy/seed5_3,1,5.111111111111111,1150,66,13.200000000000001,44,4,0,4,17,27,160.4,26.492218541543373
single_phase_baseline copy,single_phase_baseline copy/seed5_3,2,5.111111111111111,1150,53,10.600000000000001,44,4,3,1,17,27,60.400000000000006,27.105470706544477
single_phase_baseline copy,single_phase_baseline copy/seed5_3,3,5.111111111111111,1150,63,12.600000000000001,44,6,1,5,17,27,85.0,19.825529738044185
single_phase_baseline copy,single_phase_baseline copy/seed5_3,4,5.111111111111111,1150,73,14.600000000000001,44,6,3,3,17,27,60.400000000000006,30.288852812823038
single_phase_baseline copy,single_phase_baseline copy/seed5_3,5,5.111111111111111,1150,50,10.0,44,3,2,1,17,27,80.4,24.65581333869388
single_phase_baseline copy,single_phase_baseline copy/seed5_3,6,5.111111111111111,1150,54,10.8,44,3,2,1,17,27,80.4,27.35992696062027
single_phase_baseline copy,single_phase_baseline copy/seed5_3,7,5.111111111111111,1150,0,0.0,44,0,0,0,17,27,,28.352466242033188
single_phase_baseline copy,single_phase_baseline copy/seed5_3,8,5.111111111111111,1150,13,2.6,44,2,1,1,17,27,86.80000000000001,25.40645690258345
single_phase_baseline copy,single_phase_baseline copy/seed5_3,9,5.111111111111111,1150,17,3.4000000000000004,44,2,1,1,17,27,86.4,31.663131408517913
single_phase_baseline copy,single_phase_baseline copy/seed5_3,10,5.111111111111111,1150,41,8.200000000000001,44,3,2,1,17,27,82.0,27.17207737205186
single_phase_baseline copy,single_phase_baseline copy/seed5_3,11,5.111111111111111,1150,25,5.0,44,2,1,1,17,27,85.60000000000001,25.088853453322212
single_phase_baseline copy,single_phase_baseline copy/seed5_3,12,5.111111111111111,1150,6,1.2000000000000002,44,3,0,3,17,27,160.20000000000002,30.968970704270877
single_phase_baseline copy,single_phase_baseline copy/seed5_3,13,5.111111111111111,1150,55,11.0,44,4,1,3,17,27,87.60000000000001,31.225624434523585
single_phase_baseline copy,single_phase_baseline copy/seed5_3,14,5.111111111111111,1150,23,4.6000000000000005,44,2,1,1,17,27,85.80000000000001,25.21701085956037
single_phase_baseline copy,single_phase_baseline copy/seed5_4,0,5.111111111111111,1150,16,3.2,44,3,1,2,17,27,87.60000000000001,24.409136027440155
single_phase_baseline copy,single_phase_baseline copy/seed5_4,1,5.111111111111111,1150,66,13.200000000000001,44,4,0,4,17,27,160.4,26.492218541543373
single_phase_baseline copy,single_phase_baseline copy/seed5_4,2,5.111111111111111,1150,53,10.600000000000001,44,4,3,1,17,27,60.400000000000006,27.105470706544477
single_phase_baseline copy,single_phase_baseline copy/seed5_4,3,5.111111111111111,1150,63,12.600000000000001,44,6,1,5,17,27,85.0,19.825529738044185
single_phase_baseline copy,single_phase_baseline copy/seed5_4,4,5.111111111111111,1150,73,14.600000000000001,44,6,3,3,17,27,60.400000000000006,30.288852812823038
single_phase_baseline copy,single_phase_baseline copy/seed5_4,5,5.111111111111111,1150,34,6.800000000000001,44,3,1,2,17,27,83.60000000000001,25.519989724596055
single_phase_baseline copy,single_phase_baseline copy/seed5_4,6,5.111111111111111,1150,50,10.0,44,3,2,1,17,27,82.2,28.389398878019193
single_phase_baseline copy,single_phase_baseline copy/seed5_4,7,5.111111111111111,1150,0,0.0,44,0,0,0,17,27,,28.544656538952303
single_phase_baseline copy,single_phase_baseline copy/seed5_4,8,5.111111111111111,1150,7,1.4000000000000001,44,2,1,1,17,27,88.0,25.721512443630132
single_phase_baseline copy,single_phase_baseline copy/seed5_4,9,5.111111111111111,1150,0,0.0,44,0,0,0,17,27,,32.202186066864414
single_phase_baseline copy,single_phase_baseline copy/seed5_4,10,5.111111111111111,1150,11,2.2,44,2,1,1,17,27,87.4,28.12899547091794
single_phase_baseline copy,single_phase_baseline copy/seed5_4,11,5.111111111111111,1150,8,1.6,44,2,0,2,17,27,88.80000000000001,25.822818784272602
single_phase_baseline copy,single_phase_baseline copy/seed5_4,12,5.111111111111111,1150,10,2.0,44,3,0,3,17,27,213.0,30.82312237205203
single_phase_baseline copy,single_phase_baseline copy/seed5_4,13,5.111111111111111,1150,55,11.0,44,4,1,3,17,27,87.0,30.811491710282972
single_phase_baseline copy,single_phase_baseline copy/seed5_4,14,5.111111111111111,1150,0,0.0,44,0,0,0,17,27,,25.740529598583382
single_phase_baseline copy,single_phase_baseline copy/seed5_5,0,5.111111111111111,1150,16,3.2,44,3,1,2,17,27,87.60000000000001,24.409136027440155
single_phase_baseline copy,single_phase_baseline copy/seed5_5,1,5.111111111111111,1150,66,13.200000000000001,44,4,0,4,17,27,160.4,26.492218541543373
single_phase_baseline copy,single_phase_baseline copy/seed5_5,2,5.111111111111111,1150,53,10.600000000000001,44,4,3,1,17,27,60.400000000000006,27.105470706544477
single_phase_baseline copy,single_phase_baseline copy/seed5_5,3,5.111111111111111,1150,63,12.600000000000001,44,6,1,5,17,27,85.0,19.825529738044185
single_phase_baseline copy,single_phase_baseline copy/seed5_5,4,5.111111111111111,1150,73,14.600000000000001,44,6,3,3,17,27,60.400000000000006,30.288852812823038
single_phase_baseline copy,single_phase_baseline copy/seed5_5,5,5.111111111111111,1150,35,7.0,44,2,1,1,17,27,83.4,25.209965698065695
single_phase_baseline copy,single_phase_baseline copy/seed5_5,6,5.111111111111111,1150,29,5.800000000000001,44,3,1,2,17,27,86.60000000000001,29.343712683420897
single_phase_baseline copy,single_phase_baseline copy/seed5_5,7,5.111111111111111,1150,0,0.0,44,0,0,0,17,27,,28.580128223539816
single_phase_baseline copy,single_phase_baseline copy/seed5_5,8,5.111111111111111,1150,24,4.800000000000001,44,2,1,1,17,27,85.80000000000001,25.270576240625978
single_phase_baseline copy,single_phase_baseline copy/seed5_6,0,5.111111111111111,1150,16,3.2,44,3,1,2,17,27,87.60000000000001,24.409136027440155
single_phase_baseline copy,single_phase_baseline copy/seed5_6,1,5.111111111111111,1150,66,13.200000000000001,44,4,0,4,17,27,160.4,26.492218541543373
single_phase_baseline copy,single_phase_baseline copy/seed5_6,2,5.111111111111111,1150,53,10.600000000000001,44,4,3,1,17,27,60.400000000000006,27.105470706544477
single_phase_baseline copy,single_phase_baseline copy/seed5_6,3,5.111111111111111,1150,63,12.600000000000001,44,6,1,5,17,27,85.0,19.825529738044185
single_phase_baseline copy,single_phase_baseline copy/seed5_6,4,5.111111111111111,1150,73,14.600000000000001,44,6,3,3,17,27,60.400000000000006,30.288852812823038
single_phase_baseline copy,single_phase_baseline copy/seed5_6,5,5.111111111111111,1150,50,10.0,44,3,2,1,17,27,80.4,24.68933310500892
single_phase_baseline copy,single_phase_baseline copy/seed5_6,6,5.111111111111111,1150,34,6.800000000000001,44,3,1,2,17,27,84.2,28.64380287684254
single_phase_baseline copy,single_phase_baseline copy/seed5_6,7,5.111111111111111,1150,0,0.0,44,0,0,0,17,27,,28.54446696245643
single_phase_baseline copy,single_phase_baseline copy/seed5_7,0,5.111111111111111,1150,16,3.2,44,3,1,2,17,27,87.60000000000001,24.409136027440155
single_phase_baseline copy,single_phase_baseline copy/seed5_7,1,5.111111111111111,1150,66,13.200000000000001,44,4,0,4,17,27,160.4,26.492218541543373
single_phase_baseline copy,single_phase_baseline copy/seed5_7,2,5.111111111111111,1150,53,10.600000000000001,44,4,3,1,17,27,60.400000000000006,27.105470706544477
single_phase_baseline copy,single_phase_baseline copy/seed5_7,3,5.111111111111111,1150,63,12.600000000000001,44,6,1,5,17,27,85.0,19.825529738044185
single_phase_baseline copy,single_phase_baseline copy/seed5_7,4,5.111111111111111,1150,73,14.600000000000001,44,6,3,3,17,27,60.400000000000006,30.288852812823038
single_phase_baseline copy,single_phase_baseline copy/seed5_7,5,5.111111111111111,1150,43,8.6,44,3,2,1,17,27,80.80000000000001,25.004293261332922
single_phase_baseline copy,single_phase_baseline copy/seed5_7,6,5.111111111111111,1150,49,9.8,44,3,2,1,17,27,82.2,27.699205709342667
single_phase_baseline copy,single_phase_baseline copy/seed5_7,7,5.111111111111111,1150,0,0.0,44,0,0,0,17,27,,28.32741346954265
single_phase_baseline copy,single_phase_baseline copy/seed5_7,8,5.111111111111111,1150,20,4.0,44,2,1,1,17,27,85.60000000000001,25.047521129072155
single_phase_baseline copy,single_phase_baseline copy/seed7_1,0,5.111111111111111,1150,79,15.8,44,6,0,6,17,27,200.0,28.356248553388138
single_phase_baseline copy,single_phase_baseline copy/seed7_1,1,5.111111111111111,1150,3,0.6000000000000001,44,1,0,1,17,27,88.80000000000001,28.164378430923623
single_phase_baseline copy,single_phase_baseline copy/seed7_1,2,5.111111111111111,1150,7,1.4000000000000001,44,1,0,1,17,27,200.20000000000002,26.663519617943997
single_phase_baseline copy,single_phase_baseline copy/seed7_1,3,5.111111111111111,1150,38,7.6000000000000005,44,5,1,4,17,27,60.400000000000006,27.02102003071666
single_phase_baseline copy,single_phase_baseline copy/seed7_1,4,5.111111111111111,1150,82,16.400000000000002,44,6,0,6,17,27,200.4,24.653708117714928
single_phase_baseline copy,single_phase_baseline copy/seed7_1,5,5.111111111111111,1150,32,6.4,44,2,1,1,17,27,83.80000000000001,28.400175467476707
single_phase_baseline copy,single_phase_baseline copy/seed7_1,6,5.111111111111111,1150,735,147.0,44,30,3,27,17,27,76.4,3.9303482007151147
single_phase_baseline copy,single_phase_baseline copy/seed7_1,7,5.111111111111111,1150,23,4.6000000000000005,44,2,1,1,17,27,85.4,25.627184130794834
single_phase_baseline copy,single_phase_baseline copy/seed7_1,8,5.111111111111111,1150,18,3.6,44,4,3,1,17,27,76.2,27.12886133069979
single_phase_baseline copy,single_phase_baseline copy/seed7_1,9,5.111111111111111,1150,31,6.2,44,2,1,1,17,27,84.60000000000001,26.53322187714142
single_phase_baseline copy,single_phase_baseline copy/seed7_1 copy,0,5.111111111111111,1150,79,15.8,44,6,0,6,17,27,200.0,28.356248553388138
single_phase_baseline copy,single_phase_baseline copy/seed7_1 copy,1,5.111111111111111,1150,3,0.6000000000000001,44,1,0,1,17,27,88.80000000000001,28.164378430923623
single_phase_baseline copy,single_phase_baseline copy/seed7_1 copy,2,5.111111111111111,1150,7,1.4000000000000001,44,1,0,1,17,27,200.20000000000002,26.663519617943997
single_phase_baseline copy,single_phase_baseline copy/seed7_1 copy,3,5.111111111111111,1150,38,7.6000000000000005,44,5,1,4,17,27,60.400000000000006,27.02102003071666
single_phase_baseline copy,single_phase_baseline copy/seed7_1 copy,4,5.111111111111111,1150,82,16.400000000000002,44,6,0,6,17,27,200.4,24.653708117714928
single_phase_baseline copy,single_phase_baseline copy/seed7_1 copy,5,5.111111111111111,1150,32,6.4,44,2,1,1,17,27,83.80000000000001,28.400175467476707
single_phase_baseline copy,single_phase_baseline copy/seed7_1 copy,6,5.111111111111111,1150,735,147.0,44,30,3,27,17,27,76.4,3.9303482007151147
single_phase_baseline copy,single_phase_baseline copy/seed7_1 copy,7,5.111111111111111,1150,23,4.6000000000000005,44,2,1,1,17,27,85.4,25.627184130794834
single_phase_baseline copy,single_phase_baseline copy/seed7_1 copy,8,5.111111111111111,1150,18,3.6,44,4,3,1,17,27,76.2,27.12886133069979
single_phase_baseline copy,single_phase_baseline copy/seed7_1 copy,9,5.111111111111111,1150,31,6.2,44,2,1,1,17,27,84.60000000000001,26.53322187714142
single_phase_baseline copy,single_phase_baseline copy/seed7_2,0,5.111111111111111,1150,79,15.8,44,6,0,6,17,27,200.0,28.356248553388138
single_phase_baseline copy,single_phase_baseline copy/seed7_2,1,5.111111111111111,1150,3,0.6000000000000001,44,1,0,1,17,27,88.80000000000001,28.164378430923623
single_phase_baseline copy,single_phase_baseline copy/seed7_2,2,5.111111111111111,1150,7,1.4000000000000001,44,1,0,1,17,27,200.20000000000002,26.663519617943997
single_phase_baseline copy,single_phase_baseline copy/seed7_2,3,5.111111111111111,1150,38,7.6000000000000005,44,5,1,4,17,27,60.400000000000006,27.02102003071666
single_phase_baseline copy,single_phase_baseline copy/seed7_2,4,5.111111111111111,1150,82,16.400000000000002,44,6,0,6,17,27,200.4,24.653708117714928
single_phase_baseline copy,single_phase_baseline copy/seed7_2,5,5.111111111111111,1150,0,0.0,44,0,0,0,17,27,,25.837447574427202
single_phase_baseline copy,single_phase_baseline copy/seed7_2,6,5.111111111111111,1150,12,2.4000000000000004,44,1,0,1,17,27,227.8,23.365145467883593
single_phase_baseline copy,single_phase_baseline copy/seed7_2,7,5.111111111111111,1150,29,5.800000000000001,44,3,0,3,17,27,89.2,26.89739884250327
single_phase_baseline copy,single_phase_baseline copy/seed7_4,0,5.111111111111111,1150,79,15.8,44,6,0,6,17,27,200.0,28.356248553388138
single_phase_baseline copy,single_phase_baseline copy/seed7_4,1,5.111111111111111,1150,3,0.6000000000000001,44,1,0,1,17,27,88.80000000000001,28.164378430923623
single_phase_baseline copy,single_phase_baseline copy/seed7_4,2,5.111111111111111,1150,7,1.4000000000000001,44,1,0,1,17,27,200.20000000000002,26.663519617943997
single_phase_baseline copy,single_phase_baseline copy/seed7_4,3,5.111111111111111,1150,38,7.6000000000000005,44,5,1,4,17,27,60.400000000000006,27.02102003071666
single_phase_baseline copy,single_phase_baseline copy/seed7_4,4,5.111111111111111,1150,82,16.400000000000002,44,6,0,6,17,27,200.4,24.653708117714928
single_phase_baseline copy,single_phase_baseline copy/seed7_4,5,5.111111111111111,1150,0,0.0,44,0,0,0,17,27,,26.213433793158178
single_phase_baseline copy,single_phase_baseline copy/seed7_4,6,5.111111111111111,1150,13,2.6,44,1,0,1,17,27,227.60000000000002,25.39632032384589
single_phase_baseline copy,single_phase_baseline copy/seed7_4,7,5.111111111111111,1150,0,0.0,44,0,0,0,17,27,,25.866727888252793
single_phase_baseline copy,single_phase_baseline copy/seed7_4,8,5.111111111111111,1150,0,0.0,44,0,0,0,17,27,,25.395683349414835
single_phase_baseline copy,single_phase_baseline copy/seed7_4,9,5.111111111111111,1150,0,0.0,44,0,0,0,17,27,,26.666172494560755
single_phase_baseline copy,single_phase_baseline copy/seed7_6,0,5.111111111111111,1150,79,15.8,44,6,0,6,17,27,200.0,28.356248553388138
single_phase_baseline copy,single_phase_baseline copy/seed7_6,1,5.111111111111111,1150,3,0.6000000000000001,44,1,0,1,17,27,88.80000000000001,28.164378430923623
single_phase_baseline copy,single_phase_baseline copy/seed7_6,2,5.111111111111111,1150,7,1.4000000000000001,44,1,0,1,17,27,200.20000000000002,26.663519617943997
single_phase_baseline copy,single_phase_baseline copy/seed7_6,3,5.111111111111111,1150,38,7.6000000000000005,44,5,1,4,17,27,60.400000000000006,27.02102003071666
single_phase_baseline copy,single_phase_baseline copy/seed7_6,4,5.111111111111111,1150,82,16.400000000000002,44,6,0,6,17,27,200.4,24.653708117714928
single_phase_baseline copy,single_phase_baseline copy/seed7_6,5,5.111111111111111,1150,0,0.0,44,0,0,0,17,27,,25.837447574427202
single_phase_baseline copy,single_phase_baseline copy/seed7_6,6,5.111111111111111,1150,12,2.4000000000000004,44,1,0,1,17,27,227.8,23.365145467883593
single_phase_baseline copy,single_phase_baseline copy/seed7_6,7,5.111111111111111,1150,29,5.800000000000001,44,3,0,3,17,27,89.2,26.89739884250327
single_phase_baseline copy,single_phase_baseline copy/seed7_6,8,5.111111111111111,1150,55,11.0,44,5,1,4,17,27,87.2,27.362071771633563
single_phase_baseline copy,single_phase_baseline copy/seed7_6,9,5.111111111111111,1150,62,12.4,44,4,2,2,17,27,79.60000000000001,28.07161909398451
single_phase_baseline copy,single_phase_baseline copy/seed8_1,0,5.111111111111111,1150,53,10.600000000000001,44,5,0,5,17,27,160.20000000000002,21.587636480292538
single_phase_baseline copy,single_phase_baseline copy/seed8_1,1,5.111111111111111,1150,26,5.2,44,1,0,1,17,27,161.4,26.78316564415268
single_phase_baseline copy,single_phase_baseline copy/seed8_1,2,5.111111111111111,1150,0,0.0,44,0,0,0,17,27,,27.87121463473008
single_phase_baseline copy,single_phase_baseline copy/seed8_1,3,5.111111111111111,1150,52,10.4,44,5,0,5,17,27,163.0,26.0303538561762
single_phase_baseline copy,single_phase_baseline copy/seed8_1,4,5.111111111111111,1150,53,10.600000000000001,44,5,0,5,17,27,160.4,22.849581324941298
single_phase_baseline copy,single_phase_baseline copy/seed8_1,5,5.111111111111111,1150,790,158.0,44,31,4,27,17,27,71.4,4.019142097757145
single_phase_baseline copy,single_phase_baseline copy/seed8_1,6,5.111111111111111,1150,38,7.6000000000000005,44,3,0,3,17,27,215.8,21.154697760884382
single_phase_baseline copy,single_phase_baseline copy/seed8_1,7,5.111111111111111,1150,10,2.0,44,2,2,0,17,27,76.2,23.25799533394753
single_phase_baseline copy,single_phase_baseline copy/seed8_1,8,5.111111111111111,1150,29,5.800000000000001,44,4,1,3,17,27,86.2,23.820388788592172
single_phase_baseline copy,single_phase_baseline copy/seed8_1,9,5.111111111111111,1150,0,0.0,44,0,0,0,17,27,,25.192762201785882
single_phase_baseline copy,single_phase_baseline copy/seed9_1,0,5.111111111111111,1150,48,9.600000000000001,44,2,0,2,17,27,220.20000000000002,21.003107216094673
single_phase_baseline copy,single_phase_baseline copy/seed9_1,1,5.111111111111111,1150,96,19.200000000000003,44,7,3,4,17,27,78.0,23.503164608468367
single_phase_baseline copy,single_phase_baseline copy/seed9_1,2,5.111111111111111,1150,41,8.200000000000001,44,3,0,3,17,27,200.4,24.431207694404687
single_phase_baseline copy,single_phase_baseline copy/seed9_1,3,5.111111111111111,1150,52,10.4,44,5,0,5,17,27,180.4,24.328814709773912
single_phase_baseline copy,single_phase_baseline copy/seed9_1,4,5.111111111111111,1150,65,13.0,44,5,2,3,17,27,80.4,21.33266157671433
single_phase_baseline copy,single_phase_baseline copy/seed9_1,5,5.111111111111111,1150,130,26.0,44,6,4,2,17,27,72.0,31.62198127211146
single_phase_baseline copy,single_phase_baseline copy/seed9_1,6,5.111111111111111,1150,54,10.8,44,5,1,4,17,27,87.2,22.660941735380145
single_phase_baseline copy,single_phase_baseline copy/seed9_1,7,5.111111111111111,1150,132,26.400000000000002,44,6,4,2,17,27,67.8,31.743774573443723
single_phase_baseline copy,single_phase_baseline copy/seed9_1,8,5.111111111111111,1150,82,16.400000000000002,44,6,3,3,17,27,77.2,31.99779190970304
single_phase_baseline copy,single_phase_baseline copy/seed9_1,9,5.111111111111111,1150,84,16.8,44,4,3,1,17,27,74.2,29.189671232270005
single_phase_baseline_time,single_phase_baseline_time/seed1_1,0,2.017543859649123,1150,27,5.4,115,3,0,3,44,71,160.20000000000002,28.415341959140743
single_phase_baseline_time,single_phase_baseline_time/seed1_1,1,2.017543859649123,1150,17,3.4000000000000004,115,3,0,3,44,71,211.0,25.922026227104563
single_phase_baseline_time,single_phase_baseline_time/seed1_1,2,2.017543859649123,1150,0,0.0,115,0,0,0,44,71,,26.292414017443384
single_phase_baseline_time,single_phase_baseline_time/seed1_1,3,2.017543859649123,1150,0,0.0,115,0,0,0,44,71,,22.206553980905415
single_phase_baseline_time,single_phase_baseline_time/seed1_1,4,2.017543859649123,1150,22,4.4,115,4,0,4,44,71,89.80000000000001,24.27639274383615
single_phase_baseline_time,single_phase_baseline_time/seed1_1,5,2.017543859649123,1150,26,5.2,115,5,0,5,44,71,213.20000000000002,28.01039594069144
single_phase_baseline_time,single_phase_baseline_time/seed4_1,0,5.111111111111111,1150,16,3.2,44,1,0,1,17,27,210.20000000000002,22.783749185804588
single_phase_baseline_time,single_phase_baseline_time/seed4_1,1,5.111111111111111,1150,3,0.6000000000000001,44,1,0,1,17,27,195.4,26.770086495743037
single_phase_baseline_time,single_phase_baseline_time/seed4_1,2,5.111111111111111,1150,24,4.800000000000001,44,3,2,1,17,27,40.6,23.357683212080694
single_phase_baseline_time,single_phase_baseline_time/seed4_1,3,5.111111111111111,1150,195,39.0,44,10,0,10,17,27,160.4,23.105658046668427
single_phase_baseline_time,single_phase_baseline_time/seed4_1,4,5.111111111111111,1150,0,0.0,44,0,0,0,17,27,,26.47767525425661
single_phase_baseline_time,single_phase_baseline_time/seed4_1,5,5.111111111111111,1150,37,7.4,44,3,2,1,17,27,82.80000000000001,25.032666554679693
single_phase_baseline_time,single_phase_baseline_time/seed4_1,6,5.111111111111111,1150,107,21.400000000000002,44,5,0,5,17,27,207.20000000000002,29.414025706326512
single_phase_baseline_time,single_phase_baseline_time/seed4_1,7,5.111111111111111,1150,50,10.0,44,4,0,4,17,27,200.4,26.270737736485785
single_phase_baseline_time,single_phase_baseline_time/seed4_1,8,5.111111111111111,1150,3,0.6000000000000001,44,1,0,1,17,27,89.4,28.85804074655652
single_phase_baseline_time,single_phase_baseline_time/seed4_1,9,5.111111111111111,1150,0,0.0,44,0,0,0,17,27,,26.246185027029345
single_phase_baseline_time,single_phase_baseline_time/seed4_3,0,5.111111111111111,1150,16,3.2,44,1,0,1,17,27,210.20000000000002,22.783749185804588
single_phase_baseline_time,single_phase_baseline_time/seed4_3,1,5.111111111111111,1150,3,0.6000000000000001,44,1,0,1,17,27,195.4,26.770086495743037
single_phase_baseline_time,single_phase_baseline_time/seed4_3,2,5.111111111111111,1150,24,4.800000000000001,44,3,2,1,17,27,40.6,23.357683212080694
single_phase_baseline_time,single_phase_baseline_time/seed4_3,3,5.111111111111111,1150,195,39.0,44,10,0,10,17,27,160.4,23.105658046668427
single_phase_baseline_time,single_phase_baseline_time/seed4_3,4,5.111111111111111,1150,0,0.0,44,0,0,0,17,27,,26.47767525425661
single_phase_baseline_time,single_phase_baseline_time/seed4_3,5,5.111111111111111,1150,17,3.4000000000000004,44,3,0,3,17,27,88.80000000000001,26.398061466559344
single_phase_baseline_time,single_phase_baseline_time/seed4_3,6,5.111111111111111,1150,109,21.8,44,5,0,5,17,27,206.8,29.445412143955668
single_phase_baseline_time,single_phase_baseline_time/seed4_3,7,5.111111111111111,1150,0,0.0,44,0,0,0,17,27,,29.041623322983202
single_phase_baseline_time,single_phase_baseline_time/seed4_3,8,5.111111111111111,1150,12,2.4000000000000004,44,2,1,1,17,27,86.0,28.475341604712277
single_phase_baseline_time,single_phase_baseline_time/seed4_3,9,5.111111111111111,1150,0,0.0,44,0,0,0,17,27,,26.07551382257094
