time_h,batch_0,batch_1,batch_2,batch_3,batch_4,batch_5,batch_6,batch_7,batch_8,batch_9
0.2,0.000999464151941649,0.0009995048833705458,0.0009995506307240644,0.0009995583769044558,0.0009994390605108235,0.0009995431919519228,0.0009995612060854102,0.0009994352515161344,0.0009994126970636849,0.0009994118880273255
0.4,0.0009988326986613732,0.000998950691676497,0.0009990884530402214,0.000999097035923143,0.000998771287467271,0.0009990531724755937,0.0009991021263566133,0.0009987428090968574,0.0009986793403832068,0.0009986738349553072
0.6000000000000001,0.000998140242788199,0.0009983457936791546,0.0009986227393731142,0.0009986114735286214,0.0009980392582813271,0.0009985170235938823,0.00099863782753775,0.0009979716606738531,0.0009978573606585484,0.0009978487364329662
0.8,0.000997425260380766,0.0009977029420011232,0.0009981402177448111,0.0009980817963889308,0.000997287708608472,0.0009979285466124145,0.0009981625439684767,0.00099717127382968,0.0009970010956862267,0.0009969944401091461
1.0,0.000996736694447028,0.0009970440544806167,0.000997621614402934,0.0009975012741302556,0.0009965698610906596,0.0009972959802854672,0.0009976543591132985,0.0009963994504289405,0.0009961704310073236,0.0009961774009482872
1.2000000000000002,0.0009961604774347025,0.0009963987790410985,0.0009970599812339073,0.0009968802639935533,0.0009959805946927398,0.0009966414515444378,0.000997104673784802,0.0009957822723724898,0.0009955241744905952,0.0009955398637942062
1.4000000000000001,0.000995639653156729,0.0009957819284489103,0.0009964492560409818,0.0009962310856849177,0.0009954507346136617,0.000995990519282351,0.0009965029795436528,0.0009952414161713,0.000994968714917543,0.0009949855102045274
1.6,0.0009951742866148611,0.0009952065292690444,0.0009957987524841507,0.000995569620463408,0.0009949484934896411,0.000995364079055452,0.0009958577351307334,0.0009947335958548052,0.0009944539010903817,0.000994470367449912
1.8,0.0009947055734941597,0.0009946756620156038,0.0009951276271534875,0.000994917400211504,0.0009944848285752253,0.0009947769822187303,0.0009951898714898922,0.000994265428392504,0.0009939860798044067,0.000993978515462181
2.0,0.0009942371185774903,0.0009941735306561144,0.0009944507298897648,0.000994295932927037,0.0009940186215982366,0.0009942337218671066,0.0009945219973962658,0.0009937975060352456,0.0009935177272054143,0.000993512239741277
2.2,0.000993744899032019,0.0009936795613487471,0.0009937859011147953,0.0009937106510523896,0.0009935501121871844,0.0009937223327388292,0.0009938735668791469,0.0009933078111598794,0.000993025776890632,0.0009930429348271514
2.4000000000000004,0.0009932068861217775,0.0009931744485224233,0.0009931512808795005,0.0009931593128376433,0.000993062467697022,0.000993220843646658,0.000993265571337189,0.0009927675430883632,0.0009924834491101798,0.0009925689252884653
2.6,0.0009926189648288093,0.0009926389293106203,0.0009925552721285805,0.0009926340497324257,0.0009925342860448872,0.000992705109670461,0.000992709927218209,0.0009921644497887746,0.0009918796580072298,0.000992059393085466
2.8000000000000003,0.000991995325675111,0.0009920600405407185,0.0009919988613452805,0.0009921166477358564,0.000991958413233912,0.0009921554925893172,0.0009921988953947366,0.0009915043895549222,0.0009912191817479509,0.000991497979428406
3.0,0.0009913581226639648,0.0009914370295847118,0.0009914736761512922,0.0009915880551496841,0.0009913421939356903,0.0009915618490619145,0.000991709582997293,0.0009908027961773546,0.0009905199267109222,0.0009908848122936703
3.2,0.0009907098689859771,0.0009907579097810592,0.0009909376831865116,0.0009910074186539797,0.0009906711107038114,0.000990899650345107,0.000991191328842241,0.000990059828852101,0.0009897837972631396,0.0009902056374333182
3.4000000000000004,0.0009900963418046245,0.0009900619206117901,0.0009903920449148961,0.0009903902819693151,0.0009899893432800597,0.0009902015333595263,0.0009906453869475268,0.0009893239930601257,0.000989061248804922,0.0009895023204938456
3.6,0.0009895284985708829,0.0009893674086990539,0.0009898187148567467,0.0009897385065615453,0.0009893207012478676,0.000989485318400729,0.000990055512783614,0.0009886183699265613,0.0009883753741956299,0.0009888033371674206
3.8000000000000003,0.0009889994285467503,0.0009886904346222286,0.0009892080902030255,0.0009890577939794959,0.0009886821283929133,0.0009887747833398231,0.0009894176855663379,0.0009879579307007966,0.000987737848973182,0.0009881361587456797
4.0,0.0009884873420741601,0.000988042355587241,0.00098855648720829,0.000988361082598364,0.0009880858727982938,0.000988088607538981,0.0009887411092312022,0.0009873454243512912,0.0009871453951299655,0.000987516177603949
4.2,0.0009879645389724945,0.0009874274467456784,0.0009878687738330745,0.0009876625759385376,0.0009875340257017062,0.0009874390679428782,0.0009880456256617575,0.000986768258083688,0.0009865804007806243,0.0009869463219352947
4.4,0.0009874073880197006,0.0009868396380525082,0.0009871556991408407,0.0009869740973100006,0.0009870101674185068,0.0009868260565369662,0.0009873555555076096,0.000986205386540618,0.0009860177202692067,0.000986414298084381
4.6000000000000005,0.0009868039403234969,0.000986266662934249,0.0009864323294359995,0.0009863039213318565,0.000986493120015036,0.000986237856521867,0.0009866950412433185,0.0009856321002052167,0.0009854314873029401,0.000985896143464139
4.800000000000001,0.0009861570742295052,0.0009856927889447778,0.0009857153722282817,0.0009856570555810723,0.0009859627241889449,0.0009856550756533373,0.0009860765732625705,0.0009850264551419133,0.0009848024746555023,0.0009853646042997778
5.0,0.0009854813542627809,0.0009851027201794402,0.0009850175010538082,0.0009850319252552747,0.0009853999303491678,0.0009850566365979664,0.0009854982070835478,0.0009843761709260723,0.0009841228911795891,0.0009847974031145438
5.2,0.0009848182673865133,0.0009845026846766129,0.0009843626507360377,0.0009844362518863466,0.000984812413170561,0.000984443045634774,0.0009849620056094721,0.0009836964471324745,0.0009834118580728617,0.0009842001709118343
5.4,0.000984173583218755,0.0009838707242718384,0.0009837342300150393,0.0009838399105863516,0.0009841837300438158,0.0009837889908851372,0.0009844272845518287,0.0009829768020193639,0.000982663659959149,0.0009835573365574008
5.6000000000000005,0.0009835630242784532,0.0009832087421291272,0.0009831251307070444,0.000983229850759815,0.0009835276520435772,0.0009830950854279356,0.0009838707870136983,0.0009822305667251893,0.0009818969227823621,0.0009828821146814731
5.800000000000001,0.000982989641211869,0.0009825235466988259,0.000982522325671737,0.0009825956015996433,0.0009828639380448242,0.000982369408947609,0.0009832765139927426,0.000981471114573415,0.000981133943609389,0.0009821956418251893
6.0,0.0009824437751552555,0.00098182576075673,0.0009819098638503235,0.0009819306753722612,0.0009822144145969617,0.0009816255946118665,0.0009826392032610556,0.0009807146384357515,0.000980394007022132,0.0009815199650502
6.2,0.000981905972930531,0.0009811284365099635,0.0009812733564473805,0.0009812340819590746,0.0009815943849753905,0.000980879248983802,0.0009819655134366203,0.0009799740072771118,0.000979687802845975,0.0009808699489091996
6.4,0.0009813537582468487,0.0009804420711254532,0.000980602258153592,0.000980511524733793,0.0009810096591552973,0.0009801459708694835,0.0009812700583480241,0.0009792555814467931,0.0009790181484709698,0.0009802522343344052
6.6000000000000005,0.0009807699849442727,0.000979772753882019,0.0009798947731152266,0.0009797759709754606,0.0009804560333309,0.0009794354442186706,0.000980569428385998,0.0009785611004872786,0.0009783763224822232,0.0009796660330761242
6.800000000000001,0.0009801473444660755,0.0009791204162102117,0.0009791509267699891,0.0009790393439086296,0.00097991993735695,0.000978750397851769,0.0009798809042471583,0.0009778827511935009,0.0009777448390682925,0.0009790976768461173
7.0,0.0009794881111543639,0.0009784789081278198,0.0009783762067807084,0.0009783110199771275,0.000979381592923938,0.0009780858335556304,0.0009792180012060056,0.0009772088755030776,0.0009771028309773638,0.0009785274321659067
7.2,0.0009788035123276825,0.0009778379799455653,0.0009775808664651677,0.0009775956283988609,0.000978821595457292,0.0009774304677180002,0.0009785854756531058,0.0009765229573724375,0.0009764316205273172,0.0009779358949794292
7.4,0.0009781102951085543,0.0009771866130514964,0.0009767801384438714,0.000976889541905901,0.0009782266081210214,0.0009767701231709197,0.0009779776964081548,0.0009758093351073976,0.000975718424248068,0.0009773093392324232
7.6000000000000005,0.0009774270489632426,0.0009765139386973724,0.0009759895930949555,0.000976184651928041,0.000977593499279807,0.0009760911415914096,0.000977378395752881,0.0009750550253891524,0.0009749598855502285,0.0009766436132865755
7.800000000000001,0.000976768996868784,0.0009758130607149891,0.0009752195950728433,0.0009754700009083897,0.0009769291083500595,0.0009753850727294996,0.0009767675639222482,0.0009742560504906727,0.0009741589574429543,0.0009759447114393227
8.0,0.0009761415077658117,0.0009750843835268695,0.0009744754144800681,0.0009747375162766078,0.0009762468151646782,0.0009746481992042882,0.0009761276251333034,0.000973418236544582,0.0009733236506060228,0.0009752271354349007
8.200000000000001,0.0009755383459735675,0.0009743338833653949,0.0009737572866238098,0.0009739811858435445,0.0009755644323706649,0.0009738842873972692,0.0009754483087013809,0.0009725511000748684,0.000972464517749398,0.0009745100108740231
8.4,0.0009749432845458109,0.0009735699632021334,0.0009730587057367976,0.0009731950310614197,0.0009748968271784485,0.0009731001738282924,0.000974730043648757,0.0009716676295848241,0.0009715912236667473,0.00097380923833486
8.6,0.0009743358588841564,0.0009728002542851645,0.0009723697885679754,0.0009723781188509711,0.0009742546619688042,0.0009723033773089305,0.0009739803581788085,0.0009707797807239211,0.0009707124336559988,0.0009731345180575538
8.8,0.0009736973081686735,0.0009720302762747801,0.000971674982530344,0.0009715322674288458,0.0009736389694119459,0.0009715012339930192,0.000973210353523044,0.0009698980304143376,0.0009698347931233652,0.0009724861986376556
9.0,0.0009730191429483812,0.0009712670041396079,0.0009709620284670274,0.0009706581796502254,0.0009730429139075239,0.0009706998485424377,0.0009724342148639862,0.0009690279656729766,0.0009689622626390018,0.0009718564696894326
9.200000000000001,0.0009723021655589471,0.0009705143321113534,0.0009702237025254976,0.0009697575611074335,0.0009724536583533901,0.0009699027872331895,0.00097166451968957,0.0009681680734410323,0.0009680957756455697,0.0009712308336334668
9.4,0.0009715545759211378,0.0009697711438254028,0.000969455858868504,0.0009688325723667607,0.0009718569296157798,0.000969111985198052,0.0009709077635693911,0.0009673099135621028,0.0009672350681200625,0.0009705917880211547
9.600000000000001,0.0009707873173145782,0.000969033116796159,0.0009686594717887994,0.0009678845311131405,0.0009712397893882338,0.0009683273037849814,0.0009701672053870644,0.0009664442772326656,0.0009663834239764325,0.0009699268898349824
9.8,0.0009700138324471918,0.0009682969501762578,0.0009678389824925461,0.0009669159073488732,0.0009705952733945719,0.0009675458885261487,0.0009694394264885039,0.0009655665778630311,0.0009655594153887671,0.0009692295855830103
10.0,0.0009692438486956237,0.0009675575425898241,0.0009669993307168433,0.000965923642022283,0.0009699223401697319,0.0009667617480173374,0.0009687156665029344,0.0009646739929993621,0.0009647945520195671,0.0009684991178900314
10.200000000000001,0.000968483408905025,0.000966809853272039,0.0009661466415030973,0.0009649050956366732,0.0009692269317084501,0.0009659671567381992,0.0009679832673543802,0.0009637659483491471,0.00096417480099754,0.0009677418352054533
10.4,0.0009677329939084635,0.0009660494161654305,0.0009652888410756523,0.0009638617196111282,0.0009685202078289201,0.0009651564250119722,0.0009672305909632512,0.0009628575354182166,0.0009636118600820613,0.0009669659119530245
10.600000000000001,0.000966989516246853,0.0009652721148151936,0.0009644315631099238,0.0009627976600864934,0.0009678116348378401,0.0009643258409905255,0.000966450549815482,0.000961988310235965,0.0009630862523176531,0.000966179942262686
10.8,0.0009662460974786284,0.0009644733963384359,0.0009635773720047359,0.0009617191471369122,0.0009671095109056596,0.0009634727656326009,0.0009656391229192254,0.0009613192967351477,0.0009625640491270776,0.0009653909492772268
11.0,0.0009654925339091111,0.0009636501997115172,0.0009627261185090471,0.00096063310801594,0.0009664190914131556,0.00096260019806404,0.0009647963074818345,0.0009607471387948255,0.0009620138050436065,0.0009646012842135907
11.200000000000001,0.0009647191046166922,0.0009628013382421947,0.0009618760392178181,0.0009595468536779935,0.0009657401853554777,0.0009617611698472576,0.0009639235263553947,0.0009602246293640345,0.0009614203768073506,0.0009638068605858218
11.4,0.000963919101111833,0.0009619285109427918,0.0009610257087411765,0.0009584635398279378,0.0009650688515424112,0.0009610029679119103,0.0009630257585647823,0.0009597201662936415,0.0009607934622068344,0.0009630025864283483
11.600000000000001,0.0009630888987796137,0.0009610356896893405,0.0009601707370071914,0.0009573862595711097,0.0009643961505092942,0.0009604238664674893,0.0009621091475218152,0.000959206872761702,0.0009601559185498517,0.0009621825053711336
11.8,0.0009622280858749108,0.0009601279698794483,0.0009593065666242337,0.0009563165594914003,0.0009637132596300724,0.0009599518566000348,0.0009611780107781707,0.0009586750251370881,0.0009595290351664023,0.0009613404917000716
12.0,0.0009613374135422065,0.000959209524107939,0.0009584288975490573,0.0009553739860337547,0.0009630134762607796,0.0009596314982909294,0.0009602352604387872,0.000958121848152656,0.0009589575101758267,0.0009604736096596269
12.200000000000001,0.0009603694722419711,0.000958234852821711,0.0009574820398597847,0.0009543298966294912,0.0009622434356469242,0.0009590889653981006,0.0009592351360495711,0.0009573397026767025,0.000958116695556723,0.0009595298568695742
12.4,0.0009593747292838874,0.0009572536419542213,0.0009565080984202332,0.0009535462545965698,0.0009614559026618096,0.0009585031695095986,0.0009582337920723069,0.0009565061525839032,0.0009573043321738925,0.0009585598453994507
12.600000000000001,0.0009583548365960155,0.0009562656954876844,0.0009555028184196647,0.0009529028233784203,0.0009606563632587882,0.0009578422734066224,0.0009572557832182155,0.0009556380567460372,0.0009565356133069899,0.000957563465197598
12.8,0.000957312538994357,0.0009552701900929205,0.000954465231460037,0.0009522953170138398,0.000959850852664217,0.000957096707747212,0.0009563396636481387,0.000954755482057094,0.0009558141025155154,0.0009565365883265428
13.0,0.0009562556581536203,0.0009542656043944922,0.0009534007545187352,0.0009516822483053787,0.0009590433111642741,0.0009562788240822114,0.0009556323256826843,0.0009538827838935106,0.000955133731615394,0.0009554758343852638
13.200000000000001,0.0009552159075583064,0.0009532530576468556,0.0009523271655478046,0.0009510306211503746,0.0009582364491507715,0.000955417150342809,0.0009550275278093138,0.0009530410489159118,0.0009544783993478978,0.000954379707021533
13.4,0.0009542167537019687,0.0009522470999202343,0.0009512679564146417,0.0009503103665904643,0.0009574293078899084,0.0009545459488373514,0.0009544593100217024,0.0009522440036764357,0.0009538272335083755,0.0009532498684698189
13.600000000000001,0.0009534533942561731,0.0009512863773011523,0.0009502583702620332,0.0009495133074586902,0.0009566209887444483,0.0009536994982008818,0.0009538792928951992,0.0009514949796006933,0.0009531599733140141,0.000952088485752118
13.8,0.0009528189645245755,0.00095055756678768,0.0009495050928054044,0.0009486486402219349,0.000955808134214807,0.000952907000655517,0.0009532637825309065,0.0009507865095429604,0.0009524598623647493,0.0009509004926157925
14.0,0.0009522333348620136,0.0009499425637114141,0.0009488780965559092,0.0009477274087552594,0.0009549864568202847,0.0009522605918788756,0.0009525853845732641,0.0009501035369196269,0.0009517217935164463,0.0009497074570622894
14.200000000000001,0.0009516500786731873,0.0009493772007033868,0.0009482821597755139,0.0009467734000899972,0.0009541541118888333,0.0009516630295569252,0.0009518345450472489,0.0009494255472494351,0.0009509500673701441,0.0009485418570241743
14.4,0.000951031636440885,0.0009488024992913554,0.000947675371209745,0.0009458122016613235,0.0009533106649188341,0.0009510662264273463,0.0009510224167614033,0.0009487350071924965,0.0009501562909933722,0.0009476979237090004
14.600000000000001,0.000950342409119762,0.0009481808958289027,0.000947025635979229,0.0009448714965276001,0.000952455390963229,0.000950437169728393,0.0009501740806280337,0.0009480184648492069,0.0009493588243560404,0.0009470259194444152
14.8,0.0009495774026846683,0.0009475018161857283,0.0009463042949980196,0.000943974640807783,0.0009515884773577098,0.0009497681672510428,0.0009493215391310015,0.0009472680145651027,0.0009485767603987844,0.0009464235855426172
15.0,0.0009487547037503116,0.0009467578781449411,0.0009455050491448028,0.0009432796520362133,0.0009507092184824925,0.0009490543785643341,0.0009484980255024023,0.000946485501235834,0.0009478266340508888,0.0009458519198789623
15.200000000000001,0.0009478949211822593,0.0009459606986339043,0.0009446385891934096,0.0009426341957931656,0.0009498166852317746,0.0009483084367164247,0.0009477324514967618,0.0009456861805006114,0.0009471262233214814,0.000945275558808648
15.4,0.0009470269061619604,0.0009451311275965739,0.0009437225655501303,0.0009420153697999765,0.0009489093910494426,0.0009475439770263548,0.0009471089153787745,0.0009448877489306267,0.000946473728261671,0.0009446652304480774
15.600000000000001,0.0009461816534033711,0.0009442942301058309,0.0009427749667144916,0.0009414012549440687,0.0009479842288973932,0.000946795687029234,0.000946554932799752,0.0009441090378690877,0.0009458772200603626,0.0009440087399216554
15.8,0.0009453896744991148,0.0009434794804747288,0.0009418171481910142,0.0009407846107511685,0.0009470374431140088,0.0009461103121876753,0.000946050112302129,0.0009433815788603117,0.000945365400731577,0.0009433189114362876
16.0,0.0009446775700910303,0.000942711739566487,0.0009408840395933507,0.0009401438801301936,0.0009460656509435801,0.0009455338468190937,0.000945587416998145,0.0009427750861817199,0.0009449363079468685,0.0009426071385816222
16.2,0.0009437564719177109,0.0009418329800161556,0.0009398119941492164,0.0009392523345171051,0.0009449201798255981,0.0009446633332315548,0.0009447965194637261,0.0009418978721632248,0.0009441182627255765,0.0009415580915701307
16.400000000000002,0.0009428510211555946,0.0009409818891392574,0.0009387560610835421,0.0009382883094515785,0.0009437420984356666,0.0009438050910655629,0.000943915682468896,0.0009410185246671961,0.0009432411572800394,0.0009404659656428001
16.6,0.0009419382244369226,0.0009401234733605435,0.0009377012161505429,0.0009372429133631613,0.0009425264718696232,0.0009429283058085021,0.0009429315068421666,0.0009401069485022513,0.0009422832011682542,0.0009393349300322106
16.8,0.0009409906168555053,0.0009392279355225574,0.0009366349658477685,0.0009361207604971129,0.0009412672618968061,0.0009420095702278922,0.0009418491603132332,0.0009391420264339236,0.0009412403469890555,0.000938172352320675
17.0,0.0009399872442232715,0.0009382770419333282,0.0009355497598101355,0.0009349339133667926,0.0009399577440368497,0.0009410374736154339,0.0009406862805039252,0.0009381127885026125,0.0009401220325207471,0.0009369886040267567
17.2,0.0009389205189230302,0.0009372655197514377,0.00093444047239906,0.0009336990371333489,0.0009385902461653233,0.0009400121420351036,0.0009394635329138964,0.0009370191222281147,0.0009389443365485278,0.000935794519406677
17.400000000000002,0.0009377957760011048,0.000936198597869336,0.0009333026234310103,0.0009324349084582664,0.0009372248010843397,0.0009389415881630561,0.000938201265681021,0.000935868622577594,0.0009377249254834139,0.0009346011828979894
17.6,0.0009366258554199072,0.000935086824008372,0.0009321382299307426,0.0009311595610062052,0.0009358618730010959,0.0009378368187564668,0.0009369184841826605,0.0009346734884062,0.0009364811959058025,0.0009334189203576398
17.8,0.0009354258993030352,0.0009339433338844361,0.0009309541615466476,0.0009298891844274228,0.0009345012838274029,0.0009367096533164789,0.0009356317906318962,0.000933448993924915,0.0009352289405326973,0.0009322550312959196
18.0,0.0009342102443475755,0.0009327813954285569,0.0009297578186195138,0.0009286360165905152,0.0009331425559790027,0.0009355715416096598,0.0009343552771954493,0.0009322110255383969,0.0009339818777904043,0.0009311154716728948
18.2,0.0009329927984969969,0.0009316133545289564,0.0009285574677271056,0.0009274090300280214,0.0009317857639423416,0.0009344322756249796,0.0009331009027132137,0.0009309742539520152,0.000932751496874588,0.0009300035520196134
18.400000000000002,0.0009317855900666985,0.0009304503481114674,0.0009273614058512794,0.0009262143455945335,0.0009304312893681624,0.0009333003853545698,0.0009318782693138074,0.0009297513652129911,0.0009315472621091123,0.0009289206151960932
18.6,0.0009305989705769154,0.0009293020788168683,0.0009261775104873667,0.0009250550861637504,0.0009290814936907504,0.000932183282700363,0.0009306951045036472,0.0009285529491174889,0.0009303769982281719,0.0009278655007875405
18.8,0.0009294411022037641,0.0009281764818448409,0.0009250121566464486,0.000923930331934676,0.0009277399338811933,0.0009310867852106188,0.0009295567160253316,0.0009273872990233154,0.0009292454472552411,0.0009268355719953476
19.0,0.0009283179633723023,0.000927079176503565,0.0009238714108055488,0.0009228372005890959,0.0009263816279376617,0.0009300150528393128,0.000928465503099325,0.0009262602643643975,0.0009281537206970272,0.0009258261336376384
19.200000000000003,0.0009272330526223731,0.0009260135482740139,0.0009227570884826992,0.0009217695014863985,0.0009250097103934415,0.0009289698671866845,0.0009274214682161964,0.0009251747129841355,0.0009271012904207606,0.0009248311686375555
19.400000000000002,0.0009261873662866908,0.0009249809883788352,0.0009216698157446292,0.000920719021910834,0.0009236527566728544,0.0009279513060686077,0.0009264225116700458,0.000924129984565638,0.0009260859860284119,0.0009238415223916548
19.6,0.0009251785964119219,0.000923980380332376,0.0009206084811631821,0.0009196779780387659,0.0009223092836855651,0.000926957740387316,0.0009254631144945472,0.0009231234801183864,0.0009251025103636619,0.0009228500728502364
19.8,0.000924202353848109,0.0009230081653227451,0.0009195693419590804,0.0009186370640127204,0.0009209893068341699,0.0009259851321161407,0.0009245350917603746,0.0009221504162356931,0.0009241443611943778,0.0009218512466197249
20.0,0.0009232515254530922,0.000922057840502109,0.0009185485899017908,0.0009175873930706391,0.0009197037986821161,0.0009250278843692014,0.0009236277148002642,0.0009212028246432302,0.0009232031508384391,0.0009208406706703395
20.200000000000003,0.0009220838398787223,0.000920887930360617,0.000917308257956668,0.0009162978471924883,0.0009182278921715464,0.0009238439945692471,0.0009224949878049448,0.0009200375093320359,0.0009220331754388085,0.0009195850451208469
20.400000000000002,0.0009208847791176226,0.0009196838827496786,0.0009160383061087143,0.0009149649451073922,0.0009167637825609098,0.0009226204618526013,0.0009213166353806048,0.0009188355017926859,0.0009208183494715431,0.0009182839877803555
20.6,0.0009196148821975436,0.0009184069366302516,0.0009147056388601343,0.0009135623631061766,0.0009152813105038713,0.0009213210193029976,0.0009200522315643547,0.000917557155699043,0.0009195211568350912,0.0009169110319942747
20.8,0.0009182485826536002,0.0009170328031520912,0.000913286929161072,0.0009120737645882754,0.000913756243069327,0.0009199230105668845,0.0009186792811348652,0.0009161785929919853,0.0009181198900613828,0.0009154497587526498
21.0,0.0009167735088259088,0.0009155486022497847,0.0009117705591023073,0.0009105529268034523,0.000912208404490733,0.0009184129959137446,0.0009171878761809054,0.0009146877641129349,0.0009166034573154091,0.0009139024152725606
21.200000000000003,0.0009152240564153075,0.0009139949857819952,0.0009102449504506878,0.0009090353852314968,0.0009106616661080258,0.0009168483627712301,0.0009156359080135938,0.0009131391619296589,0.0009150394354470342,0.000912359665933621
21.400000000000002,0.0009136783579614152,0.000912443960751571,0.0009087221487086355,0.0009075216175790213,0.0009091161408111478,0.0009152849036088732,0.0009140874810912098,0.0009115923672050608,0.0009134796263367456,0.0009108216151555251
21.6,0.0009121372369915702,0.0009108952585060472,0.0009072022447034956,0.0009060120685642056,0.0009075720232528672,0.000913722057754981,0.0009125419914487175,0.0009100469758374695,0.0009119245004671293,0.000909287577022881
21.8,0.000910600377904954,0.0009093491853799709,0.0009056859616665817,0.0009045067121014002,0.0009060295254222409,0.0009121596807706738,0.0009109995208278474,0.0009085028259696998,0.0009103728199307772,0.0009077572305600854
22.0,0.0009090666585432106,0.0009078055974726367,0.0009041740293222214,0.0009030052742147872,0.0009044888682628679,0.0009105987350000723,0.0009094604731278816,0.000906960172199221,0.0009088223080325184,0.0009062306087479713
22.200000000000003,0.0009075353019894911,0.0009062649530695005,0.0009026667462040967,0.0009015078488586425,0.0009029495669148615,0.0009090394749179406,0.0009079250113252202,0.0009054201063776993,0.0009072727826607006,0.0009047076022561662
22.400000000000002,0.0009060059514984866,0.0009047275964249761,0.0009011642226196549,0.0009000145853872296,0.0009014111333392653,0.000907482862206291,0.000906392454929246,0.0009038832446876682,0.000905725242974123,0.0009031878579374081
22.6,0.0009044795300307548,0.0009031929485233676,0.0008996665098607348,0.0008985255016471709,0.0008998750386964745,0.000905929364307059,0.0009048622639064745,0.000902349630877493,0.0009041789607141644,0.0009016713174651272
22.8,0.0009029562520696863,0.0009016612527080965,0.0008981727783649913,0.0008970403981825089,0.000898342880126342,0.0009043793227196014,0.0009033353634302726,0.000900819290707094,0.0009026338633904469,0.0009001575341507701
23.0,0.0009014352468351433,0.000900133060181119,0.0008966821617617327,0.0008955591917932892,0.0008968156915706969,0.0009028346701094778,0.0009018123496415514,0.0008992931804288539,0.0009010911277579175,0.0008986454667500448
23.200000000000003,0.0008999161165590226,0.0008986090078827875,0.0008951940220426338,0.0008940818654673987,0.0008952936804299559,0.0009012971918548869,0.0009002932378891247,0.0008977721406954278,0.0008995510682116664,0.0008971349229255186
23.400000000000002,0.0008983979759559843,0.0008970897790522812,0.00089370807549548,0.0008926072336913156,0.0008937758439606087,0.0008997666384188162,0.0008987775790920904,0.0008962562212166861,0.0008980140179955405,0.0008956258647812007
23.6,0.0008968807709089809,0.000895575927437281,0.0008922242879366422,0.0008911344668415937,0.0008922621102824878,0.0008982412272379877,0.0008972650449750418,0.0008947456552452028,0.0008964812838975122,0.0008941185186177116
23.8,0.0008953647985974504,0.0008940400947633127,0.0008907420585490262,0.0008896634055258528,0.0008907528035268513,0.0008967205979017541,0.0008957563442240199,0.0008932407890720825,0.0008949538481310643,0.0008926143687083456
24.0,0.0008938498323727843,0.0008924865710967804,0.0008892612773403385,0.0008881938155581783,0.0008892480260195816,0.0008952055309317553,0.000894251778703967,0.0008917409781455676,0.0008934326938520375,0.0008911138505371107
24.200000000000003,0.02006166784152977,0.020592457092589524,0.016816716939326168,0.015559090881616765,0.018622438602017507,0.024934106421954656,0.02442447453448465,0.024758137086662142,0.02420624653405927,0.018498077688137375
24.400000000000002,0.0425532314538268,0.043508894703299834,0.03560315799978875,0.0325894342025907,0.03937796280849861,0.05161392409513623,0.051027971448354324,0.0515921329302856,0.0499015655445026,0.03885203233896089
24.6,0.06529093031404501,0.06664320577092102,0.054518079797051554,0.04974495925313396,0.059959080807557956,0.07828888116146639,0.07766491533883589,0.07847580764787325,0.07565805116349297,0.05924495489227397
24.8,0.0879550758394959,0.0899142088703852,0.07371219213096133,0.06727237301696055,0.08118248288794708,0.10528951117444624,0.10465022487605903,0.10570214303342629,0.10173965616530126,0.08000353370846622
25.0,0.1104950534043778,0.11336099561344533,0.09306157561168292,0.08499874625317325,0.10274671118753713,0.1325236949549356,0.1319152350849372,0.13320476741487336,0.12806311516410554,0.10108607836971926
25.200000000000003,0.13353260749087115,0.1369459124189772,0.11253173663126567,0.10292512388148795,0.12463336199646169,0.16002272981639062,0.1594886212480673,0.1610135544343096,0.15461260776343014,0.1224803815699643
25.400000000000002,0.15714152614471,0.16089458146377408,0.132296550977669,0.12116796102909223,0.14692885937713582,0.18774050360790948,0.18734673283192302,0.18910888060139652,0.18134635155941536,0.14425859637776578
25.6,0.18126733968232014,0.18531258711935686,0.15269161549763885,0.13982166202777,0.16957792002044797,0.21561415574153936,0.21550784019850192,0.21751523654530677,0.20824330311542988,0.16625614519651236
25.8,0.20593409980558303,0.21021816685745146,0.17349429006216965,0.15887067927521772,0.1926586472795785,0.24375736172006848,0.2440719740025306,0.2463638234235098,0.23548029041401972,0.1888580150026725
26.0,0.2310781181306924,0.2355208318619183,0.19484507764967895,0.17823234517955291,0.21651102527207317,0.2721927540815106,0.2729662241526581,0.2755981767266726,0.2630688437566161,0.21187413680370243
26.200000000000003,0.256647418064291,0.2611681684150772,0.2165364103001425,0.19784799089660213,0.24082910127157436,0.3008275783561274,0.3021252130760476,0.3051457318158136,0.29089967533236494,0.23531670600651794
26.400000000000002,0.2825483905540341,0.28711183356744546,0.23853311381040634,0.21768919925816105,0.26556263808705854,0.3295810606171447,0.33148027503068866,0.33496123864579186,0.31881413243925816,0.25916985621844124
26.6,0.3085938345890999,0.31326231945826516,0.26089913033283013,0.23773904654627118,0.2906767295670296,0.3584544715388639,0.36102329188903165,0.36500393386646773,0.34678023891360615,0.2833598777184214
26.8,0.334668881365529,0.3395895342951004,0.28350753999879835,0.25800634958963564,0.3161168843802257,0.38744792811629764,0.39077132753171506,0.3952378896754258,0.374995653335502,0.3077083357972499
27.0,0.361108594640619,0.36616337038160757,0.306358984024532,0.27845845747852127,0.3416917260716172,0.4166732968785775,0.4207241262396727,0.4256065029877004,0.4032575534650121,0.33223239018596323
27.200000000000003,0.3878933242363148,0.3929703962292419,0.3293873377930949,0.299104220184205,0.3673924368461259,0.44617962671613415,0.4508826437809709,0.4561399087701525,0.4317582033684414,0.3570466730530928
27.400000000000002,0.41500451661872634,0.4200242118795366,0.3526732615936523,0.3199302979568771,0.3933952616737448,0.4759861411702175,0.481225095859352,0.4869123646588331,0.46043096684886065,0.38210864094247726
27.6,0.4424569730194408,0.4473129742063206,0.37613712647567765,0.3409285203150498,0.41968984276296867,0.5060085294896309,0.5117501191186488,0.5178521862802444,0.48917116251832476,0.4074302875841422
27.8,0.4702743077104584,0.474887747089429,0.39983812789169565,0.36216344786211296,0.446347461964639,0.5362978365779795,0.5424963719514252,0.5489194453057028,0.5180727387910741,0.43310027386229677
28.0,0.4984721813282986,0.5027550061893318,0.42381546953733107,0.38366525108769717,0.47341663882775303,0.5670001835194362,0.5734049566730137,0.5802283387762136,0.5471850396187108,0.459139529296837
28.200000000000003,0.5223871378012072,0.5269818025596242,0.443669739931169,0.40219346253285065,0.4953635245269107,0.5956207501404706,0.6020063417121712,0.6095482430516325,0.5750432864603054,0.48004644092734927
28.400000000000002,0.546672514897108,0.5515856608457423,0.4638700242549568,0.420988222084706,0.5179169495792464,0.6245385016210239,0.6309621812937898,0.6391740093596475,0.6032131424810557,0.5014459599338924
28.6,0.5712682462422525,0.5765940548854577,0.48486668536683725,0.44017698026816793,0.5410413923753988,0.6538061405995508,0.6604744399598562,0.6691915917490847,0.6317234425477743,0.5233076971860564
28.8,0.5959394180452631,0.6019689685524452,0.5066973906884759,0.4596189689291539,0.5647196491385285,0.6834362069778934,0.690320695327429,0.6995670575297342,0.6605306482901745,0.545681348362688
29.0,0.6208069892470384,0.6276871425444225,0.5284981246337148,0.4794795182649522,0.5889135002418685,0.7133976808534263,0.7204716283114867,0.7302446769067235,0.6895805004695762,0.5687323824014344
29.200000000000003,0.6460123284514715,0.6537485883138475,0.5505273664082251,0.49959619749293704,0.6136122150242487,0.7436114551523392,0.750833752663088,0.7611738256943693,0.7188450544753539,0.5921746042930376
29.400000000000002,0.6717738417762439,0.6801332331530765,0.5726447075850316,0.5199611898887297,0.6386947541394296,0.774071143907332,0.7813923649728366,0.7923011943317729,0.7482818344237854,0.6160822629532064
29.6,0.6978466194148175,0.70678033552222,0.595162852334283,0.5406072140366964,0.6640165192952262,0.8047788317972208,0.8121648870769851,0.8236067566934228,0.7778880365345242,0.6403376887690659
29.8,0.7245021632831856,0.7337220693322611,0.6179097246210166,0.5614368797471485,0.6894494345134261,0.835743803098877,0.8431373270754087,0.8551254881053356,0.8076592210560605,0.6650472063439462
30.0,0.7516744669450685,0.760935486439547,0.6408633246549582,0.5824673607164955,0.7149647350777318,0.8669695202937394,0.8742978301629751,0.8868156572970824,0.8375013708976433,0.6899577579914912
30.200000000000003,0.7793369943580271,0.7885213645378835,0.6640391865868879,0.6038156065152759,0.7407960261990003,0.8984928256207689,0.9056451588473259,0.918714179299379,0.8675615442190826,0.7151400910502146
30.400000000000002,0.8073456489314501,0.8166503021433646,0.687540175534873,0.6253423600115484,0.7669808337053768,0.9303190120249673,0.9371990239906495,0.9507468986156524,0.8978382043531549,0.7406527901818969
30.6,0.8359207043660962,0.8451167792458654,0.7114258028547542,0.6472267085397652,0.7936686722911855,0.9624436038648889,0.9690004599978251,0.9829778998819432,0.9283290573393626,0.7667648992345159
30.8,0.8650520363964413,0.8738483525791757,0.735963495295664,0.6694029037010786,0.820710118962713,0.9948977854470873,1.0010569408206171,1.0154508839052812,0.9589721490830745,0.7933937562847662
31.0,0.8946387018373396,0.9029552101061452,0.7608393144376728,0.691883198616775,0.8480665379960216,1.0276677645077439,1.0333931897504236,1.0481772656871455,0.9898057344141158,0.8204035885997885
31.200000000000003,0.9246534413350956,0.9324666483116794,0.786069314911513,0.7146553094502037,0.8760303865472048,1.060740196943243,1.0660136675416736,1.0811917808755118,1.0207988714607434,0.8477581045761374
31.400000000000002,0.9548165298356573,0.9623589999240321,0.8115838977001824,0.7377860167903881,0.904424807491251,1.0941476960245615,1.0989382208343221,1.1143572091084335,1.0519849124881513,0.8754557972310966
31.6,0.9851350647660632,0.9925984080698327,0.8375324320082866,0.7612358159187197,0.9333157623323042,1.1277934501297509,1.132184625281215,1.1477955442182992,1.0831265009345903,0.903485977363722
31.8,1.0158895003154624,1.0231506023325916,0.8636955988371879,0.7849880865236697,0.9626333123807241,1.1616100278259236,1.1657373303507266,1.1815251656770147,1.1143667359033447,0.9319609851493955
32.0,1.0470370263038355,1.0540194582479856,0.890270998072571,0.8089815588947338,0.9922920065569995,1.1956393263274918,1.1995404888194288,1.2155291799906014,1.1457637056056085,0.9607667406215838
32.2,1.0741971628432518,1.0811787161486859,0.9127295380805797,0.8301352495638272,1.016360173245281,1.2274335001603736,1.2310338719042146,1.248022893991211,1.1763556327534306,0.9842876425054851
32.4,1.1013749842104883,1.1087729785688774,0.9352388745314936,0.8515069319311042,1.0403782249244156,1.2594428277842629,1.2628398969546297,1.2807515602886401,1.2070476194281938,1.008028902203853
32.6,1.1288964189092423,1.1367470190904587,0.95832085214985,0.8732425501552924,1.0652734791142882,1.291766585238007,1.2950320443913466,1.3136914614010256,1.2379210915216303,1.0321246679279485
32.800000000000004,1.1569415444835145,1.1651680505408641,0.9821494064990418,0.8954585767399799,1.090851170951581,1.324406373915669,1.3274956664440087,1.3469628147086485,1.269047870483592,1.0568608056999105
33.0,1.1857441295250324,1.193928899740081,1.0063810375754283,0.9176182581205872,1.1169523253149791,1.3574154122299102,1.3602192250080092,1.3804912392185413,1.300358544834967,1.081972418960145
33.2,1.214972065507422,1.2231230544334217,1.0308439338582722,0.9400545030282069,1.143814596001613,1.3907584671306055,1.393137263431748,1.4142459102497682,1.3318793779314928,1.107710063654959
33.4,1.2448672309010118,1.2526120264942846,1.0556463836348797,0.9629728294638241,1.1711225772604916,1.4244688618042975,1.4262893693545644,1.4482680246240418,1.3636115965290236,1.1342210884155393
33.6,1.275456753708863,1.2824983176147327,1.080747887381391,0.9860313900224515,1.1992992624320815,1.458516290948316,1.4597319433134823,1.4825388631639915,1.3956063558049718,1.1616189235079541
33.800000000000004,1.3061991266369157,1.3125472326156735,1.105329448181377,1.0095169523499696,1.2280125246443108,1.492909090829534,1.4934626163067897,1.5170729930262248,1.4278779679899518,1.1893782560416104
34.0,1.3370768774845154,1.3432529876121273,1.1301297020495131,1.0332943252248732,1.257436691887533,1.5276345573612315,1.5275151247408576,1.551860134202094,1.4603786857004297,1.2178710893088391
34.2,1.3683281385771946,1.3744646716936817,1.1550612123117168,1.0573137999692819,1.2872868659647796,1.5626620316063002,1.5618909378769736,1.586883617080061,1.4931742043103142,1.2470292619351968
34.4,1.4000124044831848,1.4060012824618002,1.1810013572818265,1.0817413198582557,1.317532795233798,1.597958961946446,1.596554846272313,1.622152802824533,1.5262875676109775,1.276861431136508
34.6,1.4320524475873224,1.4376814576559596,1.2074665834984664,1.1065604886494127,1.3478367882522762,1.6335350930547639,1.6315341995436607,1.657651932444364,1.5596129325983263,1.3067233288192166
34.800000000000004,1.464586756664626,1.4697567003319176,1.2343464912000792,1.1317623972979873,1.3783489944647382,1.6693664179913856,1.6668490146096837,1.6934091724405114,1.593188163217014,1.3365321430917871
35.0,1.4976376472783026,1.5022036449260792,1.2618578947899675,1.1572926778422832,1.4089697809876185,1.7054557928774126,1.7024813863204913,1.7293525176620015,1.627041797144616,1.3668919610997496
35.2,1.5310600257876754,1.5350314726866712,1.2900575885547902,1.1832054443306708,1.4399805955184952,1.7417997927654914,1.7383996852422527,1.7655037430387126,1.6611323955849813,1.3979425629180222
35.4,1.564940092918942,1.56811905816729,1.3186638298124516,1.20942950905083,1.4710337094433337,1.7783995682377112,1.7745698510480323,1.8019065529559322,1.695378669986666,1.429519260671269
35.6,1.5992545701586858,1.601581128576241,1.3477364043721027,1.2358815862010286,1.5025652641908063,1.815164112437183,1.810923885248258,1.838538566396261,1.729918575678544,1.4615697389380196
35.800000000000004,1.6339636588402109,1.635363061819668,1.3772788754950003,1.2625011236712735,1.5346200168957949,1.852240951569535,1.8474872230015411,1.8752944620847467,1.7646851800945655,1.4940538960091732
36.0,1.6689027824922507,1.669525636662796,1.4070135019226515,1.2892852303239766,1.5673680032978086,1.8895224217534174,1.8842088569744169,1.9122862084408716,1.7996092446882115,1.526889144290096
36.2,1.7014335125044717,1.7013837542053276,1.4332309968238928,1.3143063691325871,1.5964633885019275,1.9257008915630467,1.919739817742359,1.9485089390405774,1.833674730591019,1.5574415340867973
36.4,1.73458276369868,1.733590849995119,1.4596790042859302,1.3394267791884995,1.6257186295565689,1.9621728035810462,1.9554134489061308,1.984949749064979,1.867958208560898,1.5883937201099176
36.6,1.7682877418945337,1.7661903168909752,1.4867504546377783,1.3648828202264938,1.6557866476194727,1.998950700943151,1.9913163796568958,2.02162973698153,1.9024947491819455,1.6196298794794477
36.800000000000004,1.802591274691222,1.7990542628363608,1.5142051880462368,1.3906496191176718,1.6865668840139825,2.036011665373387,2.0275218487985915,2.0585510518820125,1.9372664234250394,1.6511081257201121
37.0,1.837212859386425,1.8323711191798981,1.5419708362996,1.4169228271298149,1.7180224376179982,2.0733237332488423,2.064029569940301,2.0957121590792425,1.9722842396590312,1.6829807101385472
37.2,1.8722355311033811,1.8661982493077272,1.5701274745090539,1.4435927247675553,1.7500672025729667,2.1108762542352033,2.1007991563291992,2.1330803656523827,2.0076135036797096,1.7153682188866897
37.4,1.9075950816028333,1.9003776415032523,1.599228035592356,1.470635077428611,1.7827128047862748,2.148672395055915,2.137834332159275,2.170627442224143,2.0432160656250806,1.7481890029621026
37.6,1.9431480160181829,1.9349322514188432,1.6290040847811393,1.4979555074190365,1.816071494397236,2.1866789557732167,2.1751682649138373,2.2084178648262855,2.079115241476583,1.7813131148437833
37.800000000000004,1.9788971958886987,1.9698563194066687,1.6592653533113095,1.5255154414917982,1.8495836765265006,2.224804958318072,2.2127789060623373,2.2463946830246333,2.115186481619704,1.814952729473387
38.0,2.014938759737992,2.0051815399615402,1.6899246669380268,1.5533552699905524,1.8838415665692987,2.2630698675285967,2.2506733374640073,2.284624817520586,2.1514854852875476,1.848874359743065
38.2,2.0512981882406334,2.040795908741781,1.7208839066827868,1.5814534100226811,1.9185640131145207,2.3015768931700693,2.288820261718516,2.323063005596576,2.1880782825545855,1.8831929142199941
38.400000000000006,2.0879577851454028,2.0767690656187483,1.7521571740892694,1.6097928548234255,1.9535227003909714,2.3403823910874695,2.3272431641598006,2.361651414286726,2.224825738639936,1.9177935014294616
38.6,2.1249014806442093,2.1129763212052484,1.7840822371275362,1.6383211508318305,1.9887574495912972,2.3794692893111056,2.3659090358609576,2.4005026387482933,2.261903653926445,1.952871144837963
38.800000000000004,2.162095807948599,2.149487302808307,1.8165507283341835,1.6670125402670342,2.02444510893452,2.4188090726654212,2.4048255936497305,2.4394926660018292,2.299091831445017,1.9882683725390233
39.0,2.199563853739815,2.1863567548911194,1.8495905590028632,1.6958567070951187,2.0605913972675043,2.4583110903453576,2.443975855778946,2.4785010482057284,2.336421473016308,2.0240112862744555
39.2,2.237220142807263,2.2237633895882465,1.8827607621891491,1.724842223239337,2.0971404509385936,2.4981134855176124,2.4833470930442214,2.5178657034166245,2.374064370711352,2.059959413418027
39.400000000000006,2.275084849597669,2.2615418046054767,1.9162677574689693,1.7539983625418372,2.134107833636256,2.538140082977442,2.5228837507653012,2.557223482155881,2.411696196041519,2.096140372045247
39.6,2.3132198332321665,2.2996802024231515,1.9500830286651458,1.783317971628301,2.171365384570012,2.5783591685423346,2.5624596074501977,2.5968040887672363,2.449584274644066,2.1326606448437606
39.800000000000004,2.351665178708952,2.33814837003007,1.9841544274546148,1.81282228763618,2.2090210509281523,2.6188635512740572,2.602292353215046,2.636632134363476,2.4875109300656804,2.1694606289133227
40.0,2.390388139249055,2.3769254099954584,2.0186701849863127,1.8425301392311764,2.2470886824944283,2.659618804659547,2.642344201746475,2.6766290984622376,2.5254642023128486,2.2065436256563355
40.2,2.4276192284475253,2.413120584615695,2.050629738315553,1.8711497800680001,2.2827997082647813,2.6996163378173987,2.681508457566205,2.7160770065784177,2.563015342860085,2.242042363196942
40.400000000000006,2.465160093016976,2.4495861633188323,2.083139871692462,1.9000100550562222,2.318809060424396,2.739805036389297,2.720861232384026,2.755755957612539,2.600733287530494,2.2779115146041553
40.6,2.5029795913898694,2.4866208986664837,2.116219361983391,1.929165161802598,2.3549718159492294,2.780197306658114,2.7604291214471193,2.795525650322963,2.6386658833074077,2.314149863670975
40.800000000000004,2.5410967773491344,2.5238367089354536,2.149486627440726,1.9585890789369942,2.3911898942988103,2.8206962592788294,2.8002322049200745,2.8353527612881777,2.676753686190854,2.3507056197076626
41.0,2.579516398993293,2.561702041439288,2.183046243365566,1.9882616323852809,2.427866527792442,2.8613933115708634,2.8402600858160008,2.87528725127055,2.714979244011278,2.387536452418944
41.2,2.6183252162127797,2.6002376229819166,2.2172894221312567,2.018145883140793,2.4651944654293003,2.902264561515803,2.8805335796835516,2.9154219725688946,2.753251901188964,2.4245300736822393
41.400000000000006,2.6574512785410795,2.639357218265001,2.2518645147498195,2.0482425938520916,2.5031115250869473,2.9433796834921675,2.9210393433528856,2.9557089946493718,2.7917069563452452,2.461673783526832
41.6,2.6968760060056267,2.6789385914310477,2.2867313101732254,2.078611996452855,2.541108721335408,2.9846895127999855,2.9618343701646355,2.9962036853866194,2.830025861756121,2.4990405403601006
41.800000000000004,2.736575146028613,2.71893868989446,2.322189250460502,2.109227417900409,2.579520264473279,3.026154269090302,3.0029090811475014,3.0367942003000783,2.868531539190294,2.536611214794501
42.0,2.776529746067076,2.7592080219947794,2.3580746509159143,2.1401043444060828,2.618251540788494,3.067997403593267,3.0442651364274873,3.077515369379305,2.907171306309937,2.5744567581680053
42.2,2.8167430403578804,2.7998154877857595,2.3945790935789537,2.1712303767759797,2.657105356088529,3.109959978604649,3.085872754273262,3.118258624754061,2.9461296867344067,2.612627459441671
42.400000000000006,2.85720319715876,2.8406198284229904,2.4314229875687876,2.202540323797919,2.6964283407248035,3.152001418204408,3.127757689511255,3.1591137295517635,2.985416795414762,2.651154506536827
42.6,2.8979223313307814,2.8815179133713538,2.46864552215584,2.234074772104893,2.7361664260669025,3.1941782433357595,3.169900740510145,3.2001942502526686,3.0246871752893814,2.690005181380216
42.800000000000004,2.938876352623445,2.9227871047172127,2.5063079114812963,2.2657947871755764,2.7763361507011255,3.2366080744994807,3.2122413818384468,3.2413839096346937,3.064200416983601,2.7291565229983914
43.0,2.9800411967358214,2.9644136336648783,2.544262542155773,2.2977487781857326,2.81694301427147,3.279173934828448,3.254693736383039,3.282783809053708,3.103765007402068,2.768598774352334
43.2,3.0214235325508656,3.006384235502953,2.5824318367648047,2.3299414319361818,2.857820757558851,3.3218447239482356,3.297226713188696,3.324245262904615,3.1434089925796087,2.8082938695669712
43.400000000000006,3.06303230870402,3.048671086001217,2.620928935991374,2.3623688490037087,2.89892565731821,3.3645009871360343,3.3398455196475934,3.365750755422136,3.1833116567793587,2.84825981332072
43.6,3.1048841942854613,3.0912369029278217,2.6597112523685653,2.395051438593262,2.940412507757386,3.4074546838642865,3.3826911445030428,3.407380832961625,3.2234189082887696,2.8884730908947587
43.800000000000004,3.1470889640721027,3.1341308787370394,2.6987564075192445,2.427996357348634,2.982134956346437,3.4504017917865455,3.425764064686051,3.4490869407172067,3.263724722171632,2.9289106800160893
44.0,3.189512896650981,3.1773029957549914,2.7380748611906545,2.461204353589748,3.02411746722894,3.4933021748033077,3.469119174907374,3.490985832890609,3.304142161160362,2.9695650355990697
44.2,3.2297468641726663,3.217416775249839,2.7746169225707678,2.4921149915941228,3.0622737201038355,3.535623284164263,3.5107830500050516,3.5325947018422683,3.3441398167802863,3.0075640937459247
44.400000000000006,3.270291867049823,3.2578218565738193,2.8110554527111895,2.52333932463561,3.100674288764954,3.5780352427796474,3.552747596733583,3.574465536908064,3.384194593480179,3.0459418428118568
44.6,3.311189233875644,3.2984574207698896,2.8478719291993086,2.5549781882428744,3.139819360839684,3.620578825553333,3.595017038818624,3.6164741282435617,3.4243307670456624,3.0847829383303753
44.800000000000004,3.3523638769179085,3.339529000388059,2.8852520670291018,2.586758774630946,3.179449776873316,3.663387489050444,3.637564228461681,3.658621420752031,3.464656929279201,3.1239874381381325
45.0,3.3938628561356614,3.3811984796083276,2.9230236816771242,2.6188428716388885,3.219649034241713,3.706300742943821,3.680363974259877,3.7008276550870916,3.5049628156046255,3.163446454304055
45.2,3.4356181869285556,3.4230109344917405,2.96135603905786,2.651036509009501,3.259878751374122,3.7493615735440033,3.7234258380097525,3.7431837986901075,3.5452915989438694,3.2033006205314374
45.400000000000006,3.4776111856124685,3.4653025722122988,2.9999120834504898,2.6837386183349947,3.3000343697229866,3.792540284894369,3.76672375706319,3.7857569946113734,3.585816444424022,3.2433891874602265
45.6,3.519838437128416,3.5080352925049887,3.0387669825837884,2.716714409057952,3.340563643966438,3.8358599740815302,3.8102445380060437,3.8283955898326925,3.6264393286646186,3.283658819094602
45.800000000000004,3.562291573272164,3.551229455238532,3.07784055883211,2.7499112057841137,3.3817300157841292,3.8794480518785552,3.854008161198744,3.8711727329285353,3.667056413602061,3.324127809766334
46.0,3.604970849128489,3.5948247052194913,3.1171566462035387,2.7833768093134656,3.4231208749457247,3.9232792549972433,3.898016815924517,3.9141811271795524,3.7078335077561606,3.3647876977534867
46.2,3.6478197512983317,3.638777406098214,3.156788825168912,2.8170516966164194,3.4649525544011524,3.9672527800927964,3.9422795933476307,3.9573202573312396,3.7489300684511244,3.4058173874473456
46.400000000000006,3.6907969586114926,3.683078696445596,3.196679508885191,2.8509634082038455,3.506917928321752,4.011282582635976,3.986722356568685,4.000536246890571,3.7900204531849746,3.447180787846976
46.6,3.7338850464495663,3.7277044281925975,3.2369249622034744,2.8851672389411434,3.5489504746982794,4.055464565676896,4.0313245687526384,4.04402802233653,3.8310066199123067,3.488819030413877
46.800000000000004,3.7772226066625514,3.772606594477063,3.2776124298784612,2.9196448760788942,3.5911014601884026,4.099929920583885,4.076088128800138,4.087679155261739,3.8721482274168126,3.5307476207847643
47.0,3.8206738624354375,3.8178586938448644,3.3187390355386395,2.9543004923690814,3.633795963336411,4.14454365245251,4.121092298624449,4.13153357660137,3.913261464683398,3.5729568611540516
47.2,3.8643903533573942,3.8634778391309297,3.360224865150916,2.989251338673135,3.6771284201092764,4.189276339566619,4.166286674708641,4.175702902841248,3.95441920861605,3.615464372895578
47.400000000000006,3.9084253942100076,3.909419430655584,3.4020698213550675,3.0245142910013865,3.7209947465297493,4.233828080173373,4.211558204331956,4.220189041006606,3.99556079218415,3.658263823431495
47.6,3.9524391522166944,3.955647991181695,3.4441545446967776,3.060111994445954,3.7652737525834037,4.27865298996004,4.257172674492611,4.264798459179163,4.036571246726324,3.701348124603876
47.800000000000004,3.996670909568738,4.002079885659478,3.4864670397501496,3.0960142568651485,3.8100039602337876,4.323295087272517,4.302899137158437,4.3095009974878,4.077602978617025,3.744686660199293
48.0,4.041140931213192,4.048807059271327,3.5289838110875396,3.132208253209482,3.8549602879901887,4.3677560053674025,4.348777765163631,4.3544085095912495,4.1187186365403194,3.7882861610852494
48.2,4.084890250610186,4.093961830867347,3.570179677339768,3.1670510330143453,3.8970137626713974,4.412108555138742,4.393998904903146,4.399118117242505,4.1597434310292245,3.830382932043574
48.400000000000006,4.128808185846807,4.139148101216494,3.6116149959577317,3.2019258223834632,3.9394362330170827,4.456497279720829,4.439385315548769,4.443786934428068,4.200990270899673,3.872745393852687
48.6,4.172907004225308,4.184713310728697,3.653284389193385,3.236983643526082,3.9824069775992315,4.50096190849807,4.484967666594011,4.488742046917737,4.242514665580729,3.9153373392084387
48.800000000000004,4.217157703662468,4.2306580681935095,3.6951577851571553,3.2722768597693306,4.025662320695614,4.545360264421074,4.530734571609676,4.5338142320947945,4.284057159326807,3.958261998760979
49.0,4.26154300777675,4.276907447816833,3.737214935994102,3.3077626308869785,4.069022105925817,4.589762716573379,4.576689939354707,4.5790779976704545,4.325697617507076,4.001516577648402
49.2,4.305911527305893,4.323452999889113,3.7794544641116925,3.343359057308157,4.1132205101818,4.6341130742964145,4.622834352385244,4.624285385533372,4.367694647528572,4.045024577187008
49.400000000000006,4.350483956438853,4.370275443230037,3.821867120103764,3.3792316303947705,4.15781262505807,4.678163065616738,4.669101563922206,4.669757230173586,4.409555992049644,4.088753592024556
49.6,4.395249812312523,4.417329760615831,3.864481161597618,3.4152293017572406,4.202862790478275,4.722215593634039,4.715440782975491,4.7152460593488446,4.451316995262842,4.132710657091837
49.800000000000004,4.440090934941808,4.464713492615718,3.9073118260640283,3.4514904343132393,4.2484183587317785,4.766172821339817,4.762042974777869,4.760823231474902,4.493108846664641,4.1768730432128365
50.0,4.4849152490765505,4.512281083612125,3.950347559966907,3.4881621417505015,4.2943970136791325,4.810278618009567,4.808778326101055,4.8062868890265,4.534994825229794,4.2212774617724245
50.2,4.522955943314328,4.552982391873136,3.987502358082228,3.5197557561524047,4.333999327406957,4.846870366300933,4.8483299105368305,4.844406870997673,4.570015191216768,4.259339967343634
50.400000000000006,4.560948889916718,4.593646263241215,4.024758633999759,3.5519812535123267,4.373537180583893,4.883599078919804,4.88793069716205,4.882434678517979,4.605033907181071,4.29748527818041
50.6,4.5989324186993406,4.633999812755139,4.062082388890824,3.584591247608647,4.413163625959185,4.92040941422628,4.927788979287166,4.920367056490541,4.6395626611567655,4.33571543956243
50.800000000000004,4.636826788601585,4.674669906994127,4.0995310996607355,3.617464289499833,4.453102636377617,4.9573919433713565,4.967719073651871,4.958352802942943,4.6742618188753475,4.374104076577302
51.0,4.674822893015279,4.715464068952633,4.1368700641286384,3.650608303763338,4.493356260667992,4.9946194782907405,5.0075510416207285,4.9963131312963736,4.709147313656202,4.412676967199692
51.2,4.712919388740291,4.756196207237211,4.174227816868941,3.68386443774487,4.53376309140416,5.031967296959825,5.047401702711479,5.034395571055687,4.7436966817721755,4.451356884773541
51.400000000000006,4.750891600049019,4.797222975584118,4.211616140479451,3.7171974967371804,4.57435213415773,5.069265075034377,5.087412737067086,5.07233857063972,4.778253527343932,4.490217459036715
51.6,4.788590785866922,4.8382775089471926,4.249007701358442,3.7506889307293783,4.615007396506348,5.106881521695846,5.1276605416157555,5.11006271849316,4.812564451490678,4.529218575686811
51.800000000000004,4.825954664200865,4.879345552218439,4.286443697553411,3.784330594179274,4.65570518795674,5.144325204734914,5.168169327680878,5.14776198812717,4.846662639345313,4.568226263027882
52.0,4.863416650111667,4.920409665880786,4.324096020706089,3.818118892878914,4.6965552566704,5.181773647717374,5.20883737615318,5.185558969711893,4.8804851775016,4.607106655623403
52.2,4.900510792756098,4.9606986539840054,4.360945356091451,3.850160044526409,4.735524150681196,5.219488642828287,5.248615535063155,5.223553130030872,4.914858912130157,4.645031543881115
52.400000000000006,4.937493667516096,5.001009067236172,4.397856132717443,3.8822970288954486,4.774726570421466,5.257202559062509,5.288554240768361,5.26170603679715,4.948987773323281,4.683069657571404
52.6,4.97433209971509,5.041496174086517,4.434838240286973,3.91474655505063,4.81407007283733,5.295083983141105,5.3286517385476415,5.299612917142959,4.983031809011321,4.721257469278286
52.800000000000004,5.011120784743139,5.08204639323964,4.4718712831097855,3.947407778786725,4.853651114385296,5.332822358481438,5.368851962151447,5.337608536404575,5.017131970677025,4.75955495024647
53.0,5.047487127952408,5.1226216161744675,4.508953573425426,3.9803301332003707,4.89337904325881,5.3704247890631995,5.409204240375322,5.375860876939569,5.050975984469778,4.79798057138074
53.2,5.0838049295229535,5.163313353982097,4.546017681066848,4.013410125962739,4.933227470250923,5.408096102672195,5.449732423356184,5.414139125638307,5.084700017022989,4.836544274708218
53.400000000000006,5.120140266903779,5.204121250679535,4.5831188863095855,4.0468923900711635,4.97333363159196,5.445875315004697,5.49036267791208,5.452354317142358,5.118329369051414,4.8752317108790475
53.6,5.156424081446447,5.245046526260892,4.620144775744016,4.0806188658347455,5.013640659252821,5.483857743053624,5.531112774586416,5.490646321655891,5.152307757758275,4.914008117646716
53.800000000000004,5.192580787162967,5.286085773295053,4.657174799505125,4.114610182341841,5.054169340476136,5.521785522942593,5.571915751494904,5.528858425522686,5.185924088684602,4.952815289893447
54.0,5.228696937503575,5.327115634824235,4.694017581751668,4.1488964206350465,5.094839502836002,5.559738717154021,5.612762813481656,5.567197812521556,5.219488106606661,4.9917200197452765
54.2,5.2648520666847825,5.368317327700931,4.730582370161034,4.183393713280665,5.135675629064474,5.597794234901064,5.653662191249165,5.605535385759354,5.253051610153132,5.030756112007315
54.400000000000006,5.300352245973516,5.409772886041741,4.766970414660441,4.218112650082912,5.176739012093967,5.635929056698092,5.694743387978435,5.644139391884375,5.286490085264296,5.0698407671741945
54.6,5.336264827625541,5.451388824967496,4.803077922229668,4.25302084470758,5.217961172643917,5.6737671172778885,5.735942708399921,5.682841592613283,5.320230169251517,5.109072215012047
54.800000000000004,5.372241728354823,5.4931831042124495,4.838959147087088,4.288111126621025,5.259290104722834,5.7114606826773855,5.777273534622885,5.721406323806265,5.3539276154048325,5.148396970586333
55.0,5.408060646696507,5.534891440419722,4.8745977370984415,4.323381742699785,5.3007111676038035,5.749471229116675,5.818792787580609,5.760092820590166,5.387469546637546,5.187959898415768
55.2,5.443779781091416,5.5764936493773565,4.910027544830861,4.358825925899615,5.342251619853475,5.787182864318381,5.86046727259082,5.798969022626508,5.421183791985906,5.227676191917346
55.400000000000006,5.479605325252639,5.617924673721877,4.945546368154705,4.394448207981583,5.383940357327151,5.825027405193115,5.902168233846372,5.837735010722746,5.455191622628214,5.267523570232708
55.6,5.515392113455965,5.659599078442707,4.981241188271553,4.430179394171122,5.425692936444745,5.862751238028197,5.944145441827194,5.876409974371234,5.488951654052409,5.307475502686175
55.800000000000004,5.550653308104575,5.701266629449804,5.017004575910553,4.466056282757619,5.467542943447709,5.900694375613753,5.986208166207105,5.914552496663959,5.522914942340945,5.347474815836809
56.0,5.586402449657255,5.743196751657013,5.052653243986569,4.502024610158255,5.5095104067379435,5.93842083650081,6.028369185207596,5.952867344163148,5.557043921077294,5.387654056935961
56.2,5.622254497374781,5.784105975306829,5.088335611392103,4.536011126292791,5.549185037495415,5.976289160815769,6.069070763745412,5.991124377277408,5.591493313814287,5.426270630666432
56.400000000000006,5.6582918501297055,5.825059686494732,5.123870779837862,4.570192781748448,5.5891471335664855,6.013717441304417,6.109917908053322,6.028932102616121,5.625752772759427,5.465007557529974
56.6,5.694166055149841,5.866089489832129,5.159148259250968,4.604561873459613,5.629410067652979,6.051076568623296,6.150942265717033,6.066265721020561,5.660188265028589,5.503904187872478
56.800000000000004,5.730310473998331,5.907249642889926,5.194514674941105,4.639176432810148,5.669721990905764,6.088593262965287,6.1921164547974055,6.10341201792176,5.6947342388457765,5.542939633971973
57.0,5.766479710567318,5.948454636894466,5.2299155528764985,4.673910542226874,5.710224453680083,6.125679897580898,6.233418995944304,6.1405762538558655,5.729003636708471,5.58208136176775
57.2,5.802742587863349,5.989713063068603,5.265315703876449,4.708716077092515,5.750860715812728,6.162941574949585,6.274853163987253,6.177559908785664,5.7630830373518735,5.621342921784129
57.400000000000006,5.838775270411296,6.031001224637508,5.300733303735707,4.743746358127727,5.791494767283829,6.19994077999161,6.316343732023264,6.214502720237427,5.797521010677458,5.660733520462313
57.6,5.875039982775715,6.072336247851818,5.33581949593195,4.778995285886059,5.8322898467522375,6.2368363753535165,6.357987399203397,6.251046962412836,5.831728661149166,5.700271780482114
57.800000000000004,5.911438754596011,6.113552923401539,5.370615644914506,4.814447299576548,5.873264618243703,6.272935991952629,6.399732929944484,6.287129271783889,5.865331500030389,5.739950666237168
58.0,5.948102469537467,6.154763061882372,5.405609902181958,4.8500758753563655,5.914328984403812,6.30922906017145,6.441606653881403,6.323335180325244,5.898767014487143,5.77976835184653
58.2,5.984663940859038,6.195928418010654,5.4407429938392635,4.8858593592700075,5.955493604132109,6.345207557258594,6.48361598581051,6.3595898788442184,5.932153566093509,5.819694302872838
58.400000000000006,6.021150345022123,6.237113489498704,5.475642893346876,4.9219029492878885,5.996803874509129,6.3809595522952005,6.525704876509649,6.395785713910305,5.96564594882838,5.859690834736001
58.6,6.0581357759282195,6.278411885717303,5.51087952048187,4.9581689785407566,6.038159446376661,6.416272642949229,6.567908279817593,6.432287254402769,5.9989485579854716,5.899811536443986
58.800000000000004,6.094942545748263,6.319631011791034,5.545831311545633,4.994616288618154,6.079715842791976,6.451213193670625,6.6100488139908125,6.46854714228893,6.032716748664009,5.940123691631
59.0,6.131750159906624,6.360866957816012,5.580602114214199,5.031197262066693,6.121407329708055,6.486407226210961,6.652262367433558,6.504711939895371,6.066305531466246,5.9804500325138825
59.2,6.168824496577997,6.4020754039969745,5.615395640336453,5.067826179271654,6.163317940081759,6.521372217596854,6.694560709720469,6.541180595861562,6.099912618250827,6.020883521396931
59.400000000000006,6.20594040956484,6.4433875125945,5.6498740300307695,5.10460809765603,6.205457558539241,6.556527946986652,6.736768799871859,6.578172861692832,6.133802547619753,6.06132846696637
59.6,6.243194533786111,6.4848724250946885,5.6841922847260395,5.141389391920683,6.247787595856356,6.5915713334744,6.778924445360909,6.6152258519840625,6.1677137085043325,6.10189974937823
59.800000000000004,6.280366542090389,6.526183233805006,5.718423475463454,5.178404734660423,6.290295219387527,6.626665988321484,6.821098866609831,6.652769513493366,6.20095201788977,6.142576686115395
60.0,6.317613553237617,6.5676229514477455,5.75250163627034,5.215586853392958,6.332964912683396,6.661562808763542,6.863318259058564,6.690229766625841,6.234390010683219,6.183144927918031
60.2,6.354563596545749,6.609271905589236,5.786851679000614,5.252169374920768,6.374227716146221,6.696791541808397,6.905236461125799,6.727967768226397,6.268106368036151,6.223220926960286
60.400000000000006,6.391827934255136,6.650705255356254,5.82130582156631,5.288705494196012,6.415824138359362,6.732736538246293,6.947375873730179,6.765719134820954,6.3016188040140175,6.263392969939423
60.6,6.429034092619694,6.691993692881001,5.8554524708568305,5.32519730098966,6.457706975861756,6.76885192696033,6.989655123496412,6.803089140993308,6.335419994368454,6.303620026637465
60.800000000000004,6.466049981018345,6.733066153447683,5.889375154594009,5.361885723674561,6.499609075244102,6.805104890085468,7.032078851466789,6.840503105659836,6.369476470363612,6.343883943356325
61.0,6.503154370276185,6.774021922950689,5.923287450432557,5.398571100646325,6.541681246012112,6.8412299888339545,7.07429955163103,6.878106562963222,6.403337186096634,6.384210348614761
61.2,6.5401001171426305,6.815278918034435,5.957118429083117,5.4351528882086395,6.5839894377450205,6.877644145366115,7.116475976178793,6.915593473197544,6.436714468358457,6.42463802461409
61.400000000000006,6.576672551298919,6.856506035693673,5.990669372478158,5.4717789786438304,6.626382961065558,6.914444078230554,7.158693209788772,6.952962556436723,6.469470123286966,6.46535681160069
61.6,6.61283725268402,6.897547638716388,6.02425538310623,5.508498629852481,6.668843240654452,6.950779035166688,7.200845677147447,6.990593622098051,6.5020629581570715,6.50616470545452
61.800000000000004,6.6490975556347545,6.938688209943825,6.05798758266469,5.545164338867513,6.711384610051226,6.986701177526214,7.243035352226589,7.027784282747916,6.534349336169886,6.547032284586668
62.0,6.685238744387953,6.979656024881725,6.091489317284344,5.58210465978344,6.754247736880274,7.023214899561742,7.28510870004883,7.0644396641116405,6.566452506653598,6.587917553307656
62.2,6.721268925698001,7.020846005621898,6.125147364923831,5.619123212345554,6.797391297674924,7.0598213589789856,7.326997232634957,7.1007843726293185,6.5975330064678985,6.629060780990479
62.400000000000006,6.757512126509572,7.06207667217394,6.1583054747460935,5.656255926892483,6.840701129016506,7.096423139187771,7.368854419609632,7.136644358689039,6.628430691459143,6.670395490515663
62.6,6.7934011192455985,7.103600073686377,6.190926679445242,5.69330181102159,6.88413585273702,7.133137954410559,7.410674447125003,7.172789056155476,6.65871571408268,6.711723386112539
62.800000000000004,6.829034911699495,7.1449539758237135,6.223618484204847,5.7303339446508685,6.927866044180857,7.170115538436709,7.452371349697882,7.2089189364210435,6.688663544846998,6.752968528950582
63.0,6.864507511714577,7.18698010365405,6.255964857030741,5.767327185493793,6.971816494412352,7.207269964157009,7.4940354522528425,7.244689140408433,6.719163257998522,6.794095145101995
63.2,6.899955277199469,7.229184033212924,6.287891242837225,5.803930902678401,7.015953280422002,7.244309854749057,7.5359053802576055,7.280180974536665,6.749491680305199,6.835414245795332
63.400000000000006,6.935340617112118,7.271532593647556,6.319676518292033,5.840613771169362,7.060257991842888,7.281889581000865,7.577875721510986,7.31648610910413,6.780019334063384,6.876942279164307
63.6,6.970591351523474,7.313873819602048,6.351180894150479,5.876927681035621,7.104715731797902,7.31943626213416,7.62002079613129,7.352568498526899,6.8105888066580915,6.9185380131846115
63.800000000000004,7.005770953136415,7.356049083978721,6.382729082040796,5.91322329463231,7.14936394880459,7.35669544385656,7.6622939784429605,7.388388052427684,6.841372099010542,6.959811326598337
64.0,7.0408606696370155,7.398007784801645,6.4137254699253,5.949151295159911,7.194171078960099,7.3937507304004635,7.704583721009377,7.424288015400692,6.872212716068004,7.000813385414898
64.2,7.075901628476746,7.439939189979418,6.444774002614572,5.985505125822251,7.237769069296642,7.430968378877645,7.746813948404394,7.460664016020724,6.903353387741351,7.041761796282354
64.4,7.110635965525459,7.4816809456192335,6.476812328109937,6.021894894279421,7.281341353513709,7.468030610498554,7.789422697506818,7.497113647323029,6.9349273289529165,7.082698723101246
64.60000000000001,7.145365402636485,7.523456871828376,6.508840073848788,6.058390083142108,7.325090456115159,7.504970556675042,7.832060525088477,7.533278655205324,6.96615452315116,7.123629070038269
64.8,7.179721881657617,7.564987435866972,6.540189803533417,6.095003403203765,7.369001937033985,7.541924269516143,7.8748524639000905,7.569051046603781,6.997239150499022,7.164453000767327
65.0,7.2135982242778125,7.606609977053276,6.571671093053258,6.131318209786235,7.413167327605904,7.577765224170242,7.917506163439725,7.604966951847732,7.028543777881885,7.205099318840162
65.2,7.247241634871385,7.648401390085149,6.6032753579626595,6.167093046387568,7.457509527498159,7.613227814847306,7.959819901027581,7.640802141802334,7.059937895193149,7.245760746718441
65.4,7.280694098313058,7.689947511789849,6.635265191813416,6.2027555397209,7.502123024579283,7.648864346019074,8.001802542873675,7.6760089976165045,7.092035255039165,7.286339773917447
65.60000000000001,7.314739584562252,7.731723872620806,6.6672470581188925,6.238600664180794,7.546924691821975,7.684546745572958,8.0436597020412,7.711495127136271,7.124160193813423,7.32648215100832
65.8,7.3484442438587205,7.7733726146887,6.69897593750749,6.274437352975175,7.591891969853122,7.7198723413818024,8.08514963399251,7.74712344010032,7.15624331421451,7.366437851461403
66.0,7.382361635557502,7.815252867561317,6.731102117217206,6.310437415697489,7.637015954206313,7.754860605027946,8.12679104078679,7.782555086782148,7.1884003855670136,7.406414716181619
66.2,7.416451068616488,7.85718861028167,6.763402898366239,6.346642511527532,7.682299992652886,7.790114179057352,8.168233232459206,7.81778477710816,7.219991313499861,7.44624329492847
66.4,7.4501152499972045,7.899359645615585,6.795063041507944,6.382438704658084,7.7277259895819865,7.825188885580225,8.209454953184416,7.85298743090346,7.252004493679387,7.486198679686981
66.60000000000001,7.484001425950283,7.9412289661971185,6.826902022418747,6.418265330835692,7.773208325851991,7.860001874328931,8.251070445076534,7.887860973919651,7.283814197394106,7.526546264814598
66.8,7.517486697076494,7.983025438471798,6.858623654230355,6.454570362798971,7.818865795742246,7.895375953506358,8.29253685609192,7.922168825141538,7.3157354058238635,7.566492012911285
67.0,7.550052288531406,8.025169726316001,6.890650512471223,6.490722894805265,7.864565683473794,7.930584099345715,8.33382380629104,7.956492932650081,7.347273310196077,7.607201041481182
67.2,7.582792240500623,8.067111880976373,6.92250238178468,6.526325560744574,7.910426087912732,7.965992188533762,8.37582368894681,7.990205633444685,7.378222793145031,7.647780328610536
67.4,7.614854091458537,8.108437065717125,6.954544545402672,6.5618336601782925,7.956301283231808,8.00136547297196,8.417911334387002,8.023954369081611,7.409024576429722,7.688309680072041
67.60000000000001,7.646981799562598,8.149129204761689,6.986590129406739,6.597170504050732,8.002224040091788,8.036741724176974,8.460003678053097,8.05707688946092,7.4396221166927505,7.728981382616338
67.8,7.678746016957287,8.18896447934151,7.018796691309442,6.632570238461839,8.04828387594871,8.071779850278984,8.501952669478154,8.090044271427585,7.470291204354222,7.7692702732523
68.0,7.710985783499277,8.227989041325987,7.050985709394696,6.667650769195481,8.094665668480614,8.106502385900935,8.544237384729735,8.122839666334547,7.500675056026576,7.8095606394436
68.2,7.7438063515339515,8.267115939159062,7.083306530911354,6.702900719605867,8.140343304554255,8.141992275266116,8.586987560490174,8.156551958942709,7.53219008948319,7.849971584921729
68.4,7.7763536964378135,8.30655823053016,7.11568367931124,6.737425402356787,8.186093983123326,8.177036006374193,8.62910879180943,8.189770856842564,7.563694279714132,7.89021466077531
68.60000000000001,7.808534157928611,8.345733208598846,7.148286806540773,6.772082283689423,8.23190016994167,8.212086661884276,8.671189772534795,8.22235209305553,7.594749958443696,7.93047978827742
68.8,7.840158170466111,8.38488223853051,7.181051121895938,6.807095336857455,8.277898004557557,8.246602270984926,8.713303042921455,8.25456585668912,7.625741010095362,7.970492822582461
69.0,7.871515129878672,8.423859915884037,7.214341457142217,6.84238390017373,8.323924403157719,8.280890824849486,8.755521900676833,8.286214762878938,7.6571908193828015,8.01043244897854
69.2,7.902653846444131,8.46270861987324,7.247798079652187,6.877160272907533,8.370048595338258,8.315012175588565,8.79731332666181,8.317481527803263,7.688675384676047,8.049819807823727
69.4,7.933541818148705,8.501375618178114,7.281496899536847,6.911956314862042,8.416373006798018,8.348370898950055,8.839024962359295,8.348756646891417,7.7198020637284,8.089269092239043
69.60000000000001,7.964370317586194,8.539852690201538,7.315863421860366,6.945785377541432,8.462818242583172,8.38197864930655,8.881168493808213,8.380175379535547,7.750731035066759,8.128871063686953
69.8,7.995309706365888,8.578372954674727,7.350300336820122,6.979634171297449,8.509234676209548,8.415358355161938,8.923573840560477,8.41210148089307,7.78191484817036,8.168878409589109
70.0,8.026305064120795,8.616391656959456,7.384935080467224,7.013400547377364,8.555608885304087,8.449045672129744,8.965629411241174,8.443659710841349,7.813596734369614,8.20859874588391
70.2,8.056942119584306,8.65468904795866,7.419433537362608,7.04677688268601,8.601956122593556,8.482265947860867,9.00772195164617,8.476161456384245,7.844976942979107,8.24842711509776
70.4,8.086960585673019,8.693244522776341,7.45395964531641,7.080189485083417,8.648340801255243,8.51572601724401,9.049538809260909,8.50938931284411,7.876825759557374,8.288117865252142
70.60000000000001,8.117434212032157,8.73167363210599,7.48895743066247,7.11358375751084,8.694579914693193,8.549972349767991,9.091556951000419,8.542585789216945,7.908364315839722,8.328035498130035
70.8,8.147588011664263,8.77033360325787,7.524023844739527,7.147219996832774,8.740815772330452,8.584261939023984,9.13260962570604,8.574979012718327,7.940572563959736,8.367446276770378
71.0,8.177421870743343,8.808695190356593,7.559469652404949,7.18083962424993,8.78717114999705,8.61830839108205,9.173904007237018,8.60740868936745,7.972649679788897,8.406612760994957
71.2,8.20698204615521,8.84680057472045,7.59457003685398,7.214479169513475,8.833139909705322,8.652538907084113,9.215239334102327,8.639932938034573,8.004222593219724,8.445707140006439
71.4,8.235742289340243,8.884895316805439,7.629186813617076,7.247419397335332,8.878713557892807,8.68683712951221,9.256873335772113,8.671604176262008,8.035624502285422,8.48525898416812
71.60000000000001,8.264196660900621,8.922854141424407,7.663809942008373,7.2798969681374555,8.924381907400821,8.721073207255834,9.298083671282372,8.70331932015615,8.066931731032398,8.524219113625145
71.8,8.292314322541037,8.960569071218293,7.697901790611329,7.312125218841223,8.970277300833976,8.755272891835325,9.339162982484458,8.73491717110812,8.098419996847907,8.563351679762897
72.0,8.320514950935788,8.997939751616762,7.732701880904606,7.344360407697459,9.015921947551146,8.789241829391623,9.379822729876693,8.766108679560599,8.130199757242414,8.602401198490544
72.2,8.349578929780753,9.035815448170636,7.768121711030213,7.377145757257285,9.06119641654458,8.824115274623184,9.42123970442502,8.798228436446578,8.162810571129501,8.642023036225096
72.4,8.378475173780394,9.073912936608263,7.803138101836983,7.410329821645487,9.106766481106785,8.858785219514221,9.462661443653165,8.830575345552804,8.194997828089656,8.681410554268815
72.60000000000001,8.407664472770618,9.111144356061596,7.838021575130769,7.443116369108031,9.152390665845521,8.89301844472404,9.50460443001952,8.862535041692054,8.227112096969217,8.72022649044983
72.8,8.436946378941034,9.148333204672108,7.872659694347034,7.475705975570859,9.197842551970545,8.927400887286197,9.546704741136578,8.894365980932163,8.258991666561709,8.759317874964744
73.0,8.466160949576642,9.185255390122865,7.907337508072486,7.508269093235464,9.243325189292142,8.961548329723925,9.588048298230243,8.925717411507724,8.290800205196176,8.797939658360274
73.2,8.495375008541872,9.222276808231799,7.94192976525636,7.540648616842545,9.289113069956242,8.996487703149228,9.629413151644881,8.95653181784264,8.322355991048513,8.836472407537908
73.4,8.524444828985699,9.259327642497647,7.976731778193465,7.573101894801764,9.334751236103918,9.03117256476388,9.670744863124535,8.987177318913835,8.353522195342755,8.87452349651984
73.60000000000001,8.553289321326124,9.295155636917125,8.0119062022565,7.6052772611052495,9.38014515817154,9.065445528703663,9.712337607103661,9.01787814929024,8.385526901351817,8.912532094967657
73.8,8.581964990934082,9.331073423509737,8.047001636356896,7.637869611368901,9.42544329119481,9.099384650663044,9.754091462366802,9.048210020544984,8.417319088090805,8.950818703055633
74.0,8.610128365230736,9.366999163628265,8.081750001891995,7.670300200394811,9.470803148463748,9.133356722929978,9.795550556147392,9.077498869613864,8.448363337722634,8.989109842648213
74.2,8.638372168201112,9.402830880786258,8.116655772914987,7.703070381585555,9.515703533568816,9.16697608643922,9.83687146334206,9.106954938817012,8.479167769156343,9.027102171977301
74.4,8.666152859822326,9.438392553195504,8.151509051344107,7.735802086589737,9.56071779711357,9.200031799618117,9.878525384911807,9.135658484656153,8.510324548844725,9.064973169518076
74.60000000000001,8.694215612096405,9.474218259828508,8.186693080837703,7.769019415676293,9.605982898222992,9.233653357228423,9.919910126979493,9.164330510998521,8.541593913533518,9.102903160648692
74.8,8.722104654825753,9.509818827428068,8.221825606875212,7.801745306857107,9.651409355638354,9.26674232256718,9.96132463283194,9.193691562287258,8.572475466684221,9.140261681470795
75.0,8.74993724106549,9.546088746862235,8.257187890787659,7.834627958453943,9.696768119705096,9.300374356712503,10.002369457091184,9.223003157365811,8.603679118748042,9.17775538791177
75.2,8.786378879023243,9.591952328361591,8.300535772650674,7.874917913975626,9.751855780386625,9.34313024199631,10.053551695877221,9.260593786142993,8.644027633206075,9.224262866249664
75.4,8.823077596999974,9.638683133635189,8.34386872548927,7.915314259758821,9.807070892400933,9.385500807549299,10.105179723447034,9.297534432562678,8.683875614158708,9.2706751851788
75.60000000000001,8.859157515444736,9.685180004871711,8.387113372335754,7.956158840441929,9.862591622628333,9.42856710507107,10.156907744242641,9.334990647142126,8.723766608211903,9.317328494001329
75.8,8.895187640314397,9.73105742745003,8.430622711822386,7.996636748954525,9.91832237515152,9.471616560478093,10.20839174424898,9.372470525267506,8.76398935719225,9.364215128913814
76.0,8.931632887634999,9.777286296986272,8.474928544750286,8.036656180507824,9.974204562303502,9.514325625957404,10.259784749213336,9.410223422047281,8.804735043087947,9.411153671739951
76.2,8.970658216074366,9.825266223236778,8.514843016740652,8.077912591706633,10.0183707879332,9.559381571012691,10.309561555028884,9.452026498327953,8.847333620515915,9.457804898709709
76.4,9.009820183410248,9.873346969308452,8.555032275511394,8.119218739012998,10.062580723111656,9.604698166708157,10.359569489184889,9.493887941999269,8.89015757759199,9.504589455517989
76.60000000000001,9.048183519081288,9.921244660815429,8.59531813245521,8.160128768376884,10.10783382208284,9.650084499119167,10.409712907118626,9.53562922699153,8.932856807436606,9.551441671196809
76.80000000000001,9.085999566962363,9.96897263453228,8.635871066951784,8.200905756073183,10.155307001684166,9.6955029384891,10.460055645679262,9.576990208110496,8.975737460306329,9.598268674418268
77.0,9.123764685706487,10.016638597601132,8.677085683189748,8.241217445753145,10.20347930306899,9.741032107761235,10.510428823262252,9.617108101270103,9.018414877229372,9.645057565679236
77.2,9.160898766953576,10.064086959320877,8.718430875165309,8.281040693762023,10.252021400939634,9.786482391726448,10.560725441888756,9.656534644147143,9.060614240323394,9.691799353333359
77.4,9.197622655033646,10.111326414422832,8.759535064797786,8.320551590066833,10.301064395999182,9.831889171724562,10.610987291479008,9.695908836481767,9.102705686561984,9.738540459844025
77.60000000000001,9.233715134744145,10.158360453298599,8.80092860496837,8.359965521710164,10.351373251271095,9.877201105809915,10.661109234441346,9.735191772108946,9.144668835969336,9.785200658137054
77.80000000000001,9.27047451255075,10.205049167817934,8.842788834371166,8.39905409353175,10.402172635308222,9.922240322824225,10.711190322195844,9.774626305961698,9.186285923724709,9.831892733893156
78.0,9.30729483714611,10.251496984728947,8.884767212706983,8.437895311264182,10.453381226086522,9.967229127057884,10.761318300678774,9.813994175743254,9.227667806674672,9.87854526496421
78.2,9.344335737299726,10.297489548936971,8.926584098330155,8.47675526282464,10.50417299002373,10.012513416083067,10.811284629428009,9.853414917692694,9.26907143273853,9.925331458974943
78.4,9.381280067110444,10.343903517613986,8.968440413014184,8.515562101197794,10.554664453078649,10.05750937189175,10.86095864681423,9.893153971845717,9.310308462473028,9.97216246512802
78.60000000000001,9.41807037314587,10.390186671851392,9.010351990718737,8.553537776138915,10.605509921411596,10.102836632274338,10.910268085912298,9.932511840265493,9.351344406935715,10.019066490373262
78.80000000000001,9.454162952971515,10.436623080904678,9.051933255056655,8.591376111104779,10.656692805656702,10.148303309174626,10.959727778345654,9.97173109596773,9.392614971995638,10.066127230070862
79.0,9.49011187924179,10.482827402816884,9.093357904098289,8.629229020177299,10.708168576009834,10.193684446599075,11.00933395351655,10.010223252552525,9.434089546188803,10.113268777906438
79.2,9.525710006890398,10.529335441689378,9.135000247613938,8.667458454696536,10.759924693827887,10.23919606690772,11.058843518697092,10.049132620282808,9.47534411604082,10.160174399551234
79.4,9.56167929631448,10.575369317965734,9.177238990999006,8.706415041083476,10.81193576216234,10.285224757067677,11.1080607910332,10.088049934015618,9.516666207021117,10.207459794653714
79.60000000000001,9.598142078795485,10.621792793489426,9.219950821545131,8.745667377968811,10.864201031628813,10.331267868541936,11.157401454589069,10.127172548878532,9.557862772275323,10.254830357627467
79.80000000000001,9.635222592534646,10.668255968466212,9.263194836136389,8.785047234858197,10.916702589781973,10.377626312020425,11.206417875894608,10.16695757486455,9.599218128619995,10.302429572951963
80.0,9.672651929656833,10.715418503892785,9.306680603726603,8.824226887948043,10.969416053479168,10.424369605057603,11.255698941991655,10.207195089487914,9.640891719201866,10.350050664382051
80.2,9.701847733714503,10.754419558598661,9.351237643987478,8.856608897563065,11.017112257152194,10.464463102465542,11.296779480422256,10.23897684457168,9.675919611058697,10.391025934271452
80.4,9.730370295898974,10.793570618291037,9.396476388524698,8.889438386685775,11.065012654896973,10.504923922737943,11.337959605151465,10.27101350027665,9.710808092651233,10.431937015056626
80.60000000000001,9.759261244230373,10.83326258419516,9.442013462044384,8.923130044844713,11.113784170016427,10.545883014976395,11.380193634103474,10.302359723035163,9.746076605930032,10.473419340282662
80.80000000000001,9.78832805957715,10.873980132947324,9.487674980608775,8.956766067592438,11.16318634615356,10.586948114170413,11.422285320490372,10.333909779584612,9.781352168683954,10.515500927842286
81.0,9.816530391234833,10.914948733331,9.533958621095385,8.990846832442985,11.212691370168502,10.628729137620718,11.464224300380073,10.365539899173891,9.817371106362014,10.557268036852975
81.2,9.84489550415615,10.956378588154237,9.57966996755304,9.02562375345529,11.263956141636784,10.670726773194982,11.50681871024894,10.39639205782307,9.853861897745116,10.59972753307326
81.4,9.87366970867815,10.997097618441531,9.625221210426442,9.061490606536637,11.315553813230776,10.712753177510152,11.550319509083714,10.427885743669394,9.890493895239036,10.64257371336692
81.60000000000001,9.902482055511356,11.0375852867592,9.67056958503313,9.097645589595796,11.367243095365913,10.754366904746458,11.593571070392136,10.459038842192552,9.927449746953068,10.68557059807934
81.80000000000001,9.93120214031079,11.0782570721124,9.716117589336147,9.13361713829913,11.419120127501362,10.79615071953967,11.636349170390446,10.490524770997856,9.96361953930583,10.72903111765684
82.0,9.959524316009919,11.119265027224776,9.761207501446783,9.16921461017979,11.469617934716307,10.837571393963318,11.678899073478604,10.521808762906383,9.999215290182805,10.77140259585482
82.2,9.98712704820361,11.159837816798344,9.806635987287523,9.204472023142628,11.519217192258251,10.878437287833801,11.721437496773783,10.55356695270087,10.034546470886548,10.813571197651685
82.4,10.015108017691265,11.201030131291146,9.851591527777153,9.23917256003469,11.567551866022434,10.918389432640266,11.763143751283799,10.585957453053142,10.070108426631705,10.855308606927228
82.60000000000001,10.04294253227668,11.24268244502509,9.8964831264163,9.273920441659618,11.615817009204578,10.9572898967547,11.804821820538221,10.61802443522429,10.105054593501219,10.897035343361427
82.80000000000001,10.070654464107408,11.28395659481181,9.940836532874608,9.308819908635074,11.664128950727045,10.99537172997188,11.847114704158095,10.64948852920326,10.13980529787604,10.938640012570952
83.0,10.09920526403012,11.323784504774363,9.985501429383161,9.343756458953138,11.712420449833992,11.033411896345251,11.88900092494272,10.681062045475267,10.174791504781588,10.980397771438016
83.2,10.128084483188657,11.362551812431427,10.029959530469641,9.379007330179974,11.761058029038148,11.070823252701453,11.930366930956053,10.713244744074665,10.209251901351436,11.02141819134031
83.4,10.157135611842127,11.400833764626098,10.074609617999942,9.413938593836274,11.80948494911512,11.108778232933371,11.972668184043824,10.745453309162295,10.243768767367444,11.062805175797228
83.60000000000001,10.18625588632742,11.439644106036436,10.11908840285744,9.449008673662282,11.858334519169622,11.146899802195751,12.0142921913782,10.777547711625978,10.27800090393909,11.103546919051327
83.80000000000001,10.216106784545786,11.478661165238092,10.163185271526928,9.48396634603987,11.90744958441093,11.185167929704523,12.056548014788875,10.810024985068399,10.313245764890363,11.144311455877526
84.0,10.246787330995517,11.5167215479921,10.207292167939498,9.519067112269697,11.956880875710297,11.22301775014243,12.099464794191618,10.841247296638134,10.348702887826251,11.185003248991535
84.2,10.277919821636049,11.554767111222917,10.251987750597198,9.554881655414796,12.006518750718781,11.26199841863056,12.141832554722754,10.872136923572086,10.384732878285208,11.22611582836524
84.4,10.309331449113214,11.593745684456973,10.296261916535837,9.59087707939307,12.056851496019132,11.300529541444433,12.184739510488054,10.902249330094996,10.420684188341081,11.267268833528103
84.60000000000001,10.339725624924457,11.63266017953203,10.339838275764855,9.626222123582,12.107731264449592,11.339496845138745,12.228547204214033,10.932305881224986,10.456976306616067,11.308786218773323
84.80000000000001,10.370161098041425,11.671279368870147,10.383261481562277,9.661582736029356,12.157829134002823,11.37941149864608,12.272272757847595,10.961724765396088,10.493220778419778,11.350667238369278
85.0,10.400617504457134,11.710940359291897,10.426959681062469,9.696684039201054,12.207577327192935,11.419340083627041,12.314868673587247,10.990247676234894,10.530152806765036,11.392441280498659
85.2,10.431285225404281,11.750604754497681,10.470062921070179,9.73107778952647,12.25718588371402,11.458962992171138,12.356977125984441,11.018193011318655,10.566546789577979,11.434603632347127
85.4,10.462638118527273,11.789952927875683,10.512751756177567,9.764993044890673,12.306825042979058,11.498501489214856,12.399850683859368,11.045083259908182,10.603752439037251,11.476768637104897
85.60000000000001,10.492932505726756,11.829351665261562,10.555333155278365,9.79914417997413,12.355367454000987,11.538318136744712,12.441931491430632,11.071952322149649,10.640904577519574,11.517852245905734
85.80000000000001,10.523189550048544,11.868608248490977,10.597577140103466,9.833811805649852,12.403150642946079,11.578566684747358,12.48419019589166,11.098472491544157,10.678130466248385,11.558227427211797
86.0,10.553783865587778,11.907485664884272,10.639781743713453,9.868011770562681,12.450657114820997,11.618867143828089,12.525476348630828,11.124794753524442,10.714836439355944,11.597964554702768
86.2,10.584301293847718,11.94679871967458,10.682392193402148,9.902431995979851,12.438673345327693,11.658433012283057,12.566192684279965,11.150747751273915,10.751439018864763,11.637379816571622
86.4,10.614192766736954,11.9865269506282,10.724930435959639,9.937205239976722,12.424398690827644,11.697476434369515,12.606221774707453,11.177142883779,10.787928042795489,11.676319180619071
86.60000000000001,10.644480720839187,12.026571712402543,10.767347745749658,9.971348558187753,12.41176449022256,11.736459837105464,12.645947288784821,11.203473918893566,10.824254710330733,11.715281394430155
86.80000000000001,10.674803868791047,12.066511102964892,10.810065739289598,10.005428780747522,12.4489057742874,11.77472686477298,12.68577888615712,11.230054187199446,10.860655962707549,11.753784610526596
87.0,10.704483164980322,12.107005716800968,10.852801846651278,10.039508825266955,12.49750905602554,11.812816701050501,12.725572909185187,11.256882498468979,10.896381602520883,11.792632782425388
87.2,10.73408507948735,12.147504227874078,10.8951713853065,10.073736876846528,12.516198013362532,11.85196634039211,12.764920489866123,11.283306358270755,10.930786142760748,11.831679621056422
87.4,10.763833674540901,12.18828381120099,10.93713811688359,10.107344471288119,12.502347157577868,11.89064051958146,12.804266817931156,11.310002789933348,10.965542572708404,11.869961836336923
87.60000000000001,10.79333710738564,12.229635875013672,10.978627060882935,10.140896258101558,12.488576199006134,11.929923095247116,12.843591268276294,11.336861171501555,10.999624614475204,11.90823901354886
87.80000000000001,10.823007923359121,12.271445377561086,11.0209941111997,10.175019751227222,12.47523566500539,11.968828191800826,12.882783082697685,11.363864492697125,11.033986634907475,11.946238012994481
88.0,10.852545676944985,12.31417613452824,11.06330175982757,10.20978358426419,12.463082034625526,12.007627405564747,12.921733883428683,11.390651368946758,11.06768535049175,11.984593048945918
88.2,10.88178202721147,12.345659837993752,11.10579226968859,10.245413186752884,12.45159625077126,12.046426952723618,12.960343984699161,11.41720819562655,11.1011101063589,12.023739059163438
88.4,10.910399485831382,12.331761707035728,11.148502947691307,10.280896423640622,12.440456512535853,12.084492357992076,12.99904524075204,11.444161396915282,11.135538478704865,12.062182134922953
88.60000000000001,10.938971409793854,12.319398005232781,11.190655146764813,10.317192127354112,12.42950169456023,12.122445352393358,13.038749897326246,11.472192357172204,11.170663106927055,12.1004390924363
88.80000000000001,10.967690269827619,12.307810759087143,11.232960964466946,10.353734739236849,12.418576761830764,12.160919744577168,13.078363899781335,11.499809656026457,11.205744231832483,12.13975760219583
89.0,10.996926554402071,12.296667274810504,11.27487832274632,10.389585783279898,12.407765148368657,12.199604166229657,13.117949756944427,11.527670648790405,11.240530887908925,12.178381429594616
89.2,11.026235465486664,12.285746806855979,11.315702731076174,10.425680152559405,12.396988842569549,12.23847395850096,13.156931035334578,11.555336276672753,11.275716214942339,12.201541141684658
89.4,11.055917995796978,12.27511344288602,11.356267137281083,10.461508397663804,12.386248738120678,12.276806800714013,13.195450207625367,11.583393493561227,11.309839549811034,12.187366366475965
89.60000000000001,11.085291822094176,12.26448652007045,11.396184729631177,10.497459711145614,12.375482621777547,12.314932339774392,13.234547498945126,11.611662039444694,11.344610167634574,12.173825988156484
89.80000000000001,11.11443387051838,12.253845579992168,11.435860094066172,10.533261620248734,12.364550875684545,12.353043004342688,13.27333233496492,11.640447923797558,11.37907096103631,12.161773356292894
90.0,11.143636501048611,12.243232222692502,11.475634183654696,10.569521277265798,12.353352242935761,12.391399122307902,13.312224503444739,11.667833272960687,11.413084463582328,12.182117051068971
90.2,11.17237907176304,12.233147394162103,11.516439514050397,10.605833287634843,12.341565697516456,12.430356580853879,13.351473947222685,11.69489355032989,11.447084697789245,12.219683189764009
90.4,11.201520090262989,12.272838624837417,11.556990391059728,10.641975555190943,12.331002476098849,12.46881507374107,13.390378275558273,11.721460168248132,11.480729360448912,12.256785908444023
90.60000000000001,11.230833795847959,12.309903715224548,11.59745270827474,10.67853387810097,12.369012081718713,12.508103342405356,13.429821138639303,11.747960089816196,11.513958517970044,12.292733749837774
90.80000000000001,11.260188701864076,12.345833767330472,11.638090926327916,10.715207363533809,12.406831561426639,12.547282686460031,13.469640947008198,11.774089183051837,11.547519706117216,12.328263285258373
91.0,11.289594518773985,12.382289362587466,11.678820887979404,10.751700562957458,12.44442049293998,12.586368503858008,13.509778861065387,11.799880892463078,11.580977023025465,12.362372837355059
91.2,11.319868461415236,12.418303244809506,11.719472439417341,10.788779203026692,12.483148537543743,12.624882546505692,13.549489773172212,11.825998748597215,11.61398854303431,12.395470711810939
91.4,11.34981621194552,12.453909723407767,11.759589346912636,10.82567552706742,12.521852781033859,12.663348732307952,13.589267309586068,11.853051735834203,11.647102283002527,12.42878655758029
91.60000000000001,11.378601277438968,12.489858622562137,11.799201689312232,10.862265225239643,12.561294685299124,12.701653864891895,13.628025929332663,11.878688636304952,11.680429599768782,12.46304500284405
91.80000000000001,11.407403169178593,12.52549351087145,11.838648229462594,10.898567691970015,12.600325021572354,12.73926398452444,13.666752229870797,11.904165321456627,11.714082533084714,12.497717350914316
92.0,11.43611761290352,12.56082455849895,11.877397519625497,10.934129313950281,12.639505569887737,12.77659837036409,13.705419253271433,11.92978953202457,11.74757488773104,12.532832821367606
92.2,11.464520258987495,12.596073639125956,11.91566087057437,10.969332153843132,12.678385950157411,12.813831974001292,13.743703429614039,11.955408010209823,11.780694937224476,12.568685363821261
92.4,11.492387008803501,12.631146604960735,11.953165624814122,11.005259701488288,12.717319662613079,12.850689361564555,13.78197915386954,11.980841235596083,11.814342947021334,12.607305435566868
92.60000000000001,11.519986752193049,12.669656963584647,11.991055309475339,11.040638846306274,12.757198690368442,12.887756357563008,13.819320385422026,12.005584698983336,11.84793459027333,12.64737561325105
92.80000000000001,11.547616848421514,12.708895269207726,12.028068109199532,11.075885795967586,12.798488054547148,12.924168007660835,13.856080503585588,12.02983356694018,11.881942422769946,12.688102084447344
93.0,11.574936172657507,12.748332735336339,12.065865574032582,11.110501151859033,12.8431276208526,12.960890371378795,13.891862600934527,12.054427571436612,11.915276359799615,12.728375528787742
93.2,11.603390285475024,12.787728945258635,12.103283206258318,11.144725524406878,12.888496692881361,12.997436409897517,13.927483003130924,12.079541805061718,11.948089774874148,12.769037553948095
93.4,11.631350042882588,12.827144456078717,12.140116686322285,11.179562170571703,12.9341915584531,13.03411768628594,13.962665842976177,12.104691775385769,11.980951406398681,12.80910387935444
93.60000000000001,11.65890257883939,12.867057384656263,12.176328935659757,11.214756734573067,12.98017283961447,13.069874918987722,13.998203012713578,12.129436593277696,12.013893970057234,12.848688493271835
93.80000000000001,11.685308787867985,12.906940662416549,12.212899929889032,11.249644447570887,13.026688178284477,13.105695529265368,14.0331928783534,12.15421821973144,12.047036505029885,12.887992624616501
94.0,11.711814985159501,12.946110886083378,12.249954553906731,11.284530944134545,13.072058699013112,13.141496434059329,14.06833902648945,12.178870602401084,12.08065914741014,12.926397191518634
94.2,11.737262334910232,12.985257835412286,12.286590769189411,11.319047353855526,13.116822072961254,13.177767991311052,14.103415425058131,12.203776599328355,12.114865778508966,12.964770504771934
94.4,11.762325497693707,13.024055988728364,12.323406438235391,11.353209807401148,13.16062757984596,13.213455676626566,14.138610504058434,12.228728521258862,12.148845294481978,13.004056086830113
94.60000000000001,11.787087871391366,13.062548757659378,12.360166267362288,11.386941898593456,13.204516988552605,13.249796583126699,14.174185176054829,12.253344888598514,12.1828054451688,13.042838880585775
94.80000000000001,11.811289963539407,13.101884680479367,12.39680895561568,11.42022312624619,13.247482198422993,13.2855653147214,14.210572170196487,12.278034276338987,12.217145351402424,13.080901223979456
95.0,11.836117762042191,13.141112895613968,12.433506512836846,11.453589015304784,13.290694822886593,13.321923295007592,14.247684788231666,12.302149951526061,12.25161478952964,13.118995593673695
95.2,11.861334105843623,13.180296920086185,12.470539148733327,11.48713953772719,13.333298707408735,13.358495734132134,14.284127052835917,12.326664016970259,12.286152260429962,13.157098294219365
95.4,11.887205490716656,13.218763938489833,12.506566109572757,11.520806785938365,13.375453006146474,13.394611041183854,14.320838028529709,12.351763655837496,12.321697970913338,13.196055546793577
95.60000000000001,11.912628278261876,13.256784063123948,12.541389918066242,11.554278873972436,13.41842379085188,13.43171219462349,14.356982174597343,12.376258806531633,12.357883488434716,13.234686896776745
95.80000000000001,11.93859741649587,13.295227185221588,12.576178869338843,11.587001989665467,13.46203649541618,13.468144823595807,14.393200070941164,12.400943889198897,12.393271501844747,13.27445004167902
96.0,11.964809974733502,13.333436662681159,12.610775273084386,11.619580169762454,13.505465692541307,13.504413564506763,14.428826510169188,12.425109121800892,12.428394656651909,13.313716838889215
96.2,11.991494726479544,13.371896161516279,12.645542118082215,11.651624271325902,13.548266280513639,13.540715271986045,14.464760325298867,12.449787420129448,12.463336258291866,13.35314042103135
96.4,12.018846891502978,13.409682505974214,12.679298048130837,11.683987976274105,13.590764660769068,13.57721377953529,14.500877758990221,12.474941602101199,12.499103594316233,13.393475060342485
96.60000000000001,12.045970373122024,13.44686517711643,12.712391354220918,11.716543401282996,13.633625683835444,13.613771464158324,14.536781319690277,12.499977949397566,12.53399737099167,13.434301189568531
96.80000000000001,12.073131165452546,13.484095223249446,12.746104341370126,11.749404574228166,13.67641032388886,13.650681340992355,14.571917428129465,12.52550248860097,12.569047096544693,13.475370887377204
97.0,12.1009863886477,13.521705345764664,12.779064644077597,11.782086940884229,13.718542906235486,13.687785787555947,14.605973743844858,12.550796680158962,12.604076996138547,13.51617184729099
97.2,12.127781799064328,13.559289955495247,12.812130819264986,11.813919808436752,13.760698805957865,13.724879596318038,14.639057248563784,12.57575080204285,12.638680900658345,13.556898295433767
97.4,12.155518391372848,13.597251985717651,12.844761550190153,11.846202064790914,13.80327391521378,13.76148388427041,14.671745710248205,12.600426574185597,12.673539959756248,13.597065890393
97.60000000000001,12.183668883898147,13.63593576486418,12.87717218038023,11.879065836406143,13.845012224230503,13.797877721039411,14.704511535348907,12.625022093982384,12.70812640644835,13.638003387223508
97.80000000000001,12.21185781099053,13.675107048574317,12.908889089089865,11.911235370294717,13.886495903069859,13.834669333762838,14.737566810211451,12.649444882697596,12.741862970525228,13.678666875536273
98.0,12.240149957472713,13.713876940572897,12.94119733823034,11.943450312134955,13.927321067227139,13.87081430871344,14.771003265848403,12.673930679198582,12.77495430253307,13.719147256136855
98.2,12.26787170647339,13.752710718202486,12.972551835295203,11.97619286791663,13.968540267518057,13.906926577429289,14.803840323361255,12.698096699199626,12.808628436597369,13.759602857070075
98.4,12.29527832025982,13.79200940217445,13.003271552600209,12.008382542867391,14.00984118250083,13.941911218090102,14.836558976914393,12.722626623532896,12.841963534627421,13.800018523065571
98.60000000000001,12.323042863607093,13.831248765946057,13.033470711062705,12.041334957128273,14.050902527001144,13.976416474419532,14.869689678186354,12.747658021301081,12.875900646862489,13.840161023608093
98.80000000000001,12.351239497035346,13.870820572543652,13.064171523306142,12.07405485578913,14.091250127272403,14.00995855948089,14.903089282988367,12.772421871956208,12.909885478809397,13.880250636852931
99.0,12.380582732143573,13.909643148496336,13.094914991999806,12.106189796836494,14.132097424477603,14.043957860334043,14.936423750699031,12.796447285250654,12.943010264745478,13.920135442980198
99.2,12.40977261544346,13.948000632166535,13.12588652322603,12.138886772409448,14.172919245172448,14.076880806656876,14.96908223842426,12.820844638643047,12.975321041754448,13.960251612233726
99.4,12.438575468784537,13.986487347708003,13.156752798974496,12.17164945803797,14.213881452719637,14.109519336697918,15.002633962645495,12.845811034020718,13.007785814568193,14.000599048238977
99.60000000000001,12.46711647980116,14.023643764593006,13.187656284041203,12.204037911380713,14.254757323942059,14.14237134717512,15.036082432100075,12.870690603414934,13.040940466584711,14.04070275203708
99.80000000000001,12.495193217229586,14.059979226447279,13.218757325287356,12.23678240830267,14.295783922842524,14.175412037187526,15.068566107295615,12.894903209543568,13.073976683987233,14.080510091090378
100.0,12.52329899815415,14.09602277189964,13.250628946215631,12.268558500182063,14.335716683771885,14.208779040328077,15.101069215994764,12.919228266638306,13.106755593724145,14.118858150424645
100.2,12.551845491514309,14.131076986404162,13.282832275413309,12.301308114643229,14.375194954277399,14.242850091245105,15.133668527304883,12.944435143233123,13.139490033575965,14.157232917603915
100.4,12.581131423889278,14.166605367327422,13.315042100407103,12.334278622963872,14.415452602954678,14.277932183257033,15.166673034582274,12.96896129510173,13.172735056716691,14.195807222577407
100.60000000000001,12.613378339579501,14.202546515336985,13.350201578150285,12.36918103141293,14.457550282095129,14.315715538020937,15.200400683409896,12.994277393697443,13.206811918821419,14.234737772992508
100.80000000000001,12.646813021924007,14.240231267421839,13.386696048677795,12.404870057053172,14.50148198602616,14.354693053966365,15.235538759299605,13.022772224749998,13.24227965590303,14.27589052252124
101.0,12.680823023498082,14.2788323555535,13.423350994445162,12.441349770232312,14.546230456265171,14.394460264215109,15.27249155342719,13.05260730297557,13.278443924520147,14.317560285876318
101.2,12.715181514304382,14.31820390611386,13.4605013754591,12.478560038649084,14.591189696309423,14.433748287999112,15.310003452974392,13.083467582633201,13.314932919774375,14.359786753744775
101.4,12.749041835719977,14.357587543377255,13.497394838217621,12.515410115832287,14.636018649438927,14.473208161637498,15.346735644180486,13.114245380145928,13.351619433503048,14.403097214529861
101.60000000000001,12.78218120186763,14.39700921394986,13.53536776284948,12.55247030913348,14.68068184226874,14.51311611906794,15.383291847018986,13.145625636173346,13.387639347384999,14.446757696031627
101.80000000000001,12.814584428700021,14.435856362389146,13.572918949359718,12.589082448107305,14.724689153493324,14.552206566048383,15.418085325381158,13.177962157188771,13.423340218251171,14.490094088737763
102.0,12.84739358199234,14.474608033828696,13.609009818364248,12.625015154757014,14.768491844506892,14.590166710524425,15.452512526276378,13.210463464821846,13.458964997737755,14.532775707115112
102.2,12.88011441925259,14.513666834096252,13.644619037670262,12.660388498802885,14.811886006613012,14.627520898011321,15.485737695824229,13.242211171943742,13.49407571280114,14.574837776584268
102.4,12.91250195658558,14.551821712014133,13.678709466446715,12.69450209564333,14.855510676879708,14.664470755737712,15.51781740463431,13.272125025315066,13.527570966245706,14.614402543693043
102.60000000000001,12.942959023072978,14.589042915841873,13.712300348870766,12.727439588980376,14.898246828359039,14.701071733182154,15.548800314102564,13.300167297955037,13.560471905287654,14.653391910793776
102.80000000000001,12.971077398333213,14.62474894864871,13.744823069224418,12.760142269092743,14.940947345997966,14.736042053566951,15.578171577409464,13.325797506875116,13.593152127193234,14.69152542647072
103.0,12.997574005580782,14.660126365597709,13.775411572334846,12.79222418050402,14.98298159264373,14.770627265003744,15.607404105490087,13.350697524102756,13.624147976991912,14.729744452587095
103.2,13.023780652343298,14.694665570108715,13.805059283090964,12.824521368640182,15.025321102295614,14.80450106210814,15.636207687529478,13.374552490129465,13.65516099308372,14.767997291908204
103.4,13.050246000142403,14.728626873825403,13.834121408442746,12.856897756608669,15.068990275393908,14.838408856744344,15.665303820731621,13.397836187974525,13.686326832325863,14.806406528341173
103.60000000000001,13.07726570137342,14.762990742057822,13.862767324905343,12.888816355636346,15.112516209630604,14.871217438433701,15.694381669559641,13.420401937819925,13.717182530671055,14.846254326671707
103.80000000000001,13.10443057632868,14.797762181347075,13.891060219681806,12.920008628569267,15.155716163455173,14.90480889641132,15.72327364512667,13.442378733225972,13.747264834028618,14.886608427673567
104.0,13.132511727371112,14.833598878710768,13.918296308281,12.951213961890044,15.199916223351758,14.938645594959297,15.751681275044144,13.464151409292336,13.77816915802771,14.927601794793459
104.2,13.160463862419165,14.870786142490111,13.945786178806632,12.982981313268839,15.24460755984073,14.973128557422404,15.780747924724356,13.48522129109735,13.810267082656962,14.969357452101386
104.4,13.187910987396329,14.90828965027057,13.973075430181794,13.015194743944152,15.289586422070595,15.008067480972594,15.810448529185994,13.507161327226921,13.84571152149102,15.013026282412183
104.60000000000001,13.214456174284605,14.9464156454817,14.0001885260038,13.047379522579257,15.335141905424168,15.042938391884126,15.841422077733885,13.528687916874352,13.88212211736253,15.057415081617355
104.80000000000001,13.24061937051248,14.985908342693403,14.028027429575195,13.08034714175171,15.381027625092468,15.078434299431464,15.872644175945688,13.549834436251887,13.919182102638098,15.100812993933172
105.0,13.267092528490343,15.026136871344656,14.057211286223975,13.112567755069712,15.427571695445454,15.113828360694837,15.90408373490451,13.571146124462821,13.956036414382423,15.144363575278527
105.2,13.293334514191658,15.066723505324386,14.086367073225054,13.144103451630839,15.474139904046105,15.148792965713419,15.936018380975339,13.593231348622863,13.992989734165748,15.187805886864828
105.4,13.320346747526782,15.107759281044203,14.116759501890048,13.175483598460115,15.520048807809044,15.18384977017012,15.96851772490227,13.616020328420797,14.030023826598566,15.231302422299386
105.60000000000001,13.348401268247425,15.148049640646297,14.146255651855022,13.207616197891525,15.564926075041338,15.218447215898493,16.001319847896184,13.638536184233066,14.066551542706986,15.274297244728395
105.80000000000001,13.375481633675513,15.188160021677776,14.176190032722436,13.239537988283445,15.608419278041758,15.252156780297794,16.033238763521574,13.661159499737781,14.101942890516348,15.316269098557013
106.0,13.403271899995453,15.228497788924601,14.205836675093021,13.270518302312155,15.650930052944823,15.28582767900534,16.06504771498856,13.683841053251342,14.137898704457513,15.357058072284529
106.2,13.430032831206939,15.269245447600342,14.235359953050555,13.301391871858105,15.693763713025948,15.31868414959212,16.09673022473435,13.706769551709156,14.173573015865209,15.39724378005881
106.4,13.457056487948899,15.309228724270271,14.264180664653576,13.332289175974534,15.735612647017069,15.351112599871911,16.128214538131942,13.729805582636985,14.20849586154866,15.437287367209837
106.60000000000001,13.484681548781227,15.348881064835007,14.29240692370676,13.363451746942042,15.777361626268869,15.383653525174886,16.15894252343315,13.752357891383634,14.244018311535743,15.477912924277673
106.80000000000001,13.512207294240865,15.388685125479666,14.320120920306506,13.394331606565945,15.819778245188921,15.416571409128625,16.189006855705077,13.774214381703597,14.280474943372784,15.519298598891393
107.0,13.538858600557983,15.428403643254459,14.347255292003442,13.424848746022487,15.86265105242344,15.45015927186085,16.219076597068458,13.7961455923364,14.317523999603072,15.560516561481439
107.2,13.564922115116513,15.468070874646395,14.374211085029046,13.455561923841875,15.90656871524806,15.48480596560986,16.2492937622233,13.817410736342387,14.355203676506779,15.601644170729134
107.4,13.590523322489892,15.50831718060644,14.402056931978004,13.486691963592447,15.951113967052716,15.519764317820362,16.27915410785156,13.839384056810784,14.393912592069405,15.643026767977808
107.60000000000001,13.615675075796092,15.548591210190368,14.429291357089971,13.51887345567791,15.99673249377406,15.554648156827088,16.30881009152691,13.861346409408592,14.43243859903298,15.683270102011315
107.80000000000001,13.640365782056463,15.588070797186454,14.456296607044667,13.552364249104018,16.042182129288598,15.59078383262616,16.33843663172196,13.882726197310745,14.471211211243537,15.724398831907799
108.0,13.664659325474709,15.627825929917249,14.482295548479877,13.585722723830497,16.087233753186705,15.628000436034997,16.368671655737607,13.90396268433838,14.509704593739386,15.76502097101894
108.2,13.688778089147078,15.667321074208049,14.506925777476772,13.618983393138853,16.133341312731606,15.66530209988519,16.399275445299192,13.924919672554127,14.548512952882168,15.805672756267844
108.4,13.712009719017084,15.706268595636562,14.532335446140461,13.652281735578141,16.17951282417741,15.70308867037044,16.430358973585957,13.94579116902496,14.58701058192329,15.84548673251304
108.60000000000001,13.734995251655855,15.744110982326994,14.557089727157322,13.685411569751837,16.225524812615742,15.740632994425553,16.462720012413634,13.967156988110053,14.626399535728138,15.885039209276476
108.80000000000001,13.758818790251679,15.782178613993588,14.581487958875565,13.718632815126295,16.270965926616434,15.777147094337742,16.495236212400528,13.987734344987564,14.665643671391061,15.92432000139358
109.0,13.782431096296772,15.818684707928686,14.605937018205326,13.751859537508205,16.31703677432468,15.81389285944275,16.52761576509247,14.00727494450699,14.704070240785448,15.962726212253463
109.2,13.805848140819103,15.853913006334164,14.630895297865752,13.784924474445397,16.36314196048077,15.850426462841618,16.560264223652787,14.026977894960453,14.741509233570548,16.001018446289308
109.4,13.829949015319954,15.888650184471299,14.656042204436101,13.818363138929353,16.40933501319343,15.886604989672438,16.59409429311678,14.04655969804547,14.779705172627073,16.038889167417533
109.60000000000001,13.852829600302597,15.923789302052807,14.68227284161191,13.851452621422416,16.45503874794625,15.923304434853055,16.628238363816916,14.066211368068526,14.818727344007728,16.07693033118113
109.80000000000001,13.876502138925034,15.959499259316695,14.70847939237609,13.883796082461865,16.50072220644028,15.960476762132684,16.66137338614628,14.086147438152986,14.857961053256563,16.11436295124593
110.0,13.900009512931867,15.994531829471509,14.733770152296062,13.915197765058476,16.546153651510625,15.997127644209847,16.6947123791276,14.105989969939492,14.89726943393703,16.15164216827241
110.2,13.923748596538772,16.029504916129127,14.759184695963548,13.945984245498533,16.591551792896976,16.033118654059876,16.72778944061497,14.126257293410054,14.937157510701642,16.189056862302902
110.4,13.947663577505535,16.063750938983542,14.784701459356599,13.976195651911087,16.63717042482457,16.068122112575516,16.760599332838364,14.146029604611863,14.977034636747174,16.226176995746936
110.60000000000001,13.972169598552055,16.098682586254707,14.809766471065586,14.0054334357248,16.682536260927375,16.10322434158614,16.79210294205494,14.165816542805866,15.015240096219502,16.26225842056663
110.80000000000001,13.996594683898904,16.132920323511716,14.834607233268503,14.034999812398043,16.72743438838905,16.138248884846238,16.822807205957567,14.185137958839471,15.052846889690711,16.298718901037304
111.0,14.020721896975196,16.167155404209378,14.859091426164438,14.064662223125435,16.772744089836575,16.17359515486552,16.852833475335412,14.203829460989487,15.090342354839352,16.335187170524325
111.2,14.04554744930562,16.20199597021473,14.88441322685628,14.094107238961813,16.817401996118022,16.209043028862972,16.883036051349084,14.222836863740694,15.127917309773407,16.37192936824424
111.4,14.069058107856454,16.236685131879657,14.90928541995983,14.123078364422954,16.862724355268217,16.244172259447904,16.91255612658802,14.24214635050764,15.165496517793049,16.408004310896025
111.60000000000001,14.092458664888998,16.272087162737865,14.933248266800796,14.151196339689756,16.90875947700715,16.2790425630983,16.94146944004789,14.260388404064768,15.203233969885968,16.444368024921854
111.80000000000001,14.114964173200901,16.30686446240273,14.957200120340678,14.178762004628139,16.953841303807767,16.3129471174284,16.969532213938763,14.278005113301901,15.240146610447871,16.48095150410645
112.0,14.136857069506904,16.34165824513231,14.980022796795792,14.207146360081113,16.99966646660964,16.347317441803714,16.99805413422406,14.295751788055382,15.276452255593657,16.517327141813183
112.2,14.159568330657654,16.37672553691269,15.002886304274433,14.2342641443184,17.04488152315393,16.381154972473407,17.026421773066843,14.314064765367583,15.312334321364228,16.554044811108206
112.4,14.181987387272846,16.411529199106905,15.025778957718874,14.26127964229898,17.09071531234134,16.415053604625115,17.055312651510583,14.331984367861937,15.348443089424755,16.589280700655774
112.60000000000001,14.204252134970826,16.44693940776131,15.04802206795748,14.288504310994975,17.13613028656786,16.44833702840056,17.08424904592138,14.349777383596116,15.383589331184302,16.62376212389631
112.80000000000001,14.225328143534695,16.482544608849825,15.069776766988063,14.315657405257943,17.181910128108324,16.481429928135665,17.113624309108655,14.366870073759046,15.418166029325718,16.657426955959895
113.0,14.245796759318196,16.517184094482044,15.091029021240765,14.34252705260547,17.227049746432773,16.514691174568632,17.142618772570177,14.385326603096031,15.453210878006487,16.690137310801326
113.2,14.266292465536381,16.55399078407225,15.113008335600366,14.369704824117148,17.27251274813726,16.547696467518023,17.17198193020105,14.404043019375164,15.488155870809395,16.722358425107416
113.4,14.28696158759129,16.59119400113443,15.135174843807324,14.396274715906177,17.31798512724688,16.580211827153146,17.20103813396909,14.423230063246145,15.523335807650918,16.754496501294106
113.60000000000001,14.307951172309986,16.62851728675287,15.156663376320328,14.423116601074032,17.36430932150757,16.61400069631562,17.229640535633333,14.442762041863444,15.557728511758931,16.787410358663458
113.80000000000001,14.328920196940594,16.665135216164682,15.177456866494685,14.450713520926099,17.410999077476358,16.6477432433538,17.258692035318976,14.462772775697514,15.592420303305772,16.820319796501938
114.0,14.35015367334125,16.701840852574396,15.198209607800143,14.47783570728011,17.457097015630755,16.681881228019012,17.286890797942046,14.48308993769021,15.627833985406856,16.85353713920066
114.2,14.3716554116602,16.7382919615356,15.218951177665781,14.504620707150554,17.50327055091932,16.71607766829295,17.314952360633153,14.503179676798604,15.663634574693734,16.886583474838794
114.4,14.392243101434914,16.77503885879148,15.239272784168792,14.531546350570821,17.548938942919694,16.749933832894836,17.342984224414078,14.523634090434586,15.699641780013053,16.920658583516612
114.60000000000001,14.412991897904968,16.811874104138642,15.259719552838895,14.559021914249582,17.594575747376776,16.784541417849788,17.370927768363575,14.544164197064076,15.735707065453491,16.9543027646252
114.80000000000001,14.434288074194368,16.849571571334636,15.280028641894996,14.587206635786119,17.64094761799719,16.819348314303863,17.398704842021598,14.565383908404842,15.771893679307333,16.987361821163564
115.0,14.456046333528176,16.887164941839018,15.30096968052537,14.615744471726252,17.688073310001883,16.85426696735331,17.42694220244,14.586178692452938,15.80825375223366,17.02053376957355
115.2,14.477751703913631,16.9248544662596,15.3221692469577,14.643925101970817,17.73516131407449,16.887813702145525,17.454731046393867,14.606643826342857,15.845710548004606,17.054729226521793
115.4,14.499150689458704,16.962581001129873,15.343356511245625,14.67150036688068,17.78166828973209,16.921325073953096,17.483351583958694,14.627439990500406,15.883938033674752,17.08867107487932
115.60000000000001,14.520034867658316,17.000085283358693,15.364664961329071,14.69912574680054,17.828117989788275,16.955073381695012,17.512852873676806,14.64889974695862,15.922140718769933,17.122390175289233
115.80000000000001,14.540885194703623,17.037380624733697,15.385562070572677,14.726855987407063,17.875667191130688,16.988746407880612,17.542649582720003,14.670409115939878,15.960444323027724,17.1568347824759
116.0,14.562327878437406,17.075212842415336,15.407000939879161,14.753894833266493,17.923062959697965,17.02212345836719,17.57262567077555,14.69148171236261,15.998730328454643,17.190509668682946
116.2,14.582636264023893,17.11343637548226,15.42873466501375,14.780818713983104,17.969546495690672,17.055974064786053,17.602165732965442,14.71244580278202,16.036494472430903,17.22351555579492
116.4,14.602418695526564,17.15128876230942,15.45040450231705,14.807777845064718,18.015152482655438,17.089839635664735,17.631380740060052,14.733154605182277,16.074433665886385,17.25536096355084
116.60000000000001,14.621350926777923,17.188501947878535,15.472251978927591,14.835142178752621,18.059980262083595,17.123961079891732,17.66032229812841,14.754878446177218,16.112167452817474,17.28560678775585
116.80000000000001,14.640461810247915,17.225643470265826,15.493901290662473,14.861891913381102,18.105323664650097,17.158647117908647,17.689406708873772,14.777073186985014,16.150339671541,17.31493565070407
117.0,14.658948706659213,17.263374821230638,15.516980825279571,14.888843426595967,18.15034913218144,17.193927989593,17.719379238616256,14.799927520382793,16.18830052154123,17.342979229265328
117.2,14.67681376739111,17.301007725177275,15.539900506576824,14.91514354953277,18.194809242831223,17.22856680005289,17.748335978043663,14.822917138055848,16.226234124875074,17.370054239355767
117.4,14.694489944348952,17.33950084547234,15.563239538939271,14.94118428471808,18.239334715383844,17.263459320500804,17.777627514513632,14.845561147815893,16.264386857650035,17.397637380154684
117.60000000000001,14.712385008118387,17.377437042543125,15.586886496562421,14.967160402011514,18.28428525629227,17.297980091746126,17.806778889707765,14.868804262673631,16.30205965077638,17.424405474595915
117.80000000000001,14.730037412698673,17.415309145123263,15.610188627665996,14.993923313150933,18.329025757671495,17.331385298478743,17.835881380410715,14.892905895048807,16.33997845019428,17.4504999735993
118.0,14.745979280623937,17.45162817531678,15.633559272523476,15.022415666289932,18.373192602927663,17.36485533407876,17.864842432174008,14.917285537282172,16.377203301111944,17.47712904441208
118.2,14.762175301717779,17.48745098976032,15.656791866580074,15.051098096008447,18.417390122123347,17.397208212924046,17.8932185822099,14.94165548500219,16.414475571310437,17.50366195636401
118.4,14.778589369182415,17.522937256711547,15.680151505114251,15.080111330139804,18.46198408504342,17.429060825638132,17.921224066232842,14.966586974015732,16.451167213789084,17.531053787711354
118.60000000000001,14.79485913611774,17.558548930817864,15.703613393039651,15.109738985299954,18.505547245162365,17.459240512855583,17.949175745444755,14.991289122908045,16.48709683963416,17.55898676743881
118.80000000000001,14.810504277548384,17.594975973897697,15.727422349141277,15.138770404628453,18.548222479947068,17.488517452307793,17.977785962513174,15.016365448730399,16.523020264835097,17.58702497068701
119.0,14.826312605319684,17.63131139567376,15.751587135584245,15.168268568648559,18.591871490527815,17.51718834053708,18.006281583256076,15.041016659142732,16.55837083089973,17.61639977657753
119.2,14.842307621227675,17.668381388921713,15.77551133726838,15.19714350878177,18.63557556662041,17.545540328223655,18.03565391172523,15.06512864753193,16.59275205650354,17.646429622033967
119.4,14.85802114239765,17.705781261390182,15.799095279691771,15.226814642033478,18.67939634255442,17.573319748853496,18.065825757234283,15.089521588915941,16.626315266042564,17.67636156305837
119.60000000000001,14.873587814051096,17.743719054719026,15.822297522419342,15.257148247486503,18.722314655900533,17.600376169760366,18.096046162947975,15.114129684298717,16.659131002494746,17.705826558335684
119.80000000000001,14.888615404835928,17.78139636170683,15.84494268651657,15.287613963737854,18.764562003964052,17.62678624375338,18.12669412524367,15.140016489712297,16.69177516371759,17.73675250039673
120.0,14.90351436036007,17.819844829735267,15.866520843103016,15.317511084602573,18.806555241250035,17.653965593179645,18.158246989102533,15.166185348585936,16.723406903960115,17.767377543773947
120.2,14.917533613458282,17.85767069278005,15.888272805733518,15.34811591507862,18.849175672063954,17.680889827609697,18.18926074147683,15.192934904449052,16.75423030555072,17.798322734724515
120.4,14.931748764283254,17.89571260349962,15.909810031447568,15.378717755469022,18.891740399706052,17.707824347485293,18.219858026436295,15.221895635596553,16.784949140060498,17.829394950157663
120.60000000000001,14.945421967814811,17.933117826027885,15.931100793902441,15.40925462368632,18.933242529437468,17.7359102336021,18.250919173593665,15.250153492392784,16.816224745724885,17.860729219838372
120.80000000000001,14.95919605664703,17.97007988623679,15.951296910876293,15.440001915311859,18.975546186737073,17.763182987808385,18.282353954252535,15.27743968859568,16.846887030252784,17.892673819224928
121.0,14.972174600036706,18.006026808704988,15.970444983290989,15.469808439587036,19.018691182350786,17.789432247895252,18.313217518316943,15.304718834073476,16.87754571424224,17.922867582755938
121.2,14.9847978527796,18.041457270957498,15.987932743471939,15.499792811618534,19.062268112781485,17.815184508063496,18.34329093003885,15.33082480122749,16.908779906554212,17.952534868628423
121.4,14.99733403219204,18.076850018245384,16.00500759394319,15.530269149104107,19.105128018735215,17.840741636430256,18.373391618841406,15.356818805011638,16.940193855895735,17.981920396320014
121.60000000000001,15.008938916784711,18.111978965851904,16.022043065664935,15.56091164927714,19.147542804003653,17.865567667284157,18.403959213233303,15.382751072180575,16.972381253482432,18.01201338774063
121.80000000000001,15.020575996968741,18.14614656600937,16.0392456707492,15.59161436345936,19.189735159421783,17.890170470478225,18.434039592898554,15.407664112043799,17.00501586641101,18.041702268388125
122.0,15.031986467173004,18.180983308767132,16.056389889460075,15.621796882363906,19.231824957068163,17.91444014338505,18.463409852466846,15.432677737583726,17.037171606110654,18.07094328444748
122.2,15.042425716286914,18.215905189879766,16.07291344703964,15.652272837843414,19.274780300662613,17.937519246789854,18.493311169314712,15.457171784582288,17.070177410914834,18.100595166985674
122.4,15.052130020924093,18.251340857313757,16.08940524558783,15.682787762509157,19.31683343366649,17.960305187099987,18.523642557910634,15.481840958000348,17.10346314991239,18.129970678414242
122.60000000000001,15.062139060097763,18.287207368632302,16.10587668425648,15.713217556421162,19.358353665238866,17.981924885815275,18.553289152933097,15.50619944997488,17.13818396145345,18.159822209691644
122.80000000000001,15.072623394387632,18.322714291948778,16.12271907214031,15.743247854166377,19.399747213766553,18.00361257280531,18.582465687180132,15.531181682950066,17.173070289952488,18.19063616684842
123.0,15.083023999003597,18.357142849838464,16.139969638277584,15.773595155858398,19.44067638111319,18.02514003843939,18.611550348675827,15.55595279920909,17.20875421933653,18.22240285293806
123.2,15.093627340678944,18.391049158497914,16.157050787850828,15.804463333208504,19.481169519096817,18.04768194320025,18.641270056910326,15.581551055491813,17.24478358303496,18.25373257862375
123.4,15.104336762710115,18.425599418326136,16.174085253493235,15.835421293583593,19.520645293065037,18.070617935230963,18.671463895701333,15.609910873958647,17.28073437205463,18.283910862884255
123.60000000000001,15.115208361391398,18.459449027125444,16.191482621134018,15.8667470674205,19.56001121624153,18.093516210741587,18.701708394299093,15.63852940947564,17.31643390996913,18.314325045635417
123.80000000000001,15.12676756333774,18.493610962370475,16.209112632114184,15.898693263166905,19.59905571729995,18.116802833232057,18.730869935736557,15.667575175335203,17.352237332174457,18.344515287510454
124.0,15.137481102410133,18.52723288830398,16.22662083984909,15.931433218963125,19.638085438607117,18.140467661673657,18.76138774869043,15.69651674698584,17.38832357299617,18.37557609927368
124.2,15.148534080669444,18.560862760985213,16.242882570391732,15.964284701063661,19.677477474732658,18.164070113121117,18.791357317560053,15.724986432946137,17.424095127366716,18.40550151524002
124.4,15.15935587362409,18.593232603879198,16.258729287197067,15.997030069882628,19.716537170899066,18.187204247464397,18.822147752219873,15.753251609228098,17.45978031277088,18.435569293748983
124.60000000000001,15.170026299054777,18.626054787446243,16.27501156356752,16.02955946687056,19.755451071659433,18.211211793746326,18.8536997176424,15.781267500107635,17.495395218156098,18.46502169431034
124.80000000000001,15.180503182574006,18.65869088153985,16.291351950725407,16.062073737102804,19.79447422710649,18.236246213233134,18.885449753932658,15.807835488126573,17.53078832884013,18.494414316740908
125.0,15.190745535314962,18.691699794142533,16.308198078296066,16.09481977122795,19.83318104851012,18.261136672860623,18.917327019691125,15.834063538682143,17.5670464495292,18.524195854499688
125.2,15.200285364602276,18.724735450147644,16.324824599846227,16.127961486803493,19.871952008217438,18.285849322936027,18.94869011734639,15.860143247010361,17.603846420608516,18.554083511030274
125.4,15.20989392305912,18.758185363829977,16.341463348882566,16.16075098215179,19.909605027862494,18.310139653937014,18.979330423245056,15.8854507146561,17.639634230823034,18.584054263087044
125.60000000000001,15.220401108425335,18.791573098737608,16.35852717857265,16.19345851115148,19.946641485452393,18.334736901593583,19.009366828332038,15.910798526924946,17.67571686977694,18.614534979597803
125.80000000000001,15.230858924044703,18.82541294737121,16.37602825198107,16.225467969272852,19.983802354137794,18.359698430857378,19.038496140049457,15.9354240285621,17.71174930766893,18.64512154094911
126.0,15.241285829937203,18.85841271086519,16.39387750051005,16.257948992437182,20.020879170799166,18.383836818474858,19.06741808135483,15.96102148100621,17.74824375627055,18.675708561849014
126.2,15.251300818962191,18.89077355661538,16.412543269318142,16.29005003883741,20.058295197608448,18.407459106700227,19.0954173038459,15.98680380603943,17.78441149166284,18.70723557474537
126.4,15.261216078134577,18.92348298126731,16.432251557860372,16.322186429496114,20.09476328902541,18.430484828697434,19.124047911988377,16.01294000179232,17.82020958870422,18.737570311006706
126.60000000000001,15.271358444669648,18.95605077639862,16.45311806086748,16.353823101038717,20.1307680540112,18.45339237955828,19.15395493687095,16.04017282437172,17.85575030883118,18.768327869557535
126.80000000000001,15.281265344767522,18.988319353963558,16.473488876235283,16.385205023874423,20.166597744034956,18.476618054082817,19.182275180162495,16.067736180819576,17.890468160629347,18.800044108168343
127.0,15.290884464232615,19.02027706989586,16.494004474003805,16.416145205381863,20.20222296520118,18.500396888292524,19.209611901894174,16.095950367836966,17.92494078885123,18.831934327391426
127.2,15.300691841519752,19.052300794887067,16.514706516524765,16.44791511614293,20.237582257951935,18.524068740468582,19.23716120677961,16.123767258110863,17.96002975538185,18.864234155226036
127.4,15.309955971209199,19.08378331977364,16.535479657750585,16.479830851644287,20.273719027461855,18.547306155947176,19.264719564619973,16.15131550997316,17.995513257293293,18.897171696905076
127.60000000000001,15.319320233090215,19.115367901002045,16.55547930073166,16.51161197830106,20.309517135933707,18.571007350001725,19.291965747347163,16.177938933352284,18.03155694776551,18.930871455873568
127.80000000000001,15.329107821833652,19.14627046886854,16.576206079008095,16.542840474586196,20.34504170485753,18.59522749088012,19.319018261020354,16.204132594570986,18.067392125246272,18.96384117860155
128.0,15.339624111040884,19.176810680852412,16.59623692455405,16.573679520757437,20.38079676770562,18.619426818549332,19.34622253244496,16.230461068739857,18.10274606157535,18.997106409692154
128.20000000000002,15.350054536264597,19.207830393523775,16.616052398759244,16.604720931227977,20.416778831227024,18.6438465006701,19.37306232567332,16.256399987743784,18.137105846467104,19.03168954652581
128.4,15.361209861403362,19.239437283534404,16.63413750815464,16.63652317171086,20.452754524620428,18.668535505196633,19.4002632665223,16.282326191366117,18.171477895816288,19.065615904306224
128.6,15.372909205464612,19.270395942894204,16.651444601320016,16.667443802113997,20.48963761422067,18.693706654207435,19.42819825456053,16.307195053486968,18.206825232989456,19.099527500973718
128.8,15.383995710078864,19.30183075410825,16.66803932849323,16.697727375432354,20.526774730046174,18.718836980447968,19.456890927974538,16.331156081787842,18.242834506096262,19.133107918604352
129.0,15.394332425919256,19.332653198373148,16.683492541027483,16.727758660901145,20.563655845711512,18.744142129400757,19.48667761723315,16.354543863347473,18.279248013601826,19.16621331442864
129.20000000000002,15.404436078839915,19.36386238192726,16.698715141284175,16.757292994208957,20.59982453944583,18.76937350123188,19.516657038600783,16.37806623513554,18.316305735250648,19.19931078567087
129.4,15.415066314794913,19.393899046614887,16.714720423223895,16.785784458796297,20.63661263235173,18.79384913165262,19.546984637955873,16.401732246709006,18.353633484660918,19.23196519643781
129.6,15.425605377672449,19.42316211138907,16.7302094718931,16.814132418934157,20.672883006780793,18.818483818943026,19.57632160219161,16.42545630049391,18.390970175470855,19.263777289193392
129.8,15.435744563988859,19.451948738858945,16.745168273152405,16.842733174434123,20.709239958998655,18.842952593781607,19.605497441253085,16.449703754725856,18.428633803511065,19.294511939398607
130.0,15.446702877846466,19.480417667737786,16.761084656003845,16.870370567299375,20.745121368609492,18.86786227127211,19.634011568061737,16.47411697309416,18.46550755896716,19.32570332023614
130.20000000000002,15.45789321722304,19.509710634067453,16.777446429676274,16.898187684037037,20.782391047954246,18.892160127979846,19.663300123962763,16.49899248816263,18.501749857007184,19.35810002977474
130.4,15.46793955362665,19.540230073213557,16.7943281124261,16.927225412679874,20.821028574053866,18.916816151084223,19.69445568015223,16.527151497815762,18.53819414850287,19.392379732631376
130.6,15.478340501074822,19.57280010274307,16.81455943082329,16.958859006531053,20.860890595346152,18.944386345118165,19.726469941380245,16.556354356968924,18.574723341714115,19.427272863729836
130.8,15.48923887779583,19.608102710522846,16.83739179781595,16.991378049605462,20.902091025267158,18.972422192533575,19.760232693079985,16.586452739278833,18.61285892450667,19.463257186677797
131.0,15.500468307729747,19.64433127908362,16.861566162624325,17.025942309443007,20.943241568791482,19.001400527839852,19.794759401913776,16.61836131773349,18.651976050296323,19.50012093355854
131.20000000000002,15.512165005087459,19.681292669075464,16.88738206710128,17.06120700734718,20.984405806944924,19.030791194922593,19.830098709758296,16.650586581784726,18.69163865135089,19.538319554200882
131.4,15.524024895333941,19.71927604769519,16.9135003216477,17.09603503154816,21.02602450963216,19.060254652544103,19.865313022535513,16.683432713508004,18.731073685090738,19.576722072431984
131.6,15.535286625846236,19.757175693336958,16.939801185842647,17.131110902859593,21.06642910486889,19.089532028107076,19.901107328957373,16.71583723292552,18.770081136012635,19.615933044265816
131.8,15.546513796860182,19.79449905038999,16.966181797117002,17.16508563074975,21.10651198837616,19.117130979372437,19.93638275466867,16.749113482759,18.807947109549875,19.655286264265158
132.0,15.557359191139188,19.83033377248532,16.992613205637774,17.199053799884542,21.146076829382324,19.144213749725786,19.972106686427843,16.780633899704505,18.8463456008854,19.69415171682829
132.20000000000002,15.567681131973062,19.865221320259757,17.019438255638917,17.231732598995453,21.185627912628902,19.17052348578014,20.007475241128695,16.810807150807562,18.88487077228219,19.731554585391905
132.4,15.577123402410672,19.897000191203514,17.045748895790222,17.263910981242823,21.223603200145373,19.196043990593108,20.041151904755225,16.839184297005218,18.92289971403002,19.767354552525564
132.6,15.58674305700618,19.927125659649732,17.0702466898972,17.294855685866956,21.261069634765196,19.220848366542114,20.072890612993312,16.867278385749216,18.960998782202243,19.802872738574642
132.8,15.596332171582274,19.955460717141932,17.092964665679407,17.325675090207238,21.297544079111418,19.244346552992845,20.103788833029483,16.89437266032138,18.998315689836737,19.837033895611395
133.0,15.60554763633,19.983363286662932,17.11370351362158,17.356395819803062,21.33416992460452,19.267079325727202,20.13333121785211,16.92026960444279,19.035691483539235,19.870274070208367
133.20000000000002,15.614259304225419,20.010475881559863,17.133185896098368,17.387119989621475,21.37056451305874,19.28737125020696,20.161078405526084,16.94461535194867,19.073089209709092,19.902411703304235
133.4,15.622850993339698,20.037271440039163,17.15155940216245,17.417894323371698,21.4073843012006,19.30739926876085,20.188340892027828,16.968727305226913,19.110614831914383,19.93521369102657
133.6,15.632008199511565,20.06514317964487,17.169179582551095,17.449541227052276,21.445320511407715,19.327940902753216,20.215128147581954,16.992785690291146,19.148592443915952,19.968258837060795
133.8,15.639824330208171,20.09288215889579,17.186522491911187,17.48059294870648,21.48435366137311,19.34925556500773,20.243643968548508,17.016604263685164,19.187176064474254,20.00194399133228
134.0,15.64774890894299,20.12158789226082,17.203776711783036,17.51239337344832,21.523816997499136,19.371313746639792,20.27280182407524,17.03993592384335,19.225348906088833,20.035222736297698
134.20000000000002,15.655226940871918,20.152105166934064,17.22154589740543,17.544921624103385,21.56418193502166,19.3974813293125,20.30500678102912,17.063189656350545,19.264719367359564,20.068864287013668
134.4,15.661425599689569,20.183014217214577,17.240059159694816,17.57814296017679,21.60485093038996,19.42401410526051,20.336153834635383,17.089439419686517,19.30359885776769,20.102338675024004
134.6,15.666306282161576,20.214003369314796,17.259325730838118,17.612014630827836,21.64588946602102,19.45078902264284,20.368009976529937,17.116241586372592,19.34253678452397,20.136271302434857
134.8,15.67050366140748,20.244920452248646,17.278899891217495,17.647908195968878,21.68784418543813,19.47770489747816,20.39972547669737,17.143076556430113,19.38095221421843,20.171267190125235
135.0,15.674710997891427,20.274381579476056,17.298480406637957,17.68356960982695,21.728854115194178,19.504581796101274,20.4306512198651,17.16947247734517,19.418579839672486,20.20518967375407
135.20000000000002,15.679039694856291,20.302964474326533,17.31895642163668,17.719197320652057,21.768514934065063,19.530710878386124,20.460437249472474,17.19418352115486,19.455273088693783,20.237451256253497
135.4,15.68267669211617,20.33068156075087,17.342976136289177,17.754338314396982,21.807838891300612,19.555211899095198,20.489260756641098,17.21808990523403,19.491077314492863,20.268992282594702
135.6,15.686796717667796,20.35746598994513,17.366990621169794,17.78979327409081,21.846148887551184,19.579918757986754,20.517581304439535,17.240405274115055,19.526266302948326,20.300159293198796
135.8,15.691663854318971,20.383686899852055,17.39125195743686,17.823630336452727,21.884719252483954,19.603255361673813,20.545220812869054,17.261744805049506,19.56159294004154,20.33021022616437
136.0,15.696644462722686,20.409896371753995,17.415523836458,17.858066528333026,21.923472368523743,19.624293283159783,20.572018114267095,17.282442606306574,19.597220215742485,20.359379767421203
136.20000000000002,15.701112553001511,20.436349430822837,17.439836907345537,17.891924520075914,21.9624165217703,19.645713527447185,20.5987189778432,17.301922280096374,19.632573673743092,20.388287098464364
136.4,15.706116523286298,20.462444881342638,17.462872104922297,17.92444146686496,22.001289592258775,19.667506763941603,20.624025268820684,17.32016266623565,19.669607018671883,20.416938839229356
136.6,15.711436942959436,20.48825766427755,17.4840159743836,17.956396987973726,22.03992109477489,19.689405186177687,20.6492064670464,17.338631046761627,19.70666287880269,20.445840004574247
136.8,15.717134602594125,20.516265997382984,17.504625164280853,17.988371052879216,22.07811429237891,19.712130285979068,20.674556077269447,17.35719532326653,19.744149409107827,20.47430056268661
137.0,15.722245849541036,20.54613690668927,17.523774491935324,18.020589197165254,22.11611983535067,19.735553892027404,20.69989380560026,17.375550954417154,19.781869755338615,20.50250963762098
137.20000000000002,15.725402764843645,20.57567206809345,17.542768333547027,18.052887009514752,22.15421836531065,19.75900576416012,20.725516711117088,17.39235245079998,19.819989984253237,20.531073925711972
137.4,15.729661821049735,20.60582571068375,17.560441835965893,18.085674780056202,22.191681526021203,19.783095610071932,20.751901602311488,17.409538727708732,19.85738866976154,20.560521159775615
137.6,15.732782074777756,20.636446557207083,17.577289407706363,18.11835672737935,22.229673908486628,19.806918553690583,20.77831615179588,17.42758056413032,19.894317689868977,20.59050244943658
137.8,15.73620309545605,20.667365078065902,17.592723794295676,18.150806518411137,22.267804572544787,19.83065517407316,20.80375776166796,17.446785717353702,19.930170267621477,20.62034603649642
138.0,15.741603437354838,20.697906743422585,17.60934002888976,18.181736796637814,22.30468531517002,19.85394949885035,20.829095963776787,17.46594228235373,19.96563989911503,20.650291176093557
138.20000000000002,15.747701819593587,20.72721059399968,17.62577052155705,18.212587249873504,22.3392957059364,19.877256319175252,20.854562037221214,17.484948181559208,20.000606025397623,20.679421010179475
138.4,15.75487052497942,20.75570052446136,17.642401216273214,18.243658152823738,22.374159872900584,19.90086765989493,20.880031361967912,17.503840372005193,20.035664495729407,20.707967401095726
138.6,15.761517687552153,20.78318553034934,17.65907752703553,18.274147508033693,22.40776297707247,19.923532084514832,20.905286938918657,17.523201983763716,20.0703275387295,20.734963185949187
138.8,15.767443812378607,20.810173693095454,17.676043216010655,18.303271367202488,22.439037563771574,19.945807614196646,20.930691937393945,17.54157582494897,20.105337816946523,20.760481935589443
139.0,15.773452269303094,20.836572978520742,17.693989762641202,18.331400679398797,22.468874913020862,19.966050216355995,20.955565686017238,17.559455999639958,20.140221291743025,20.783597419748645
139.20000000000002,15.780605437814094,20.86267004055841,17.712426157103472,18.36034796044422,22.498623315534832,19.984919648944196,20.978368512483424,17.576202148520125,20.17644166686179,20.80717659223447
139.4,15.787969923341215,20.889400222293222,17.731187874131678,18.3888745918606,22.52918697929109,20.00350867579758,21.000654447787255,17.59247297808757,20.21263830602543,20.83083477945382
139.6,15.79523094931284,20.91708417989873,17.75091681769052,18.416996211056098,22.560343522802157,20.02230371462475,21.022053883651697,17.60707343368905,20.249279465696823,20.85474828942706
139.8,15.803033382142045,20.944299052311337,17.769849060489825,18.444673764086076,22.59253074714091,20.041438096429555,21.043553526895185,17.621205313162964,20.285304977081342,20.879014345271557
140.0,15.811965999272912,20.97155439313122,17.78939513011045,18.472760681086353,22.62600151260425,20.061201254257824,21.06556854662538,17.634366643306276,20.321428259444275,20.90356697918157
140.20000000000002,15.820344375638864,20.998596208227184,17.809721487020216,18.50049903725974,22.660835192660528,20.080075058857435,21.087262803888905,17.64679809067323,20.35879110622443,20.92839416123987
140.4,15.828301301480685,21.0266125746109,17.82879751723522,18.52766760790319,22.69509450407423,20.098908992480112,21.109675883629006,17.659085952066143,20.394725827702647,20.953160703013417
140.6,15.836120263462888,21.054660398910556,17.847579676645026,18.553831983265,22.729225301027242,20.116471649509702,21.13130547345942,17.671775906928822,20.431030594658306,20.978512645339567
140.8,15.845059729593062,21.083499216756614,17.865022197887427,18.579726888344062,22.76283261524707,20.13427184465186,21.15333515281579,17.683225882657023,20.46717579365745,21.0040292934613
141.0,15.854550983872283,21.111718577086098,17.880554274132134,18.60594842485596,22.796268319177607,20.152563758132917,21.174624185906335,17.695288740130948,20.502804113646615,21.029434575704954
141.20000000000002,15.86585759486166,21.139500379939488,17.894960876428158,18.631797237350213,22.82919614368298,20.170810702635272,21.195238494511766,17.707845261046906,20.538756809360056,21.054504286473865
141.4,15.878169372785823,21.165892684847485,17.909130303188952,18.657874166971858,22.861935079726578,20.188474648817845,21.21475082306551,17.72072978034251,20.5739083079176,21.07880194140608
141.6,15.890797434712981,21.192592482032424,17.92326870751549,18.68384048089209,22.895527084108362,20.20622777915253,21.234037855135572,17.735486248391272,20.608466768339284,21.10268489304385
141.8,15.904608763765177,21.21859231605694,17.93674403810457,18.709708599766785,22.928252826803487,20.223990519820727,21.25398862569255,17.75136471944019,20.642801783536783,21.12522683180282
142.0,15.918879640362121,21.243315647821476,17.949336193856855,18.735556138234195,22.96115500021196,20.241398904213302,21.273139356940646,17.76904646982703,20.677780785901057,21.146640892895324
142.20000000000002,15.932963407494855,21.267421256846973,17.96142089064475,18.761348844520082,22.99318370920359,20.257919552253195,21.291649619188572,17.787211177054058,20.71212968717101,21.16768697835499
142.4,15.947794958467574,21.28990842554429,17.972918486335736,18.787714590026606,23.02416974575104,20.273937134861136,21.310154335580435,17.805521572260748,20.7465651755669,21.18924962591325
142.6,15.96243521151409,21.31231477154652,17.983957818836252,18.81440101465691,23.055764972099215,20.28951045595762,21.3278430516669,17.825174091227062,20.780892230372146,21.21049436735766
142.8,15.977146621297795,21.334802912967938,17.993448757698115,18.84076880438825,23.08722837103216,20.304811677925443,21.34536874710019,17.846613211255335,20.81509561277486,21.231367671421303
143.0,15.99303436165838,21.3575017281261,18.00275263759318,18.867205869349856,23.11871952084651,20.320181447340893,21.362598333439248,17.86865063689916,20.84976665565991,21.252510812167973
143.20000000000002,16.00911920795413,21.38120965278135,18.011928676454428,18.89354119444761,23.151181866317575,20.335326260526834,21.379159667916156,17.891307570344274,20.883495623715934,21.274332177993585
143.4,16.024900729571364,21.40480691182387,18.02241206579995,18.920046231975583,23.182669504807034,20.349483550436286,21.39483772106523,17.91358402304351,20.916670931610565,21.297349473962935
143.6,16.04060486126378,21.428927581118927,18.03325906564065,18.94647682725308,23.214079770003217,20.36357752916868,21.41119381037072,17.93485872130055,20.949199099196303,21.320686207799685
143.8,16.057247736311393,21.453189185919637,18.04394138909774,18.97292258877418,23.24632032879328,20.37804172338879,21.427456244887146,17.95585602964337,20.98197664991342,21.345127280150443
144.0,16.073754295405074,21.477174067441105,18.05459673731342,18.99827044914712,23.277651636076666,20.392393554247985,21.443105009340705,17.977770793609363,21.01555491139146,21.369500607495464
144.20000000000002,16.09021971588532,21.499577260628502,18.065392204538988,19.02357318482171,23.308885692470135,20.407040864443207,21.459359783126303,17.9984356573138,21.049104850881427,21.392798102663292
144.4,16.106559922025856,21.522294454424227,18.075656696592883,19.049396114962747,23.34046860340751,20.42137561189665,21.475467688052273,18.018835430084554,21.082881013644556,21.417081870882434
144.6,16.12324597756623,21.544344570653603,18.084466720295122,19.074187556560798,23.37240375510567,20.436620127052038,21.49058793468665,18.038117026980032,21.11676932351827,21.441617839225895
144.8,16.139889441617527,21.56612146304995,18.092642679187513,19.09973002548033,23.40454244031147,20.45210943979114,21.504743030683176,18.057705037124695,21.150472210843358,21.465653432027068
145.0,16.155652270614212,21.586743125640126,18.10090887912137,19.12534445508927,23.43713346692143,20.467588341184065,21.518511364256135,18.078193919568445,21.183873450360664,21.489264843837148
145.20000000000002,16.17101930760238,21.607247326876415,18.109603430779877,19.15075703044158,23.469889975340188,20.483374354188175,21.531492824888083,18.09822281600905,21.216542875012575,21.51317136071464
145.4,16.185970253496862,21.627554941679495,18.118112165185508,19.175049246346052,23.50311152826794,20.49941406213125,21.544305661940463,18.118375410492927,21.250384208419764,21.536802267701756
145.6,16.201994920136414,21.64767504678825,18.12621805300437,19.199936985422525,23.536524128855646,20.515230242792363,21.555872466256567,18.139843935120876,21.283998091395702,21.55886758601829
145.8,16.21880153847107,21.667545757689314,18.134270907564467,19.224193314406115,23.56922801458936,20.531393146113526,21.566052877886715,18.161686737433694,21.31734647291487,21.581242043318152
146.0,16.23621452865905,21.688012489528006,18.142421713412272,19.248047995522274,23.601894021830674,20.54769466120353,21.575654666263944,18.183100414048273,21.35060469106774,21.60441749206171
146.20000000000002,16.253475656503223,21.709154961946854,18.150977294654663,19.272089975920586,23.634323849873475,20.563878624873603,21.585311705426186,18.20398266513448,21.383389084602687,21.628426206942972
146.4,16.27036141436126,21.73080264692588,18.15940411269743,19.295339128670527,23.667325745319033,20.579851003083963,21.594287936877958,18.22378716737292,21.415605984822633,21.652836784469656
146.6,16.287080467638678,21.75470177721415,18.16816995611346,19.31777059963842,23.700411521207332,20.594928541646087,21.604634562677838,18.24430027130526,21.447594740569173,21.677938425995134
146.8,16.30326591447391,21.77821616826611,18.176371179111605,19.33924489963667,23.733596580576123,20.6099896287984,21.616300670230043,18.264414877109118,21.47965153903311,21.70281735945979
147.0,16.32132514691261,21.801440894317594,18.1852587054178,19.360362836421015,23.766634195051587,20.625051784688964,21.627876474739466,18.285254169035625,21.511353270686595,21.728179414830464
147.20000000000002,16.338050847661705,21.82386676987817,18.194495072222256,19.381535556150137,23.79983407749878,20.639458511648247,21.639191562856347,18.306653783667617,21.54364179419683,21.753363527262557
147.4,16.355311156519008,21.846379294044674,18.203213655445253,19.402681484300654,23.832368265470276,20.654636770151892,21.651571393112395,18.327561208842372,21.57482737928471,21.777629124504557
147.6,16.37187366387636,21.86821071500788,18.212154068344823,19.423898248635243,23.864837917108026,20.669686919822308,21.664561379301443,18.34806506761865,21.60608769570037,21.801120214623662
147.8,16.388525961516024,21.887878610538664,18.22156457859879,19.444761637147245,23.89660039039584,20.68388422560515,21.67838916450671,18.369079196725234,21.63791263089018,21.823963879151865
148.0,16.404678286590038,21.90630162520228,18.230640438138504,19.465611247040684,23.927912654264652,20.69807043939633,21.69328820941847,18.390236418619963,21.669731654556838,21.84648915885958
148.20000000000002,16.420196494607143,21.92428777334561,18.24059160494124,19.485985955410005,23.958248047902792,20.71266781024474,21.708856692330468,18.411679753830867,21.700676597745595,21.868566357195558
148.4,16.435111257301706,21.942473782666315,18.25069792173838,19.507526296904558,23.98997902548216,20.727620943599316,21.723602194318676,18.432186259349578,21.73159999611616,21.89121868759007
148.6,16.451398651340977,21.959170211048384,18.261485221006275,19.529163983214517,24.02196163054156,20.74237464393823,21.739959773342722,18.453525715606304,21.761807721416922,21.912815614084113
148.8,16.467784018207855,21.97507241451142,18.271949604061305,19.549578690708866,24.053054574043784,20.75741769342688,21.755938771718128,18.474564262247625,21.792068907732297,21.93534925438616
149.0,16.483812427001606,21.990664620056705,18.28297585074214,19.56925756704997,24.083647600090522,20.771716825029927,21.771899834836447,18.494364247822176,21.82287524285619,21.958221135410064
149.20000000000002,16.500375036751336,22.00558920993659,18.2948579811087,19.589759930368064,24.114273119146695,20.785922674131786,21.788358173454217,18.514020962544315,21.854501247787923,21.980886413041176
149.4,16.517105877303234,22.020752396146563,18.306775731940263,19.609240966386345,24.144319346049112,20.800607921821193,21.804917915491508,18.53420840887415,21.885502218707295,22.002679155336896
149.6,16.534470856327953,22.035861129035954,18.31888485322761,19.62819650760369,24.174613602330393,20.815037788616475,21.82164546936026,18.556025494184535,21.916109031746124,22.025108737194614
149.8,16.550750752678585,22.051160598783806,18.330916668793883,19.647099504724245,24.204929840270694,20.830124081276555,21.838888499177365,18.577784368850327,21.946252668474866,22.04667276244003
150.0,16.56736680243634,22.06595275766166,18.343495042259256,19.66502688425275,24.235778461036126,20.846028986668365,21.8555924822021,18.598801152962192,21.976546757092922,22.06933754818552
150.20000000000002,16.58825942285417,22.087055117483416,18.36051639834086,19.687917524347114,24.270207677269735,20.86676991215408,21.87805286450172,18.625524962618066,22.012554336010254,22.09642048021838
150.4,16.6084921221119,22.109271217884427,18.378990029134414,19.712582707850775,24.30625906117189,20.88725623472716,21.902767976091663,18.653409620783737,22.048580013711973,22.12508175065953
150.6,16.629469696167245,22.134630689510665,18.402379662725675,19.73897723831012,24.34485479121568,20.912003903178306,21.9315302612579,18.684825543662306,22.08724210899918,22.154662071550902
150.8,16.65204191754832,22.16095939845159,18.427658356493122,19.767337670367304,24.385693071816245,20.93993579312097,21.963702824674268,18.717601196577576,22.128350760353126,22.187023221279077
151.0,16.67503979890494,22.188503314987383,18.453703831515856,19.796318452577502,24.42723719640108,20.968197016001362,21.99868674173285,18.75096007284124,22.168983954782547,22.2196770187103
151.20000000000002,16.6989896162475,22.2165227857671,18.48089935968443,19.825183971781236,24.468776272035896,20.9981679502031,22.03469532967772,18.786536886646815,22.21012806122211,22.253145212189732
151.4,16.7237752323382,22.244525103290474,18.509430347949404,19.85452120520828,24.509437810035543,21.029188701180402,22.072773013153146,18.822636947612576,22.250645963870355,22.286175974940623
151.6,16.748467876418797,22.27297378289146,18.540290524541508,19.884114284942356,24.55004310164222,21.059786072653036,22.11183270960532,18.858869663992895,22.290487103043883,22.319921280485776
151.8,16.77354254246746,22.301994400895765,18.572481762168984,19.91315417885581,24.59019271050353,21.09052889461096,22.152235390826757,18.894996953503526,22.32933258744435,22.35465061516835
152.0,16.797944493444096,22.331175524595956,18.604706732656254,19.942399133140324,24.62852309024589,21.12250200073578,22.19248253512049,18.932200375234558,22.36847553181383,22.390388801900446
152.20000000000002,16.822227247098947,22.361417391179778,18.635401440744282,19.969992063215628,24.66583926834256,21.154383781435033,22.231072901307815,18.968516736227883,22.407855936552227,22.425179011949133
152.4,16.846708099422464,22.38973182173475,18.665580995616665,19.995710955841346,24.70204653797709,21.185083363159706,22.268926196532675,19.003981863380954,22.446670982583285,22.459238705856055
152.6,16.87167194296027,22.415888848544252,18.694418116622046,20.019265736682396,24.736314765347732,21.215072711181403,22.305580411249988,19.038031374454068,22.485174059332373,22.492385989901358
152.8,16.896664921985053,22.442023403491092,18.72060763240475,20.04196002343462,24.76946540076813,21.242901705559582,22.340797682284,19.070446263892123,22.524599934644087,22.525219036880255
153.0,16.92210263675844,22.467577518960596,18.745480833048696,20.064081043427198,24.80199800279592,21.267723223826422,22.373846624079324,19.100467003465656,22.5631825684339,22.558470630962674
153.20000000000002,16.946819352673227,22.491052546889474,18.768332121372797,20.085925325679877,24.833846880518102,21.292176937267456,22.405432067728558,19.129279582336004,22.601283784634283,22.59301518571366
153.4,16.97155291684374,22.514805212771783,18.79065855907838,20.10659528966673,24.864450847348053,21.315080704683613,22.43677484837874,19.159244269507536,22.637936379874372,22.62669060057636
153.60000000000002,16.996330385124,22.53924767329325,18.81172969305798,20.12747720868291,24.89623261143652,21.338213164744992,22.46816972586643,19.189234335059258,22.674203903674382,22.661272070236528
153.8,17.02231152229439,22.562957006403927,18.833698234378815,20.149167849902494,24.92860721738177,21.362505627345218,22.4994253431014,19.21865370259771,22.7104883322136,22.698110251517342
154.0,17.048152111023963,22.587674296679808,18.85591029707039,20.172830384836285,24.961692721118446,21.387456884677757,22.531481520101504,19.247229917020498,22.745675737173695,22.736718238273856
154.20000000000002,17.07365701487969,22.616887739354,18.878105153612246,20.19639407841068,24.994581834717344,21.413478406074052,22.569279078198214,19.275981036044904,22.781379113008583,22.777504450223613
154.4,17.099132633477826,22.647757118953923,18.899743659658217,20.220472541168984,25.0276414421252,21.440261459758126,22.60737598973635,19.304657840972883,22.816753508593923,22.818475749744053
154.60000000000002,17.12400027285168,22.679919906699585,18.92126430864292,20.24508533523726,25.05988596838527,21.47258742302652,22.645779787557778,19.333525078595873,22.851463812010092,22.86023171072272
154.8,17.149060583714352,22.712204111180096,18.94386742417387,20.269764408776876,25.09149801569449,21.507557471641714,22.68364065997853,19.36284015250236,22.88494100049204,22.901485678405432
155.0,17.17390610005608,22.744981309146056,18.967019091222102,20.294447517746047,25.122544205414734,21.542631084298836,22.721858031223416,19.391721408274588,22.918137981560523,22.94285757513643
155.20000000000002,17.197596536432485,22.77699977478302,18.991789332723737,20.31885434616226,25.153644752926226,21.576995278085533,22.759380998236498,19.421756104341878,22.95045412216283,22.983299434825884
155.4,17.221249122347512,22.807575949345186,19.01744976757449,20.34289822707698,25.184259346910675,21.611248175439183,22.796035759799327,19.452598738828012,22.982982714070086,23.02361701641133
155.60000000000002,17.244720234445147,22.836667468925455,19.043454528064032,20.36660715323788,25.214316430549353,21.64429265135892,22.832532573687285,19.48399537170088,23.014445552589045,23.06363763422913
155.8,17.267129604844147,22.865607235658427,19.070159175795254,20.3896583693215,25.245630068319283,21.676599504493286,22.86855176099536,19.51604701083494,23.045806688860267,23.103371012127663
156.0,17.28951718463437,22.892767460581645,19.097034563020063,20.41275524857554,25.276279964933575,21.7079944943759,22.903633296007225,19.549091702284038,23.07669153671823,23.14240758895365
156.20000000000002,17.31289794415073,22.92046433116438,19.12299598358327,20.436051045785764,25.307682871516743,21.738892294747377,22.93925672725617,19.582439948736386,23.108148258750383,23.18118961830177
156.4,17.3366413789747,22.947610946737758,19.14858726498309,20.461673917371318,25.339715957429625,21.769257393422336,22.973824336079527,19.61529232146722,23.139248505711667,23.219928653336435
156.60000000000002,17.360863981215566,22.975033741874757,19.17448647869288,20.48834363784595,25.373076672238994,21.79945287801244,23.007692770337627,19.64882030497446,23.170862992706873,23.258934892675743
156.8,17.384254399059465,23.003630743761274,19.199777396091484,20.51593149048781,25.4068254223626,21.83049750029407,23.042281986984054,19.68182451515182,23.20216080454317,23.298401889362623
157.0,17.40795798172355,23.034075761045514,19.22475193078779,20.54428613653723,25.440353981367384,21.861077616974214,23.077329699057707,19.713994215765485,23.232938285045407,23.3388098976652
157.20000000000002,17.431768449896666,23.063926070982756,19.24888873684251,20.57330329492297,25.474473959383214,21.892212857426944,23.11389406900686,19.744673126996943,23.264193866301028,23.37926091561311
157.4,17.455917312597098,23.0940754221856,19.274324283713206,20.602631325164374,25.507859130820908,21.924351827520635,23.15127106890065,19.774862412194377,23.295956065610614,23.42076671202109
157.60000000000002,17.48033105754697,23.12497630434468,19.298883421223195,20.632556024902946,25.54055112634463,21.95657792333783,23.189355267959606,19.80389560411869,23.328006775259507,23.462510785712293
157.8,17.50388053364718,23.15587274103844,19.32274901346054,20.662418691109856,25.57328100883171,21.989066044417214,23.228600480974965,19.832095154254826,23.3603382038988,23.504132540620006
158.0,17.527394124313712,23.18762008846377,19.34602253222473,20.692657890525304,25.6060833164222,22.022178016396133,23.267656161290894,19.860156336991484,23.39361187468605,23.54513858296755
158.20000000000002,17.550435739004897,23.217650102531913,19.370078412952786,20.722076811331647,25.6376410194053,22.055549562632113,23.305617538645087,19.88787965018078,23.426864841147086,23.586123823573068
158.4,17.573444943532806,23.247757635753473,19.39500371512377,20.751397121241943,25.6703347044372,22.090144610995132,23.343851608455093,19.91603700578298,23.45912164232154,23.62769914065798
158.60000000000002,17.59589378147631,23.277820135448586,19.419588822183112,20.781063606467665,25.703152292780675,22.125013503472115,23.381203686109,19.94430925178325,23.491620405097837,23.66963192459663
158.8,17.619175702661607,23.30748437407417,19.444745886247016,20.80979712144038,25.737283476533655,22.161886193249675,23.418374991786973,19.972387603578284,23.5249925162556,23.7119111465995
159.0,17.641927627325042,23.337599378588003,19.46935207833962,20.83875190070327,25.772745902909012,22.198153963552613,23.45439966420582,20.000458380505183,23.55778809443358,23.75418067158647
159.20000000000002,17.664079473731896,23.366460322168944,19.494029718357442,20.868151131792068,25.808782765265008,22.23376292506446,23.489786176218566,20.028527765515836,23.590770343001022,23.796139587320095
159.4,17.68627859035099,23.396137474275815,19.520609860090904,20.897742747432538,25.845068984653608,22.27050596752413,23.5244287950059,20.05742941763044,23.624629346556503,23.838251005639975
159.60000000000002,17.70789598473389,23.425373075810093,19.547902420995417,20.92751773108134,25.880780654729964,22.306425206781846,23.55822719369439,20.08680742346338,23.658270380492336,23.8793083289424
159.8,17.729282979696652,23.455475355931792,19.57516063439743,20.95655350388298,25.91796354351995,22.343578247148237,23.59143157230203,20.116433952199156,23.691983434205824,23.920968634593674
160.0,17.75017013257446,23.48578766313124,19.60149200612487,20.986980354689123,25.956968565869698,22.37837890440504,23.624981012091716,20.14706278664135,23.725384236765112,23.963974353655704
160.20000000000002,17.753349851238568,23.489313903132675,19.606208847530585,20.992387407268073,25.964458040806498,22.386576145876838,23.631234796304884,20.15620189905412,23.730545512539646,23.979118778608537
160.4,17.75706598696248,23.494178609854664,19.61011239336258,20.997388397701265,25.972340386796002,22.39600431151009,23.638238051914982,20.165356621311457,23.736087892428415,23.993773601114746
160.60000000000002,17.760869385119403,23.498895864445817,19.61271039405885,21.003151467079817,25.9799033354301,22.40703874157001,23.64519226195943,20.173847064297068,23.74099510118882,24.009268010542456
160.8,17.76454426739268,23.504346602278385,19.615850257164713,21.007928088425444,25.986989483594527,22.419002522880646,23.65221844182557,20.18276415565704,23.74556880778026,24.02501634941166
161.0,17.76889935248584,23.510442638164744,19.619542604313743,21.01337607643808,25.994210837643102,22.431189241390545,23.65894804695565,20.191854255873228,23.75142303520369,24.040655005901833
161.20000000000002,17.773605078825486,23.516853773595894,19.623490385413472,21.019078961639025,26.002543691288768,22.44389768347493,23.665467271477258,20.20087138667881,23.758745536356713,24.05538709771201
161.4,17.778698479460758,23.522978122115937,19.628223657341977,21.02508514335599,26.010827461164382,22.457633545197975,23.672200623317675,20.20941256579764,23.76648695659168,24.069028645032198
161.60000000000002,17.78385378964372,23.530432376772993,19.632087162186362,21.03092011224801,26.01995531465332,22.47191576193837,23.67894748084166,20.2171518512861,23.775115743401287,24.08345130793826
161.8,17.788061912148144,23.537871836702863,19.637010590556372,21.035954045946365,26.029608240105944,22.486966711305662,23.685929492692374,20.224421908400625,23.783668396145558,24.097386537022263
162.0,17.792265162960405,23.546249115595238,19.64135107191677,21.039829350369434,26.039454202291843,22.501486180426813,23.69341708979534,20.23149685116104,23.791626195105618,24.11145557361968
162.20000000000002,17.796223616255272,23.553951773941847,19.646043056805034,21.04478560059994,26.04899462391805,22.51634322326192,23.701010752297485,20.23817408115842,23.79971976110883,24.12556215566437
162.4,17.800640052652753,23.560648372832265,19.6511381124711,21.04967225259382,26.05861083753529,22.53172071700108,23.708164223842164,20.24449223761339,23.809225664409187,24.13911451088387
162.60000000000002,17.805728013007244,23.567240956098587,19.65703275981389,21.05450384659582,26.06765737368281,22.548757342954424,23.714420602712842,20.250324425077302,23.81928688859872,24.153024114306668
162.8,17.810483462675897,23.57335381764976,19.66430737474053,21.06069322389193,26.07766739517058,22.565943824577296,23.721472724675806,20.256258682999906,23.828971119484116,24.167065542339923
163.0,17.815556766424393,23.581183273199173,19.671865812324082,21.0668259550576,26.0883096581924,22.58336735456043,23.728731305253888,20.262336178433973,23.83960585626322,24.18207330487927
163.20000000000002,17.821686711658256,23.589368233646876,19.67922252233256,21.073154028212482,26.098408554631767,22.60025943640147,23.734040222931693,20.268049254032537,23.851092139119867,24.198010065129637
163.4,17.827462617333076,23.598803181943484,19.685883117690363,21.079748101103107,26.108241270380653,22.616369974386043,23.739586194465204,20.274420186636178,23.863002747152382,24.214267517276912
163.60000000000002,17.834217165469994,23.608552208610877,19.69273306113127,21.086545961992403,26.117200827452884,22.63116549871429,23.74592007424029,20.281564014428454,23.874578289912904,24.23148852084313
163.8,17.84049990235471,23.618587698926138,19.699141672472145,21.09287531885874,26.12634245962298,22.646441595503326,23.752133301294393,20.289574630246555,23.88573249251199,24.249004602635097
164.0,17.84679272165007,23.629080698275114,19.704851717182123,21.098923892572316,26.135957133099563,22.66320074380531,23.75883576007978,20.297942729703124,23.89726382213207,24.26742983621021
164.20000000000002,17.85308428020725,23.640236108512703,19.71072589881941,21.10579822687489,26.144915707559797,22.6801037430881,23.765677117794958,20.30665803210229,23.90825320526263,24.284924843549064
164.4,17.859387142287858,23.652372256469643,19.717256718545105,21.11308448147514,26.153668903365435,22.695502200372903,23.772976174197634,20.315118856960748,23.919707169927804,24.30197414938597
164.60000000000002,17.86521846769873,23.66459838833035,19.72380509947082,21.1183597676866,26.162822749108937,22.711024208011967,23.780404031473214,20.324422225991327,23.93036029353169,24.31836362558357
164.8,17.870718438142692,23.676355254189424,19.729867406361443,21.122358503677226,26.17088463852792,22.726322950839847,23.788321578314257,20.3327200850739,23.940398714190678,24.334831600943875
165.0,17.875851937824326,23.68722188699321,19.736147502701737,21.126486044523936,26.179306879309845,22.741210627058038,23.796366256283413,20.340918770079007,23.95169158529968,24.35075774219009
165.20000000000002,17.881194561181342,23.697774994888302,19.7417212592514,21.13046704280048,26.189146079070746,22.756999955945318,23.804808063894434,20.34890751063544,23.962861125064354,24.367437343948545
165.4,17.886753343691325,23.708401818597896,19.74631745684508,21.134141575688982,26.200483708684658,22.77335500508395,23.81291895420903,20.35726684936021,23.973352870829796,24.38437340729146
165.60000000000002,17.89358136011449,23.719011912661394,19.75172174205683,21.13847752509454,26.212036268835547,22.790467277188448,23.82129468922912,20.36536422682764,23.983781788739112,24.401771143525394
165.8,17.901177898805276,23.729323346857438,19.757118267454274,21.14172800969674,26.22388605303025,22.806981664244322,23.829293487577047,20.372526789861638,23.99473001021767,24.41990295231495
166.0,17.90849206730797,23.73902515644488,19.763553026853618,21.145868154965793,26.2366326600799,22.823701575141147,23.83594275581312,20.378407228931405,24.00612566988847,24.437619728348526
166.20000000000002,17.915963161057793,23.748750406576413,19.768915653519173,21.15040519692948,26.250193778165976,22.839797416390905,23.84249831288448,20.38338141402617,24.017421133169996,24.455040696106938
166.4,17.92395588103488,23.758920890222615,19.774956787018354,21.155601087421733,26.26511524604561,22.856718422258457,23.848937928318012,20.387937870821553,24.0292033484892,24.473988865009893
166.60000000000002,17.93194796481794,23.76923622310248,19.780948840257928,21.161311739103667,26.28043960796756,22.873083961784033,23.85455611798995,20.392061385591944,24.041982034588052,24.494377643077677
166.8,17.939876981658124,23.779893597182195,19.788638656684512,21.16791796033186,26.296165205217424,22.890354865778583,23.860826274272195,20.395646750676477,24.054548179358054,24.51365977734953
167.0,17.947807321118027,23.790774155166044,19.796298849795953,21.17473238094783,26.312227395972464,22.90787436205651,23.866646976061574,20.398791634105446,24.066125647699852,24.531944328768848
167.20000000000002,17.956168837556575,23.802625369698465,19.803877446740106,21.181515379397002,26.32956904143679,22.92556763139904,23.87279521691702,20.401895695959546,24.07736823635757,24.549845836911803
167.4,17.964061209955826,23.814500126293034,19.811990189083083,21.189052185347744,26.346240686327793,22.94234065749597,23.878681390659626,20.405695571973865,24.088037172501267,24.568745194473
167.60000000000002,17.97174952695268,23.82675328328378,19.820570949091096,21.196979903536867,26.363839549825553,22.959445256409175,23.884702664403086,20.408918087757435,24.09837114791541,24.58656951664367
167.8,17.979661260088896,23.839433563841077,19.82927064036534,21.204244067137648,26.381630698833487,22.97526826775286,23.891090919801954,20.41223468362974,24.109159918322927,24.603536664190067
168.0,17.987715802871456,23.852655120398193,19.838913490315292,21.21238414912613,26.3996650935779,22.99010724512116,23.898283113513926,20.416605968213258,24.117855365308877,24.619388449915593
168.20000000000002,17.99587053383984,23.866830916591347,19.849359842091413,21.221224442092677,26.417163275545654,23.0041320673481,23.905268021567544,20.42138606299053,24.126838843011267,24.63520153052847
168.4,18.003807549838108,23.881329233271448,19.860686871169577,21.2308657849344,26.434716682983062,23.019208738054438,23.911677385382745,20.426024525006678,24.136926694342478,24.65130816732226
168.60000000000002,18.01221667625259,23.896047496151787,19.872561252862397,21.24043614164207,26.451732382029473,23.034162804952356,23.919324671236467,20.431266849725187,24.14830179045874,24.667508912171726
168.8,18.02167430530746,23.909592710043967,19.884263060953295,21.25013288887615,26.466983214497226,23.04856123286132,23.927189522965993,20.43637027972702,24.160280936553573,24.683333413629715
169.0,18.031301846638996,23.923348257961695,19.8956947870642,21.259639167654232,26.482490883346536,23.063222743731068,23.93663906720074,20.44182186380633,24.17155481794776,24.69949074264327
169.20000000000002,18.040787006899162,23.93846389269301,19.907500503593692,21.268575974065897,26.497101173639138,23.07935464181743,23.946137473124256,20.44855956918262,24.18309722861351,24.716260280504358
169.4,18.050589676736752,23.952930274024776,19.918678015776337,21.277616281783114,26.511782984375397,23.095491166407925,23.95474694304759,20.456807400997548,24.19489370063651,24.732694347891147
169.60000000000002,18.060084893964387,23.96666693612001,19.93064587459909,21.286836320768707,26.52554195901783,23.111128784332088,23.96357594778797,20.464510026821404,24.20647367780463,24.748465938522145
169.8,18.069159970745886,23.980254739995456,19.942379340658317,21.29573134317299,26.539036065964385,23.12624526574456,23.972819061688362,20.47301138158775,24.2169747265842,24.76429172991446
170.0,18.078204093896147,23.99454175802499,19.9533461661326,21.305820954573992,26.552244662170033,23.141455103423272,23.982164364678958,20.48299045985958,24.227851221256735,24.779496931418844
170.20000000000002,18.095225482519087,24.023086931377566,19.975176939994302,21.32706042333394,26.57971576571683,23.170888106101668,24.00454739991869,20.50378630395442,24.253159127951434,24.809981348615267
170.4,18.112308918754135,24.052490382569992,19.997505333173695,21.348904830564752,26.608465262725282,23.201289163176366,24.028046938449407,20.52581976490932,24.279063503466492,24.841375219921176
170.60000000000002,18.13338554717423,24.0848730084328,20.021481958142445,21.373209733880692,26.638645759710617,23.23393877814416,24.052127975407913,20.551759808414378,24.308359179446114,24.875486290524833
170.8,18.155932176629396,24.119522084006235,20.04880456089696,21.39990247902062,26.67017092780545,23.267261252808375,24.07849395623681,20.57902134903811,24.33877149959756,24.91067174224814
171.0,18.179094567938897,24.155791681572282,20.07874058114942,21.427640755939198,26.704822379214484,23.30079489162175,24.106485306358643,20.607372956471448,24.37121031952471,24.946768899032378
171.20000000000002,18.202678614877527,24.194147741138643,20.10932617006858,21.455840355393697,26.741405421021682,23.33543124459613,24.135888549744955,20.636618703657927,24.403742514826696,24.983285089690067
171.4,18.226165122411548,24.23306092423567,20.139659612790823,21.4838074140114,26.778995637137935,23.37019298277484,24.164822789697507,20.66492543335957,24.436269164156,25.01989948007016
171.60000000000002,18.249611910316176,24.2715031555308,20.16924316545027,21.511237655664388,26.8167151334609,23.404672079054873,24.194210590973313,20.693547764955422,24.46865117221715,25.055889827994324
171.8,18.272956902381406,24.30927605029592,20.198034734700087,21.537461358738085,26.854627859921866,23.437540419200715,24.22339039462212,20.722025706130527,24.49921793549237,25.090993057614313
172.0,18.29649802492521,24.34576235594461,20.22704511153853,21.563713597250615,26.89133923144555,23.46990140262969,24.251582136513736,20.750713529830406,24.52904979390838,25.12555085907513
172.20000000000002,18.320489796413703,24.38055074241974,20.25648623753827,21.58945172131812,26.92732508423459,23.50164270127196,24.27895545358515,20.77977825961947,24.55667269269678,25.1591855693502
172.4,18.343671658467187,24.41396305522543,20.284502448090855,21.61424366827985,26.961995414070966,23.53300253627663,24.304499590599146,20.807715034721078,24.58315977112016,25.191766214254287
172.60000000000002,18.36554416231253,24.44630436313238,20.309979338505975,21.636913930552307,26.99430540351934,23.563772359627052,24.327804642508763,20.833621854779498,24.60844941938933,25.222765832873776
172.8,18.385760701991515,24.476725921913086,20.33376230016168,21.659585193929868,27.02490578216197,23.59344967693181,24.349030170995455,20.85778191171945,24.63336973294613,25.252050528179524
173.0,18.40416467191081,24.506122604556566,20.35567343112016,21.680352380008046,27.054383753755417,23.62269884785771,24.368066505008574,20.88015121631025,24.657346873985517,25.280223223722253
173.20000000000002,18.42004152943808,24.534998945193852,20.37541139173723,21.698940708628626,27.082268243855253,23.651882327526668,24.385577480574135,20.901414724582363,24.681295093903817,25.30800892059862
173.4,18.434489949198728,24.564125480195397,20.394560931172652,21.716867946120896,27.110370617717464,23.681128383579402,24.403517745096284,20.921017403837194,24.704676540687068,25.336225590951727
173.60000000000002,18.44907537754532,24.593495866521152,20.41367102782087,21.73486554356548,27.138912637420116,23.710361652716447,24.421058323559432,20.9399605831958,24.728627754621844,25.36444789586607
173.8,18.462945545487017,24.62375717566059,20.43208997399505,21.75370549623804,27.16920204078657,23.740743426323455,24.438548395067382,20.957766527726513,24.753277208955357,25.39248539661114
174.0,18.477234556481033,24.654811164314566,20.450827260207973,21.77264639811055,27.20081466098425,23.77309261309321,24.45470183890541,20.975882058491674,24.778807075423536,25.42139829989515
174.20000000000002,18.492057279078566,24.687199430905686,20.469340135118077,21.796552512330102,27.236377575941393,23.80604226158528,24.470536991762255,20.994310285932034,24.805005533043293,25.45104224109158
174.4,18.50655110681118,24.719048910007235,20.487311843173117,21.822125963545275,27.272730544135516,23.84031362157149,24.48576613745776,21.012982059797434,24.831010200667063,25.481005490789798
174.60000000000002,18.52089530844104,24.752238232549782,20.50536938509743,21.84735703945671,27.30883261006175,23.8745969422605,24.50110299744584,21.032034977298956,24.857553864664197,25.511826181193555
174.8,18.534772177848787,24.78626052173514,20.524701720804433,21.871867046236247,27.342740448706405,23.90848015513039,24.51700526961593,21.05497035736232,24.883816874977132,25.542594560147748
175.0,18.5489777054176,24.819893036432443,20.545699531357453,21.894713885624355,27.375413605104587,23.941809130120472,24.534011198475227,21.077829713377522,24.9087438515246,25.572619368818128
175.20000000000002,18.56263098550671,24.85323296554713,20.56818018012047,21.916916297437638,27.405818955559013,23.974202864319018,24.551451832407764,21.100519639235934,24.933071134540047,25.60231566840813
175.4,18.57614328607898,24.886102017237857,20.59423244625668,21.938664757804823,27.435714920472897,24.006268326999795,24.5710229778952,21.12254461597985,24.957389613036153,25.63123961865641
175.60000000000002,18.589194990198973,24.91769785138769,20.620268184950408,21.959884634688965,27.46460910170216,24.038212417032597,24.591143546759355,21.14462405814467,24.98050724007877,25.659715029862216
175.8,18.602252621233674,24.948649850546346,20.646502153463594,21.980731303284323,27.493224666156102,24.068163085660068,24.610612415860135,21.165913993489347,25.002053893801218,25.687836209704095
176.0,18.6143593914981,24.97952267631332,20.67226849180012,22.001794791851356,27.521631004754596,24.09817467671681,24.63137800028972,21.1856533129414,25.02351790994273,25.71564851603624
176.20000000000002,18.627139622043487,25.010347626203487,20.69735655972593,22.02261279401108,27.549867115030207,24.128259330803214,24.651927179276193,21.203911261300583,25.04462263927877,25.74397512527036
176.4,18.639419042410548,25.041740372350993,20.720858176707925,22.04400737697885,27.578966471906554,24.159359875178883,24.671994391081256,21.221745202039294,25.06610262689087,25.772713301676845
176.60000000000002,18.651712539095147,25.073330000531087,20.742814784774268,22.065157742839023,27.607696307831176,24.1902748663789,24.692108722176627,21.239019985453908,25.0878487224335,25.80140682806919
176.8,18.663887190970932,25.105289243864746,20.763033251470663,22.08639484101978,27.637892073881915,24.221616100556187,24.711283902561327,21.25583591613341,25.1110354001479,25.830935729509132
177.0,18.67565305424979,25.137139782456135,20.782564962375158,22.108471895153173,27.66910374563856,24.253970250217844,24.730758932633307,21.27271567430176,25.135718793865337,25.86051165408927
177.20000000000002,18.686939414058966,25.169072111832854,20.801717900346016,22.13079148971957,27.699875007531798,24.28705468981926,24.75082239089948,21.290424307094437,25.159979677762582,25.889897080774308
177.4,18.698714159587308,25.2008843848616,20.819807641707264,22.15407292295304,27.73119890211721,24.321016275775197,24.77124489756262,21.307828054588242,25.1841346599195,25.918689294235964
177.60000000000002,18.710220936645435,25.23367899363724,20.83779107982267,22.178612164450843,27.76321480008898,24.354442117394523,24.79161347986887,21.325406054716993,25.208559889263956,25.94732177833544
177.8,18.72186485100177,25.26637691730763,20.85602698260647,22.2036603046427,27.794762158988068,24.387170993942703,24.81164944632788,21.342809960883706,25.233970112062654,25.97539291532358
178.0,18.733091017846952,25.298060662585947,20.87410047379231,22.228202107378397,27.82684488710679,24.419710006182367,24.832251466099223,21.361395313000166,25.259218462549228,26.002272722552153
178.20000000000002,18.74397274333123,25.329431715451786,20.892667074971758,22.2519595247358,27.85908409672442,24.45094578087005,24.853733995770952,21.38062018179148,25.28489195421359,26.029265136724575
178.4,18.75510600290159,25.360108548507455,20.912363159275397,22.27595967384055,27.890068713233273,24.481898183179993,24.87595800392887,21.400180870900193,25.31029911001103,26.056545437533714
178.60000000000002,18.766733796120747,25.388443922135572,20.93558046997288,22.298807988479062,27.919704509198695,24.51289170170531,24.898854950844672,21.41980975822999,25.33537739195884,26.084111084615227
178.8,18.778279572905912,25.416623748872066,20.95988139635681,22.320968594093703,27.948509969311363,24.543746855346342,24.92311431201388,21.440048802879595,25.358811637786854,26.110976721615014
179.0,18.789084752968982,25.44351965277175,20.98411894129504,22.342307681765107,27.97653424933744,24.57370822287211,24.947869584547053,21.460180912086667,25.38202066325795,26.13676316022089
179.20000000000002,18.800914252048273,25.470565197746243,21.008048958541305,22.363239498543834,28.004853757993597,24.603331803981206,24.972311538444217,21.4797354533533,25.404940446187272,26.163798769802565
179.4,18.81232283971002,25.496940257591298,21.03121376044739,22.384504286074066,28.033986586439458,24.632862056827108,24.99621121110497,21.49947630279308,25.427522492191724,26.19165550151436
179.60000000000002,18.822924735780507,25.5224233607982,21.05271425184528,22.40534918795597,28.063868558065458,24.66275717967981,25.02030560573418,21.518013029565438,25.44974760485035,26.220434768919137
179.8,18.8348488069092,25.54831188093023,21.07338653526544,22.425429708365353,28.09467779087001,24.69297040259794,25.045094908797868,21.535117067266462,25.471370027105458,26.249180981247417
180.0,18.846588067048124,25.573379721448138,21.09309446512032,22.446601587565237,28.12602418417442,24.723036422863956,25.06950419259411,21.55286983641974,25.493198329697158,26.278506883052238
180.20000000000002,18.857573799188298,25.59825757457284,21.111642203358468,22.46833777841752,28.157830337181863,24.752149885922037,25.093230453729536,21.569751172869307,25.516054731167223,26.306237229751527
180.4,18.86819551896189,25.623291472579464,21.12926952645416,22.490934471743802,28.189616049251853,24.780067482003094,25.11598644961524,21.585774905594747,25.539017079462912,26.33405207890248
180.60000000000002,18.8790071100573,25.64866771692727,21.14651882554138,22.513941171255908,28.22328760295563,24.80711989783611,25.13881554981361,21.601005489382654,25.561718274650396,26.361685682784117
180.8,18.889923994895966,25.67437262488801,21.163350927401464,22.537724882316578,28.257597130285586,24.8332377392652,25.16042227139725,21.615940593768258,25.584185461924868,26.388060583573303
181.0,18.900409439050247,25.699861048522635,21.17982452995719,22.56242806443825,28.292072845177458,24.85857583467753,25.18124667733744,21.631265203434246,25.605870936721196,26.413748905230808
181.20000000000002,18.91181504859366,25.724687751070007,21.196518456891294,22.587934063936377,28.325690337886673,24.88288045278908,25.20270607048079,21.64715706466615,25.627048567059816,26.439921578514067
181.4,18.922971752120414,25.750507525719335,21.214017584422884,22.61314593369858,28.35776302601892,24.906735058274037,25.22392366303926,21.66368398343488,25.648221822635325,26.465110377965015
181.60000000000002,18.93351986876489,25.77575671854876,21.232125761720848,22.637869053734658,28.38881257923733,24.929971532103178,25.24514892033582,21.68056312708805,25.669278449722604,26.491210210173985
181.8,18.944543116164976,25.80193103189708,21.250511514547576,22.6624199295568,28.419036054905067,24.953171868016607,25.26734655717461,21.697232131538392,25.69034201032758,26.517480882195088
182.0,18.956227206469737,25.827705845308095,21.270057224084248,22.686626189548647,28.448567311145034,24.976344211016336,25.290543508282568,21.71463755407948,25.71126384700739,26.543176275706873
182.20000000000002,18.967508891469823,25.85419886760722,21.290126360335343,22.710693381598627,28.478200467945385,24.999943507419186,25.314426037692396,21.733388742570448,25.732218456824,26.568988536777468
182.4,18.9780739007089,25.8813609636238,21.311041460940668,22.73394669691021,28.50742988264986,25.023138282713898,25.33945757580574,21.75314771421466,25.752520813184375,26.596038069328966
182.60000000000002,18.989136967166267,25.907941367148563,21.332237932179396,22.755552009363182,28.537090654525034,25.045996626049202,25.36376100311166,21.773140117333327,25.7738387380834,26.623847659714677
182.8,18.999178185480975,25.934782640764567,21.353063179730913,22.777262722681648,28.567238656582575,25.068361332574455,25.387680194655818,21.793703358382025,25.79468453412713,26.65228051265693
183.0,19.008577752983108,25.96210956644596,21.37308997171981,22.799332918550554,28.598099294880715,25.090860879162957,25.411671895641902,21.814070109435665,25.81570494674781,26.68122488571392
183.20000000000002,19.018473612694248,25.989840979580794,21.392281839197754,22.821772654356067,28.629203926601086,25.113781211829544,25.435019976919467,21.83424016954452,25.837295393592996,26.71044125715247
183.4,19.028360155948953,26.01737839795528,21.410804374123693,22.84523002474172,28.661107716926864,25.13725273260225,25.457660210524658,21.85346176309082,25.85752607030251,26.738100861422375
183.60000000000002,19.038120108325312,26.044943977037075,21.427399640032128,22.869318803786495,28.693328374083077,25.16061996261627,25.47929741579346,21.872084204742684,25.878474667944772,26.765604684024385
183.8,19.048063413147162,26.072071151685062,21.443404784369,22.89338251757008,28.725745123901135,25.18373713510702,25.50041057814349,21.89027118941062,25.899216483890985,26.792564417548647
184.0,19.057938891118294,26.098227358237487,21.45919822354256,22.918166814126867,28.75798019589895,25.20705461047651,25.520425960932275,21.907832531974567,25.919330539323013,26.818506865976232
184.20000000000002,19.067163412457646,26.124687861242254,21.474097673844526,22.94303163338512,28.78988707801344,25.230132310185027,25.540419279419403,21.925273884552613,25.939324108091046,26.845080528346212
184.4,19.077029970058852,26.15061278821248,21.487735213575863,22.968613221183734,28.821573332135316,25.252442435287556,25.559937702601317,21.943244520420652,25.959271061950997,26.871342581329788
184.60000000000002,19.08756525640218,26.17713137532092,21.499933138997378,22.994239178590224,28.853352013992684,25.27505476521654,25.579861427944312,21.96159557746068,25.979103819030595,26.89692294724696
184.8,19.098205931520525,26.20382445525182,21.511885712717227,23.019915734207245,28.88427814506724,25.297423528701515,25.598750124312897,21.97970881931044,25.99960139181702,26.92124351876151
185.0,19.108860425043012,26.229845269117302,21.523875567291945,23.04541997841987,28.91464434432704,25.318935705406595,25.61643686726977,21.997551216054397,26.01974124391434,26.945412663055105
185.20000000000002,19.120602602316676,26.25568545818117,21.53589057782139,23.07060410842394,28.94474187875539,25.340366870679293,25.634197458412753,22.01531257670916,26.03953877953293,26.968456478735323
185.4,19.132213273899538,26.28138291851139,21.54846416656727,23.094674057398315,28.975353095762348,25.361337918782638,25.65216275915525,22.03292416814721,26.05819329878781,26.99105392016441
185.60000000000002,19.143674978735774,26.306564886356618,21.561030061818784,23.118440632842436,29.00597181755861,25.382290150297102,25.670828338597296,22.050932503555398,26.07723758233439,27.013162569937577
185.8,19.155277022353637,26.332045277771687,21.573942043304182,23.140653489448205,29.037050774595958,25.40278866249833,25.690244279093722,22.069520198113853,26.09727825692368,27.03556240219206
186.0,19.167516332066118,26.35720198624058,21.58757862023509,23.162873561622177,29.06883934896471,25.423024276179678,25.709619125950496,22.088502431356954,26.117967835412166,27.05807425736207
186.20000000000002,19.180421344306044,26.383257146196215,21.601705062519397,23.185450381179407,29.100812852004392,25.442791576396008,25.729844151892326,22.107784120965462,26.13804572988669,27.080661534015906
186.4,19.19318717597357,26.409713099085902,21.616688173449354,23.209020028703744,29.13389864688536,25.46234653935621,25.750079963817015,22.127225936513327,26.15766995979931,27.102777719079146
186.60000000000002,19.206039200233235,26.435512325180312,21.632474880292257,23.23275758748857,29.166501407650216,25.482088144158084,25.770181918707305,22.14655405401206,26.17657991166658,27.12390292032407
186.8,19.21826037653742,26.46114012497422,21.648552603967484,23.256218085294783,29.198272136036024,25.50183059402897,25.790781536514412,22.165333761481268,26.19605740441362,27.144912052765584
187.0,19.23029813492188,26.486465383150275,21.66440374083601,23.27891709483105,29.2292138512884,25.521458157432285,25.811678913659186,22.18469512376134,26.21625504611101,27.166049942954167
187.20000000000002,19.242000036267154,26.510663752574835,21.679982390573716,23.302778168826457,29.259391632888786,25.541612536173613,25.832446574628523,22.204238177133497,26.236104494116077,27.187705626571642
187.4,19.25338936126906,26.53522462072019,21.696099949867765,23.3259160456431,29.288838634258383,25.560958039551135,25.853026708691146,22.222983877177068,26.255490724116463,27.210939636509877
187.60000000000002,19.26573913026658,26.5601545403604,21.711358875894284,23.349514642256317,29.317690519676407,25.58042014338919,25.87451148781827,22.240935308937424,26.274489548173424,27.234026327497844
187.8,19.278052698736143,26.58545814166509,21.726283566171404,23.371795428871682,29.346328823037805,25.600618765298872,25.895678383935508,22.258285681873943,26.292456868759874,27.25727622873247
188.0,19.290461765670084,26.61044514068786,21.74019798298909,23.39386243091048,29.374275437662245,25.621216956185073,25.91670674711104,22.275400185390026,26.310537959536042,27.28050438331586
188.20000000000002,19.303371935127362,26.6359920122013,21.754810286961533,23.416053279692903,29.401664882994123,25.642541054671888,25.937716983780348,22.292960704875615,26.328398917303044,27.304203680069833
188.4,19.31717496042825,26.661382565399297,21.768559986082693,23.43811403564893,29.42927382598543,25.66341063099076,25.958351666789795,22.310939686628185,26.347353269111622,27.328173203646003
188.60000000000002,19.331493469252283,26.68727612196885,21.78215084344442,23.459837913443053,29.456734365491748,25.684979386181357,25.979734033030287,22.329463488904477,26.365973222748547,27.352868300880257
188.8,19.347207084319134,26.71417640569838,21.794839051075463,23.480821483382503,29.484379696011803,25.706159927064803,26.002098701381662,22.348648775817512,26.38485405846964,27.376497573689193
189.0,19.36316149137893,26.7411868837076,21.80892589828285,23.501072776899097,29.511877862662626,25.727925132604707,26.02483445860248,22.368597152911104,26.4046782477693,27.399526656154872
189.20000000000002,19.379431305319137,26.767349290912186,21.822268321662282,23.521721749179807,29.538679481554045,25.749737836920875,26.04667012278088,22.38920509452814,26.42478053924984,27.421749474591223
189.4,19.395970656272418,26.793242446824333,21.835888876396425,23.542533837035922,29.565559259754576,25.7718811084366,26.06756034119521,22.41036907961022,26.444516623481295,27.442920602518793
189.60000000000002,19.413146109805385,26.81935275254118,21.84912775055338,23.563254079374666,29.592516263610044,25.793417320443975,26.088456884003474,22.43180073535257,26.465098184266225,27.46293705504946
189.8,19.4305438392818,26.845959119617834,21.863167665558613,23.58414361700184,29.61971708860367,25.8147276830065,26.10879343220842,22.452662618363558,26.48641900681693,27.482191324232943
190.0,19.4478680713857,26.87167451957621,21.877018793439362,23.604616203375297,29.646824010721463,25.834844430321947,26.12851880768801,22.473544734625484,26.508033689676108,27.50052247524098
190.20000000000002,19.46482398829299,26.897220964624914,21.891241419246764,23.625923594881566,29.673431333636948,25.855204278670833,26.147907719443566,22.495320440831815,26.529405829032758,27.518881411905966
190.4,19.482307861167193,26.923811110210675,21.90857433370167,23.648962505287553,29.701943011365962,25.876871685184245,26.167490049000982,22.51743248634658,26.5516206428064,27.538545635348793
190.60000000000002,19.501010438288688,26.952029199515085,21.927764952899874,23.67402994670151,29.731158087290545,25.900158651653786,26.18790833645747,22.54010704081383,26.574647964279514,27.56018262168339
190.8,19.521537249336173,26.982888298999914,21.948080234956084,23.700391963253992,29.76180346630834,25.926362462275634,26.21114454526205,22.564219995596115,26.59933261490576,27.58590153680811
191.0,19.543150924405765,27.01453409170697,21.970347368626634,23.72831960057919,29.793600120771604,25.954065403727117,26.235900324529716,22.589338965342787,26.625718641452316,27.613429174411824
191.20000000000002,19.565242797898534,27.046635066975497,21.991755920450146,23.75630825684824,29.82597808686355,25.982965443135672,26.261742588799958,22.61504417268861,26.653251092615488,27.64288685655803
191.4,19.588017001370613,27.07930696684248,22.013583800210355,23.785210637114265,29.858904993224012,26.012467113091308,26.288202137514496,22.64183056357775,26.68174541560195,27.672689293503986
191.60000000000002,19.610487589782277,27.111507318985762,22.035506651116428,23.814203688819454,29.891091477790585,26.041420770135737,26.31327104764539,22.668901581305956,26.710676643918138,27.702276416547697
191.8,19.633233129709126,27.14278954734842,22.05688655671982,23.842043810517985,29.922353889003922,26.070056404185546,26.337567424252608,22.695922812380267,26.73873912608048,27.731713779627363
192.0,19.655364223575457,27.173336201788295,22.077694776520612,23.869213631443493,29.952576565538866,26.097705911587198,26.361860310884893,22.722098162896906,26.764701627245174,27.760759846793047
192.20000000000002,19.67678329276066,27.202663323272894,22.097998860573043,23.896076661175282,29.98182903678019,26.124205658986995,26.385733815854937,22.74747650552401,26.789864385021136,27.787807142770493
192.4,19.69716127692513,27.230633811498656,22.11681887924817,23.921024307929752,30.008093127283416,26.148874770326625,26.408565448567355,22.771420436481876,26.813496820694684,27.812289076021575
192.60000000000002,19.716039084927857,27.256988528738443,22.133753136214956,23.944954354665366,30.032439954679525,26.171475820337964,26.428667609822213,22.793807051177268,26.835080799942325,27.83471213815754
192.8,19.733345007497874,27.281575135435702,22.148207086206483,23.96779373372723,30.054227970369144,26.192111828962386,26.446033832305638,22.814783880599478,26.855265993452885,27.855025103249673
193.0,19.74894042858097,27.30482360820595,22.16029941684776,23.98988945024295,30.075349247241164,26.211565749713337,26.461104309654523,22.83460955246497,26.874784802035034,27.87467777607152
193.20000000000002,19.76311559834069,27.327883954189744,22.1705614337885,24.012056885665174,30.095230302050478,26.230883992274585,26.474924856225265,22.853480000711865,26.89419072306585,27.893488372355918
193.4,19.77624558608723,27.351038918724583,22.180309956699226,24.034149395779956,30.114462540878026,26.249322238384597,26.48749866959586,22.87205383870292,26.913479709225697,27.912073555138704
193.60000000000002,19.789096446952456,27.374389498774217,22.18978878008428,24.05610980837234,30.134347424410752,26.268311619824182,26.499747306762117,22.890338948497863,26.93373973902121,27.930221944528945
193.8,19.802039619602393,27.39864305747831,22.19930905164553,24.078062953049432,30.154969648078122,26.290022287879616,26.512064931083017,22.909375974738516,26.95366384989267,27.950123934146358
194.0,19.81541984000554,27.423239056857916,22.209003625000932,24.10073698527664,30.176618683810286,26.312990780385604,26.52502685862987,22.929522559370426,26.97400078833103,27.974205626425338
194.20000000000002,19.829476827746053,27.448667379882583,22.21889997173733,24.124328639133928,30.200087488591194,26.339255181600002,26.53869516026254,22.953236157193725,26.998411387969593,27.999007694738598
194.4,19.847811277898014,27.474534310340324,22.228698341648386,24.148272568818214,30.22452894835899,26.366234598534447,26.558545832031687,22.977480801318706,27.023156404173385,28.024000906977353
194.60000000000002,19.868183708474085,27.500007618027833,22.237451090252694,24.17215077826167,30.249607908599938,26.392942486508673,26.57759264400129,23.001969658340702,27.04822114010494,28.047095133812448
194.8,19.88912143912522,27.523831307327114,22.24658755060996,24.1956811977029,30.275876778105367,26.418856722533086,26.596858444335293,23.025814572674093,27.07261848259291,28.068542721562075
195.0,19.91005814677844,27.54776221281158,22.256242538493744,24.21930785993045,30.30185450354389,26.44359170946939,26.615574825326977,23.049073354384696,27.09575255796559,28.08913741953994
195.20000000000002,19.93041970308081,27.57104038617184,22.266490046832995,24.242482000300146,30.32758166138026,26.466500018511894,26.633615692554212,23.071411626605663,27.11752289595585,28.10813102269448
195.4,19.949895990184444,27.591880454179552,22.276895077290096,24.264501198544703,30.351689462079385,26.48870832667143,26.65101508033596,23.092207358679822,27.137457324254676,28.125534996331112
195.60000000000002,19.96818806599511,27.6116054007583,22.28781593585738,24.28566456029311,30.374646618701636,26.510051051522154,26.666704294868282,23.11185261942598,27.15665828594511,28.141974769192654
195.8,19.985349307962235,27.63087417178205,22.29894046929625,24.30687493558414,30.396145045866835,26.531356613973248,26.681392853260494,23.13090682540081,27.175821784043233,28.157210806785347
196.0,20.001446601607398,27.649591941876714,22.310043604500343,24.32749902109283,30.416712002347598,26.552638582470017,26.694538988434566,23.149667016956972,27.19510796093108,28.173101880961944
196.20000000000002,20.016851648264193,27.668507127584757,22.32166191120366,24.347859527096848,30.437689754033748,26.57471406026539,26.70663078233799,23.168527442804375,27.21516996343397,28.187886551546864
196.4,20.031780172857264,27.687012451561657,22.333794713582027,24.368356457492467,30.456888308311868,26.597467841957968,26.717855397342376,23.18744049963199,27.23507823620704,28.2022943871781
196.60000000000002,20.04652825750598,27.705963030489446,22.347003703902484,24.388621456503405,30.475372972664882,26.622500334406595,26.72878025902371,23.20667049155798,27.256102690106484,28.218001838476297
196.8,20.061750468747075,27.725377365966718,22.3611253289956,24.409705740584627,30.49381718290981,26.64903116039209,26.740360617510834,23.226436627472697,27.278205828993293,28.234363846445408
197.0,20.07731257576912,27.74518691681948,22.375441434422388,24.43000907276647,30.512794117601423,26.676942888626904,26.75175331831426,23.247217718767697,27.302050504558288,28.251555047448925
197.20000000000002,20.09368053371432,27.765302301741706,22.3898374280662,24.451263523986274,30.531434033269527,26.705357866375877,26.76329918960854,23.269588448409152,27.326167034204456,28.26931064540523
197.4,20.112655601441517,27.78591718122615,22.40431623011677,24.472327323464864,30.550706420038324,26.733190348230448,26.775114960443307,23.293041759455075,27.351119008416905,28.287921376628287
197.60000000000002,20.13222384039766,27.80715188010433,22.418751949053863,24.492574040307286,30.5701705907823,26.76045605203058,26.786992925980307,23.317315789979446,27.375731086187052,28.30572890064831
197.8,20.152100021495215,27.8279265830007,22.43360165947009,24.51269847594163,30.590162944697102,26.78719525981743,26.79915984369037,23.34197479890987,27.400001003643474,28.32360935494174
198.0,20.17156734360383,27.848068655151764,22.447869930032006,24.531479286472564,30.60977481173272,26.813040169963973,26.812692262922496,23.365894906741897,27.423314075069307,28.341480905989926
198.20000000000002,20.190462670950275,27.867765930964893,22.46226863271192,24.550014626339124,30.631132812365298,26.83771080277069,26.826538296556055,23.38914061010871,27.44550870245976,28.359559525643057
198.4,20.208549214224025,27.886894213752107,22.47557194288679,24.568423619128296,30.652354721602876,26.86129940382561,26.840825458043682,23.411464770141993,27.466608392524506,28.376107237630773
198.60000000000002,20.22559351449263,27.90570711574319,22.488072664072515,24.586086953370856,30.67356417783135,26.8838703783763,26.854963733703617,23.433394814248754,27.486836660501123,28.392016183492526
198.8,20.24186424856127,27.924491630535453,22.500885422141486,24.603297573507824,30.692757815919073,26.906130987161696,26.869651901785822,23.45512475099261,27.50677943699434,28.408103761985394
199.0,20.25754561977863,27.94370501524864,22.513524090367735,24.62087912521477,30.710810470617066,26.92885032525333,26.88390101930775,23.476171026565,27.52585368735481,28.423535881802916
199.20000000000002,20.272906221327524,27.962764757981017,22.525976151558666,24.638150522902208,30.7281754663784,26.952276965437008,26.89765982353396,23.49698346582256,27.544684952736972,28.438517447198947
199.4,20.288093116986154,27.980608793512346,22.538601469223362,24.65558925201845,30.746103582097298,26.976525679841917,26.91182637506912,23.517988058493653,27.56313608359865,28.453502399977094
199.60000000000002,20.303446558538372,27.99861054828982,22.551206231142256,24.673458776801358,30.7631449977595,27.001246712211245,26.924767800864924,23.53909343825111,27.58227711748489,28.468708878753127
199.8,20.318896958410757,28.017189886502116,22.564038175243688,24.692412617088607,30.780369606375295,27.0264891775966,26.9366685039036,23.56039755550061,27.601822612462218,28.48370819807933
200.0,20.334783024789996,28.035966228405627,22.577274536512416,24.711371561261082,30.797067960095355,27.051934919955947,26.947811441637874,23.581924406229284,27.621735080076036,28.499429576972727
200.20000000000002,20.347135618600316,28.04811243966082,22.58607140169441,24.724696745926643,30.806389615195243,27.07106590218741,26.951867025134828,23.59900196702187,27.634667750426928,28.50858268361831
200.4,20.360274286576495,28.058916833811114,22.59541665345189,24.738656985574256,30.81471677556579,27.089971643782093,26.955811256630355,23.61599302534391,27.64743268480263,28.518208584514454
200.60000000000002,20.373726677041542,28.069909583976553,22.604876785251058,24.75119606659563,30.822019360357825,27.108578563673614,26.95992659688995,23.633371182527853,27.660110117327836,28.528098818722384
200.8,20.38741505748964,28.080431257257708,22.61476934519852,24.763331700529985,30.828928213148412,27.12647979821718,26.96487388422104,23.650542011804255,27.672407435211735,28.538262795188515
201.0,20.401133719908415,28.089661269143832,22.624523572324037,24.774063620421614,30.83641300944344,27.143802093166794,26.968655691186683,23.667539292320736,27.684611126818343,28.547605190150968
201.20000000000002,20.414646760207106,28.098006302074715,22.634558391079832,24.783330229571135,30.844523423752722,27.16129034921696,26.97311696377365,23.6845589040585,27.697135948148187,28.556459457429515
201.4,20.427860429131393,28.105372461920716,22.644420202060875,24.793237433356065,30.852388578208252,27.17908510884711,26.978572623500398,23.700840759691715,27.70939112958342,28.563515302545916
201.60000000000002,20.4400189905144,28.112658587354925,22.654159975238436,24.802845402457862,30.859212163800013,27.195941999001363,26.98375354127779,23.716379993513833,27.722928049893927,28.57095902689611
201.8,20.451561170024004,28.119902239569093,22.663697606018847,24.812912841308506,30.866482574866154,27.213090280261227,26.989297670667895,23.731715424993478,27.73633070218707,28.57785435717223
202.0,20.46261421656395,28.127806337379315,22.672531959721816,24.822693544887564,30.873253426340604,27.230648177035643,26.995865741197314,23.746498775109306,27.750641287275705,28.585019204653975
202.20000000000002,20.472907988101273,28.136025110459716,22.68070901930983,24.832760582906484,30.879131543687677,27.24885618726015,27.002110488755676,23.760969016726698,27.76408510424189,28.592011781213582
202.4,20.483386546479977,28.14359907314705,22.688397535953662,24.842771219562096,30.884512130526915,27.266350740252882,27.008469334899956,23.775480275559882,27.777168470707988,28.59873767313312
202.60000000000002,20.493794747817322,28.15074214181428,22.69589030249114,24.85277361745257,30.889701310242618,27.283143779254438,27.014914628593875,23.790218226739572,27.790727235926727,28.606095708905062
202.8,20.504692951160845,28.158929199765943,22.70346822055711,24.863062129276813,30.89593848945772,27.299618958538538,27.02104953058777,23.804680464583438,27.80412487321412,28.61497326094518
203.0,20.515639914708256,28.16840973192249,22.710813354799708,24.873724512474006,30.902182331711895,27.31583456212457,27.02701839730284,23.819152740820613,27.817790055561918,28.624228454558885
203.20000000000002,20.52670283514551,28.1780765884721,22.71776912827577,24.885406954208133,30.908145846361503,27.331038818518405,27.03235907025705,23.833936403674553,27.831125233254166,28.633118109315244
203.4,20.53824717546815,28.18828789710054,22.724841514298458,24.89710696532049,30.91395657812512,27.346242461033025,27.036662151316644,23.84921271187637,27.843399101677186,28.642686604525725
203.60000000000002,20.549672174910175,28.19783844998986,22.732022887277708,24.908976092594543,30.91903965022722,27.361402889789012,27.041123176619458,23.863597257440187,27.85586830116374,28.653218461622625
203.8,20.56143362580708,28.20622625307246,22.739722717536235,24.92055975271224,30.92511379144641,27.376441185560186,27.04522347068003,23.87825013589844,27.867737760140148,28.664385471313658
204.0,20.573344027635596,28.21370425456612,22.748189160623767,24.931948880641187,30.930710999480038,27.39167729372284,27.049460759712783,23.892946287290634,27.879132544538397,28.676298780606686
204.20000000000002,20.585507013428387,28.220583602609143,22.757745066684105,24.942326286896677,30.936441191505786,27.40631357501492,27.053225223311745,23.906912662507356,27.88980156160579,28.688625854859243
204.4,20.597660412068645,28.22665632027606,22.767013677092905,24.952887656628814,30.941519620608975,27.420945769414942,27.05635085270866,23.919991441782063,27.900375662194207,28.700191039209656
204.60000000000002,20.609350317706163,28.23204085450349,22.77639689032178,24.962839823332104,30.94597332055551,27.434603839558534,27.05868586833606,23.932980955076218,27.91097430656138,28.711364128228112
204.8,20.620283596841407,28.23660429156557,22.78598252741371,24.97252609830541,30.948780320482303,27.44888196686963,27.060232095199265,23.94562029632412,27.921228541543964,28.72228298901759
205.0,20.631296679426452,28.24112046464079,22.796005584818978,24.981913591637426,30.95131577920821,27.463883309595836,27.06138297754393,23.958207412970577,27.931051046189342,28.73335993736434
205.20000000000002,20.641687045833205,28.246177251587945,22.80629672697493,24.991718724170504,30.9549298592937,27.479113988294284,27.062599490545967,23.971116059311516,27.941069599363495,28.743049043082873
205.4,20.651437627372065,28.25114790597635,22.816490575783238,25.00182016571628,30.959335888062043,27.49378992334661,27.06404953082814,23.983925760659663,27.950715988918915,28.753138149545027
205.60000000000002,20.660621856913476,28.257384898471788,22.826759990946826,25.01205562784774,30.963754062236404,27.508266976007402,27.065680244480912,23.99689249913205,27.96005323860357,28.763174429458804
205.8,20.670074725291688,28.263570790682873,22.836524633410264,25.022568086633505,30.96893921446112,27.522897443205828,27.06691407996768,24.010159331358313,27.969434087622133,28.773833887826378
206.0,20.67938656503058,28.269917747223126,22.845801425616873,25.033460771179406,30.973740366045657,27.536586657523518,27.06829374721654,24.023872882664875,27.978818575779954,28.783904116727523
206.20000000000002,20.68856467513299,28.277133376534245,22.854841699677277,25.044911255916503,30.978210769112298,27.55002486419334,27.070569099923755,24.038315555302592,27.988451834904065,28.793214741252374
206.4,20.697968892895467,28.284713675618463,22.863115793444887,25.056730947248425,30.98381318663363,27.563498805813836,27.072894316674304,24.05338694907114,27.99804095877548,28.802144651725726
206.60000000000002,20.7075164424427,28.29340601454935,22.87171200744609,25.06920382019583,30.989464256984462,27.576386287200442,27.075361732375693,24.068508800392742,28.008309216074124,28.810753614961556
206.8,20.71703044818353,28.30200485886162,22.879780360237095,25.082383109909593,30.996874506547545,27.588874462306535,27.07835983093819,24.08345363572279,28.017923410222046,28.819451057986594
207.0,20.726948965655286,28.311399089259055,22.88723996524864,25.095707947627343,31.005565038228035,27.601897078658336,27.08216934897566,24.099063488321256,28.02675442537066,28.829224356312846
207.20000000000002,20.737301730565264,28.320743376544524,22.894753284490086,25.10820637205402,31.01395296942748,27.615323284182626,27.08566068203895,24.114720285776727,28.03466026306774,28.83978965782542
207.4,20.7479727445144,28.33115028764986,22.901456076357693,25.121271966552854,31.022377316446335,27.629494134195777,27.08943106670715,24.130341647267656,28.04165968600047,28.850434913219598
207.60000000000002,20.758814042886673,28.34102298866393,22.907981371322684,25.135068977688746,31.03067158888017,27.64387195311607,27.09375907140539,24.145440323126174,28.048342662967425,28.860888942118997
207.8,20.769655811873907,28.350377186149366,22.914460982301698,25.14849406881655,31.03934712572077,27.657852112396835,27.097748591828275,24.160645644459308,28.054582318587737,28.870839236528298
208.0,20.779795718124685,28.359416373715952,22.921514388956183,25.161568144680437,31.047535162094356,27.671775212704446,27.10194933139187,24.175469660654848,28.059969370596452,28.880287547376135
208.20000000000002,20.790251934107,28.36692446205284,22.92984508141771,25.173582437943075,31.05532459657759,27.685286279265707,27.10610984476901,24.190028399589764,28.06563097019152,28.88995944211204
208.4,20.800614169052583,28.374481790096787,22.938340669856604,25.18588239980209,31.061860600022058,27.698546684586084,27.1101410284776,24.204018292411554,28.071568985323598,28.899347450032163
208.60000000000002,20.81098570247747,28.38222823361297,22.94645190157008,25.19766406895016,31.06890745824836,27.711787566391024,27.113993902207785,24.21772292939845,28.076708362918247,28.90870392646574
208.8,20.821545247356205,28.390011900519802,22.954785087029457,25.210248046377846,31.076047960118387,27.725445246838188,27.11772098964944,24.23135652041687,28.080937429921473,28.917542512202804
209.0,20.83241776954437,28.397028482367993,22.963491981221566,25.221628373808723,31.08288453977129,27.73889002705527,27.120793402114955,24.2443154021861,28.085595430293235,28.92644415838821
209.20000000000002,20.843415819672597,28.403300487982126,22.97191719493192,25.232960382487743,31.088554181317374,27.752947699547143,27.122924556748565,24.256800462083593,28.08962582816436,28.935590477336316
209.4,20.85460264444188,28.410014360304718,22.98049848052209,25.24451108278762,31.094218276838834,27.766256319858833,27.125051256237896,24.26912073591253,28.09328853398509,28.944918013715554
209.60000000000002,20.86577452827292,28.41747705477831,22.98965977659843,25.255742526017595,31.101666084069564,27.779398606239685,27.12745186514617,24.280791736263694,28.096125337346137,28.954461618490345
209.8,20.877081075317747,28.425878215869258,22.99893825257605,25.266440467159608,31.109557984403256,27.792625140032484,27.130618569272496,24.291793609916763,28.099010487122214,28.96370433897378
210.0,20.888264635139194,28.43386272240818,23.007817017299505,25.277090287981633,31.118472738762883,27.804925036180954,27.133552384660653,24.302296331792853,28.100972917120533,28.972611405446774
210.20000000000002,20.899319364416165,28.4414389544423,23.016414846268162,25.287450449297644,31.126750225277455,27.8166355045499,27.136874575006118,24.31216910697717,28.10333407759416,28.98185474609419
210.4,20.910635183534204,28.44983878205538,23.02489951400833,25.298378955388973,31.136389464943402,27.82916744099041,27.141211009984954,24.322971498568958,28.107201627495776,28.991396033252105
210.60000000000002,20.92268374113993,28.458647120467287,23.034143320382285,25.31051546184541,31.149757480282524,27.843157475081725,27.149712081538357,24.334484327703173,28.113990460335867,29.004157245611914
210.8,20.936078779268765,28.46963716037909,23.04542412903435,25.3243389770288,31.165620961268036,27.858937114096527,27.1606091058319,24.348177043729557,28.123295638933893,29.01830136483907
211.0,20.950414940977538,28.48236485313343,23.058318947563645,25.339012318287544,31.181870848611,27.87588243662066,27.172492979968563,24.363164364642422,28.13409411131908,29.032721510414387
211.20000000000002,20.965188115264006,28.49701618650379,23.07161361821213,25.354944305688274,31.19953328027386,27.893206542027425,27.185570237504983,24.378649437470322,28.14574638529328,29.047313138549573
211.4,20.979603950768144,28.5120616001495,23.084492499346194,25.3707854661197,31.217699205173698,27.909711476190594,27.19829935493094,24.394148411850914,28.158356252286993,29.061614591832914
211.60000000000002,20.99375058806298,28.527542679037865,23.09741244550196,25.38634697722555,31.23522082999942,27.925440092122418,27.21050066470704,24.40946167994363,28.170303153907014,29.0746094126878
211.8,21.007188985437942,28.542262932748407,23.11045094458499,25.400757983336206,31.25135967810146,27.94065560376417,27.22226601267574,24.423933374840743,28.180696980065477,29.086303874632407
212.0,21.01974580533329,28.55582539074497,23.122887303242575,25.414411776744746,31.265996136624825,27.954756983817287,27.23395677078564,24.437564896340007,28.190120976001523,29.096619304079606
212.20000000000002,21.031431978406722,28.56778705866748,23.13465229813232,25.42626529292236,31.278379066963957,27.967529569179536,27.244778417691702,24.45013136416963,28.197646408148103,29.106224058076332
212.4,21.04195963898922,28.577694344175004,23.14518181464906,25.436857356521276,31.28765317756338,27.97898275125175,27.253936357261257,24.46138298514014,28.203531737298693,29.113649167375506
212.60000000000002,21.0512018229638,28.585207639669825,23.15406135676343,25.444385818020198,31.293512097935242,27.989347686696355,27.260435349585293,24.47128878588804,28.20731309247008,29.119087982637872
212.8,21.059196356248545,28.590596750781874,23.1609711058607,25.44991087885444,31.29700851724243,27.999249519324085,27.26365537184833,24.4791153910081,28.208631427251657,29.12220620644181
213.0,21.066199631401243,28.594071651321844,23.165992954254964,25.45347336459216,31.298486794418757,28.008449499074192,27.264462021540517,24.48539494785257,28.20857635571322,29.123799494824766
213.20000000000002,21.07260610941267,28.59665544038052,23.168758342111378,25.456764298772317,31.298511649326112,28.017795904495706,27.262664761142588,24.490927645924675,28.207330104346006,29.124645522230928
213.4,21.078816054937594,28.59904098723475,23.170360917653007,25.459948392498784,31.29752533412492,28.027730127338895,27.25951345763756,24.49648069302677,28.205020661260136,29.125386918257124
213.60000000000002,21.085247765935065,28.601068240435367,23.171754459675515,25.46280295596016,31.29637634856483,28.03825104344018,27.25606175411941,24.501280458053948,28.20299710527232,29.126941217875395
213.8,21.092291399091124,28.60379796757852,23.172904221754948,25.46619552012747,31.29667034946161,28.049609069965864,27.25303741263496,24.507159714439844,28.201119069260482,29.12897693527366
214.0,21.10259289907018,28.607291372596915,23.173992890787915,25.471260454743362,31.29783382157413,28.0616548724035,27.250587902199545,24.513978986508217,28.200765438696088,29.132142909552865
214.20000000000002,21.11341398653296,28.614698005213683,23.175476043238525,25.480250350600844,31.30552368164554,28.074361611537928,27.248710205240137,24.52517227312888,28.20628779250573,29.140083102412216
214.4,21.124262385296117,28.623188981284557,23.177613094731196,25.490103944315642,31.313607268749557,28.087513820124585,27.24811010417937,24.537049578015747,28.212613303334706,29.14841614515473
214.60000000000002,21.134945162825666,28.632522156237936,23.18465201443083,25.499253899048746,31.321437075539738,28.100032327831993,27.248205539337185,24.548922233560308,28.219500584981056,29.156849369181543
214.8,21.144847594633625,28.642395922989483,23.192269308687997,25.507206678236678,31.329187591218425,28.11193947377965,27.254337354187196,24.560578550766337,28.227271086993895,29.16542487943361
215.0,21.15401642830006,28.651877646839054,23.19965393567784,25.514469068463594,31.335848032289963,28.12363707226808,27.26093612070252,24.571969965608073,28.23367950377187,29.17281318927148
215.20000000000002,21.162518611965968,28.65963556667834,23.207703900290564,25.521586024263044,31.340929261435562,28.13442779887845,27.268579568099923,24.58235868721398,28.23987962749462,29.17863592211137
215.4,21.17028841904517,28.666484629304986,23.215423985050432,25.527170454891838,31.34444420765499,28.14363449568641,27.27560543135871,24.59071834101791,28.245027721563584,29.183573023195517
215.60000000000002,21.177142879990992,28.672583557898005,23.223095820821488,25.53187842233676,31.345568010561216,28.152828195501883,27.282083111882113,24.598187619887103,28.249556141190563,29.187668819539507
215.8,21.18337646328078,28.67708579867433,23.22977735848777,25.53530572804984,31.34465799779249,28.161624085711054,27.287905959231168,24.604081043807,28.253200231025335,29.19048848178594
216.0,21.18948152336976,28.681527622731245,23.235962954816546,25.53883818305978,31.342195693470924,28.170486153842223,27.29170237406059,24.608971470799112,28.25623827074642,29.19246688775506
216.20000000000002,21.19555687494997,28.68622968938679,23.241246586284884,25.542119332130973,31.338476831436914,28.17982096859466,27.29469574215359,24.613055875719905,28.259096613299388,29.19358738459974
216.4,21.20184514058047,28.69134933468049,23.24625163559931,25.545533773197185,31.33425162466315,28.189453827396186,27.296949484404106,24.616347052046756,28.26188895986628,29.19480220489529
216.60000000000002,21.20874437095172,28.697252702061387,23.25106988444093,25.548678989176185,31.330300059479633,28.199184177208053,27.298247458790378,24.61933781580549,28.265688028500136,29.196161475810015
216.8,21.21597473183271,28.704140020493448,23.255970496836937,25.552414627179992,31.326129071344212,28.209068210871266,27.29842916277015,24.62234137271418,28.269437857639883,29.19828648246454
217.0,21.22366475222389,28.71262196972113,23.261073254673438,25.557037100451915,31.32266530517388,28.219447673145297,27.29861361411378,24.625633295261885,28.275100014833612,29.200229488453875
217.20000000000002,21.23160074735765,28.721751791550382,23.26673153787226,25.56300773517111,31.32021193327044,28.229889410551475,27.298972308119428,24.629493301233637,28.281816524834444,29.202426374804002
217.4,21.23951296658349,28.731292738959308,23.273364970537738,25.56901954752441,31.318428467128953,28.239996356173172,27.30013874031837,24.633741138883522,28.289337483631964,29.205129065500962
217.60000000000002,21.247210603760465,28.740955887531097,23.280388572461515,25.575710224418827,31.318182131671975,28.250542475293354,27.301804334938023,24.637720537830308,28.297356575941013,29.20828725698762
217.8,21.254924904597388,28.750424766223002,23.287993472239915,25.582138358416024,31.31956762265803,28.260624746444517,27.303619483667717,24.641837234865154,28.30598386364355,29.21164275946857
218.0,21.262276446275575,28.758496174310213,23.295830593206176,25.58800281621707,31.32096266634852,28.270598183493465,27.306389095726857,24.64642573447919,28.314153812284903,29.214663223471117
218.20000000000002,21.268845503791983,28.76640404519319,23.303691671578928,25.592774565715523,31.32319769067869,28.28095547688963,27.31034165366961,24.65128611802703,28.32242106048098,29.21657558406942
218.4,21.274759706059005,28.77349809855626,23.311734090626786,25.595919544858116,31.325941196738835,28.29112370024263,27.31439451062069,24.655907772064058,28.330128739186136,29.217626543325327
218.60000000000002,21.27957299963855,28.779974494733946,23.319725102036934,25.597629024120593,31.328753239913546,28.301097667084182,27.31850083497884,24.66041279045783,28.33716055264856,29.218327043758535
218.8,21.283622357110243,28.785848167913525,23.327115367127547,25.59946546318864,31.330281503824207,28.31111679179286,27.32212079429481,24.664896138615024,28.34341362666638,29.218155678476723
219.0,21.287974133190005,28.79124014652348,23.334126315616984,25.600134165782773,31.33160947391881,28.321449772366933,27.325781906141906,24.66959355594179,28.349974944792187,29.217123006267535
219.20000000000002,21.292084816521818,28.79647490431705,23.340171455710937,25.600177925273425,31.33194105193107,28.33276824892593,27.327938719699283,24.67473562987865,28.355447368664827,29.21611719220641
219.4,21.296391625319732,28.80195709381148,23.34530472998331,25.600557504760356,31.330954060233445,28.34475702482683,27.329796956026346,24.67967888625424,28.360431744333578,29.215370324197732
219.60000000000002,21.30085867652471,28.807920918727174,23.34985077325842,25.599953875987403,31.328079282713283,28.35685576527425,27.33017938180597,24.684601680501032,28.365499853206156,29.214687028915662
219.8,21.305775508034024,28.81489988211618,23.35406778235515,25.59977475070619,31.32447247581265,28.368768316905516,27.32985162919707,24.69033429467882,28.370482902667398,29.214325341137133
220.0,21.31135173588957,28.82259137226644,23.35801252938047,25.59972226944182,31.31991838936153,28.38078543412338,27.328365718547765,24.697013271666332,28.37611041551837,29.214593836993828
220.20000000000002,21.317141387121442,28.8307156057528,23.361614577371675,25.600340550046628,31.313897061797306,28.393106569949605,27.325679864738937,24.70468141798911,28.381895416039992,29.215622813629043
220.4,21.3234116611782,28.839928966320567,23.36557691078936,25.60190316801588,31.30830818394491,28.40482132580179,27.32209454680347,24.711980592722814,28.387800075392136,29.216894144910786
220.60000000000002,21.33051660747539,28.848725301527647,23.370401296742013,25.603861317564704,31.301790943510735,28.416727563841217,27.318241085975576,24.71957204840648,28.393661668367212,29.218683267617536
220.8,21.33764470182242,28.85677557638125,23.37562021340881,25.606052421559582,31.29561183346011,28.42842712079536,27.313913317972712,24.726115830150153,28.39874292314304,29.220818257742202
221.0,21.344655895555007,28.864527031429624,23.381399842274902,25.608778905016226,31.289099883740526,28.439932855532366,27.309678445867476,24.73296786399097,28.40331955063894,29.223211196547783
221.20000000000002,21.351433019559135,28.871586933625597,23.387378877006366,25.611803375513603,31.283013660201103,28.451280080204786,27.3054321145648,24.739663805876976,28.407126842015533,29.225614572668935
221.4,21.357980030463025,28.87717487285165,23.393769007848984,25.61432512837889,31.27786616341266,28.462437375332254,27.301665194424935,24.746016683593673,28.41110637385924,29.2275527536296
221.60000000000002,21.364252762907615,28.881938613312546,23.40010807101911,25.6165762032024,31.273187787411853,28.473541289404157,27.298427822756892,24.751828954873858,28.415282375081244,29.228703811604763
221.8,21.370394869023723,28.885909469249423,23.406526813161435,25.617809864404038,31.26943113507151,28.485210753254538,27.296340708847953,24.75761892114086,28.419561256787397,29.229207078710267
222.0,21.37621624377121,28.890006576889714,23.413251050911086,25.61921382620403,31.266279482883373,28.496493328260904,27.294214557683542,24.762799324367332,28.42304895471499,29.228433997602743
222.20000000000002,21.381660056284975,28.893646797409325,23.419788768635325,25.61955161161867,31.264483304015275,28.507640033602904,27.292813265566664,24.76797143617369,28.426167052515915,29.227143700576885
222.4,21.38717879185778,28.897749293315854,23.425651640100753,25.61952406602335,31.263543817608344,28.51869386797138,27.29202609755291,24.77311200112184,28.42833553033022,29.225035923325954
222.60000000000002,21.39279913417195,28.902254050559353,23.43123931751789,25.619939542057402,31.263210387664884,28.52913281081602,27.291175228909932,24.778331292036654,28.429810620149784,29.2227448792487
222.8,21.398187276485046,28.90699156364979,23.435800667242574,25.62050408033457,31.262740151206465,28.539106303113655,27.289932488591564,24.78385538194198,28.431212980733484,29.220777092499556
223.0,21.404375364231583,28.912136300679663,23.440286947150124,25.621006652375268,31.262104589328,28.548204607743592,27.288605402348235,24.789719688323544,28.432056947460083,29.219261024892855
223.20000000000002,21.411240703891416,28.91796759214249,23.444538900586995,25.621327155913754,31.26149364842087,28.557229727028055,27.287374091809777,24.795590734176066,28.432924664359795,29.218767694156863
223.4,21.418510537788702,28.92310217269082,23.448282303276336,25.6216236258031,31.26169268815535,28.566245014054253,27.285817065997588,24.802154008152034,28.43406696523464,29.21840179853099
223.60000000000002,21.426262604960776,28.928514517145896,23.451877552956837,25.622664578068736,31.262409549543936,28.574615855758466,27.28402810715521,24.809371368502873,28.43511252082267,29.218705582275522
223.8,21.43454954338265,28.933657190649313,23.455262978952433,25.624214512259442,31.262967529584703,28.583498782710198,27.280857730100433,24.81683226659842,28.435523156197494,29.22049945966124
224.0,21.443026495459794,28.93930937395042,23.45946465511521,25.626178124839544,31.263857432150918,28.59202349345851,27.27785468416871,24.82469400497343,28.435747924566133,29.22340639530274
224.20000000000002,21.451643078311584,28.94432130884214,23.46411970008816,25.629615171274484,31.264704707712724,28.59983754043927,27.274781821799774,24.832846402425016,28.435935572031152,29.227306258046738
224.4,21.460265739395368,28.949365918814678,23.468800568696615,25.63289754505854,31.265646773703068,28.60697731186165,27.271106265721688,24.840378981262276,28.435831542395704,29.230481638235243
224.60000000000002,21.46849676738952,28.952832876028868,23.47358325945372,25.636035818332907,31.266721305049828,28.614345630718198,27.266676513512422,24.847542997453463,28.435178493663095,29.233463647529494
224.8,21.47626743274166,28.956243124958995,23.478666766476216,25.63895347906536,31.267850401203003,28.620653040799322,27.262335691198977,24.8541453592901,28.43375259251194,29.23655892781298
225.0,21.483767210533415,28.959477579827823,23.483717314408537,25.64178709050234,31.26945294973523,28.626879585020763,27.25834181452534,24.859970336965343,28.432453692728757,29.23945374388021
225.20000000000002,21.490952314446712,28.962437881856296,23.4888632092065,25.644476062902218,31.272606181049746,28.63306038553037,27.254444303600735,24.86548076159015,28.431555905103473,29.242656654611473
225.4,21.497967017588444,28.96532965502852,23.494025592824404,25.646694871264444,31.275980657938376,28.63947240124911,27.25061551323108,24.870310505531144,28.430412103109724,29.245415619635015
225.60000000000002,21.50481228209155,28.96822360972733,23.498492906521456,25.648873745470357,31.280084073886265,28.645513152461188,27.247300325713454,24.87470082912483,28.429168201431523,29.247374070425906
225.8,21.511610572063322,28.971521681855194,23.502845484692546,25.65096152099786,31.284793667463834,28.651867359465644,27.244414971364442,24.879029878185328,28.42790942273354,29.248883151449824
226.0,21.518196464461113,28.975027620506438,23.507372053493715,25.65266234106104,31.28987481929144,28.657908526741256,27.242243545394967,24.883468683230475,28.4265112869463,29.249244415054278
226.20000000000002,21.524736218366233,28.97797252428116,23.51165259259607,25.653095692326886,31.295399921915806,28.664280698441104,27.240908800130455,24.888130530471287,28.4253279887278,29.24976141671927
226.4,21.53149107507127,28.980985027935976,23.515828008608036,25.653790906145648,31.30083464110752,28.670337754442507,27.239750135924673,24.89380505772162,28.42446449852411,29.250616441233554
226.60000000000002,21.538604927652866,28.985067222476687,23.519664354551587,25.654043413893024,31.30623455013515,28.67662091865815,27.239132584017142,24.899617226581274,28.422641725510747,29.251659827037944
226.8,21.54596112078388,28.989100592236827,23.523260354711677,25.654025158535678,31.31191873554527,28.68288296044986,27.23827791080122,24.905854374034046,28.420065169984678,29.2521177255357
227.0,21.553354971203387,28.99309174402046,23.526963926061562,25.65399681690502,31.31781549169494,28.689309238432063,27.237996596558364,24.911982578723443,28.417790283931062,29.252220413586816
227.20000000000002,21.560665117080408,28.996758943945686,23.530502194846342,25.653454515021163,31.323455302093752,28.69671236416674,27.23699394864784,24.918510335808136,28.41533220241011,29.252390499313453
227.4,21.56790027055119,29.000261451400913,23.533664903169296,25.65255737583967,31.32881853848841,28.704112128377353,27.235480514892302,24.925552943212455,28.41259259784838,29.252966302367348
227.60000000000002,21.574961859171083,29.003588114362163,23.537255583443244,25.65166692211506,31.333587271425753,28.711467369655008,27.23342682851612,24.932982847108637,28.409416511375607,29.25425496355257
227.8,21.58206038965495,29.006545518455557,23.540780800000668,25.650535759141945,31.338449236640592,28.71876437353702,27.231330725763346,24.94005798131692,28.406440416329215,29.255629633565647
228.0,21.588959280549624,29.009680181361112,23.544472540572393,25.649421166562345,31.343051782325553,28.726051019599893,27.228387883263604,24.946787490839302,28.403164491706537,29.25731222546964
228.20000000000002,21.59537589114418,29.01227162837755,23.548242807697193,25.647735676322206,31.34731616030519,28.732252135619543,27.225363255450333,24.953626425784456,28.40042174401349,29.258594621277496
228.4,21.60135206086694,29.014737253829338,23.552123252652088,25.645736968898298,31.351635366376318,28.738588413388293,27.222004581828372,24.96011294646902,28.39789612531364,29.25984838660237
228.60000000000002,21.60755284273258,29.01753559293251,23.556117322328312,25.643014335867463,31.355938443045613,28.744191607622493,27.2185812470717,24.966612502949886,28.394848449132986,29.260858607235182
228.8,21.6134595271882,29.02031188126847,23.560158650238233,25.63991439498389,31.359703224847426,28.74876971148276,27.215568100771648,24.972577522416334,28.392541087598733,29.262283183263136
229.0,21.619543712765573,29.022648057337175,23.563973259356256,25.63671193952896,31.363865485467006,28.753271355260765,27.212251879738815,24.978851165603505,28.39033564224679,29.263020636850044
229.20000000000002,21.625628643733112,29.0252896244126,23.567889238100552,25.633177257687617,31.367332627830702,28.757131154416445,27.208940686570187,24.98542232211704,28.388645750838343,29.263993759381776
229.4,21.631759362249667,29.027521037934818,23.571570605420984,25.628770457785215,31.369997049040215,28.761026236124977,27.20664315027788,24.99222020790759,28.386481361508512,29.264789974512258
229.60000000000002,21.637946655586216,29.029487601099085,23.575250676525297,25.624099473032675,31.372864867600686,28.765378001231216,27.205011791421587,24.998948053309153,28.384083261964204,29.266131885949505
229.8,21.64447126368065,29.030954470317162,23.578671329276727,25.61935780678134,31.375387917179772,28.769741334312826,27.203360540882034,25.005829109824607,28.382604043430334,29.26770271926842
230.0,21.651001302592707,29.03229534245358,23.582070596234445,25.615053885562528,31.37691898240192,28.773688639131674,27.20264444418036,25.012949843439124,28.38149596450671,29.269814638363815
