,yield,final_penicillin_conc,max_penicillin_conc,final_volume,mean_pH,mean_temperature
mean,1509.1736863904089,0.0,13.765026050555644,0.0,6.408328095223444,298.2962993591706
std,114.75586148879273,0.0,0.9640545357904261,0.0,0.0226766492815109,0.12096007539018717
